CASE_ID,ACCIDENT_YEAR,PROC_DATE,JURIS,COLLISION_DATE,COLLISION_TIME,OFFICER_ID,REPORTING_DISTRICT,DAY_OF_WEEK,CHP_SHIFT,POPULATION,CNTY_CITY_LOC,SPECIAL_COND,BEAT_TYPE,CHP_BEAT_TYPE,CITY_DIVISION_LAPD,CHP_BEAT_CLASS,BEAT_NUMBER,PRIMARY_RD,SECONDARY_RD,DISTANCE,DIRECTION,INTERSECTION,WEATHER_1,WEATHER_2,STATE_HWY_IND,CALTRANS_COUNTY,CALTRANS_DISTRICT,STATE_ROUTE,ROUTE_SUFFIX,POSTMILE_PREFIX,POSTMILE,LOCATION_TYPE,RAMP_INTERSECTION,SIDE_OF_HWY,TOW_AWAY,COLLISION_SEVERITY,NUMBER_KILLED,NUMBER_INJURED,PARTY_COUNT,PRIMARY_COLL_FACTOR,PCF_CODE_OF_VIOL,PCF_VIOL_CATEGORY,PCF_VIOLATION,PCF_VIOL_SUBSECTION,HIT_AND_RUN,TYPE_OF_COLLISION,MVIW,PED_ACTION,ROAD_SURFACE,ROAD_COND_1,ROAD_COND_2,LIGHTING,CONTROL_DEVICE,CHP_ROAD_TYPE,PEDESTRIAN_ACCIDENT,BICYCLE_ACCIDENT,MOTORCYCLE_ACCIDENT,TRUCK_ACCIDENT,NOT_PRIVATE_PROPERTY,ALCOHOL_INVOLVED,STWD_VEHTYPE_AT_FAULT,CHP_VEHTYPE_AT_FAULT,COUNT_SEVERE_INJ,COUNT_VISIBLE_INJ,COUNT_COMPLAINT_PAIN,COUNT_PED_KILLED,COUNT_PED_INJURED,COUNT_BICYCLIST_KILLED,COUNT_BICYCLIST_INJURED,COUNT_MC_KILLED,COUNT_MC_INJURED,PRIMARY_RAMP,SECONDARY_RAMP,LATITUDE,LONGITUDE,COUNTY,CITY,POINT_X,POINT_Y
91040868,2019,2019-07-29,9150,2019-07-13,1434,022220,,6,2,9,2300,0,1,3,,1,065,SR-20,20MEN3.00,0.00,,N,A,-,Y,,,20,,,,,,,Y,2,0,1,1,A,-,01,23152,A,N,F,I,A,A,H,-,A,D,0,,,,,Y,Y,A,07,1,0,0,0,0,0,0,0,0,"- ","- ",39.415390014648438,-123.77236175537109,MENDOCINO,UNINCORPORATED,-123.77236175537109,39.415401458740234
91666395,2021,2021-12-30,9126,2021-12-15,0525,022425,,3,3,9,2300,0,1,2,,1,077,US-101,"RYAN CREEK ROAD",5966.00,N,N,B,C,Y,,,101,,,,,,,Y,2,0,1,1,A,-,01,23152,A,N,E,8,A,B,H,-,D,D,0,,,,,Y,Y,D,22,1,0,0,0,0,0,0,0,0,"- ","- ",39.488571166992188,-123.36196136474609,MENDOCINO,UNINCORPORATED,-123.36201477050781,39.488529205322266
6871284,2015,2016-11-04,9150,2015-04-01,1330,14435,,3,1,9,2300,0,1,3,,1,051,"RT 1","VISTA POINT LT",528.00,N,N,A,-,Y,MEN,1,1,-,-,10.660,H,-,N,Y,2,0,4,3,A,-,08,22107,,N,B,C,A,A,H,-,A,D,0,,,,,Y,,D,22,1,3,0,0,0,0,0,0,0,"- ","- ",38.859400000000001,-123.65273999999999,MENDOCINO,UNINCORPORATED,-123.65199265,38.857689010000001
8777179,2018,2019-03-04,2303,2018-10-11,1205,4C7,2303,4,5,3,2303,0,0,0,,0,001,"DORA AV","GROVE AV",0.00,,Y,A,-,N,,,,,,,,,,Y,2,0,1,1,C,-,18,,,N,E,I,A,A,H,-,A,A,0,,,,,Y,,-,"- ",1,0,0,0,0,0,0,0,0,"- ","- ",,,MENDOCINO,UKIAH,-123.21369171142578,39.153800964355469
90394700,2017,2017-02-16,9150,2017-01-26,1550,021208,,4,2,9,2300,0,1,3,,1,062,"SR 1","LANSING ST",300.00,N,N,A,-,Y,,,1,,,,,,,Y,2,0,1,1,A,-,01,23152,A,N,E,I,A,A,H,-,A,D,0,,,,,Y,Y,A,01,1,0,0,0,0,0,0,0,0,"- ","- ",39.319850000000002,-123.80011,MENDOCINO,UNINCORPORATED,-123.80019347,39.319806069999998
90063896,2015,2015-12-02,9150,2015-11-16,2500,021014,,1,4,9,2300,0,2,4,,2,025,"TOMKI RD","WEST RD",23232.00,N,N,A,-,N,,,,,,,,,,Y,2,0,1,1,D,-,00,,,N,F,A,A,A,H,-,A,D,0,,Y,,,Y,,-,"- ",1,0,0,0,0,0,1,0,0,"- ","- ",39.371839999999999,-123.23446,MENDOCINO,UNINCORPORATED,-123.23454133,39.371570939999998
91623231,2021,2021-11-12,9150,2021-10-31,1900,021527,,7,2,9,2300,0,1,2,,1,010,US-101,"COMMISKY STATION RD",6336.00,S,N,B,-,Y,,,101,,,,,,,Y,2,0,1,1,A,-,08,22107,,N,E,8,A,B,H,-,D,D,0,,,,,Y,,A,01,1,0,0,0,0,0,0,0,0,"- ","- ",38.873828887939453,-123.04476928710938,MENDOCINO,UNINCORPORATED,-123.04479217529297,38.873821258544922
92281911,2023,2024-01-08,9126,2023-12-25,"438 ",022731,,1,3,9,2300,0,1,2,,2,011,US-101,"MPM 101 MEN 92.84",115.00,N,N,A,-,Y,MEN,,101," "," ",92.842,H,,R,Y,2,0,1,1,A,-,08,22107,,N,E,I,A,A,H,-,C,D,0,,,,,Y,,D,22,1,0,0,0,0,0,0,0,0,"- ","- ",39.874851226806641,-123.71041870117188,MENDOCINO,UNINCORPORATED,-123.71044921875,39.874839782714844
90872161,2018,2018-11-30,9126,2018-11-16,1515,022004,,5,2,9,2300,0,1,2,,2,011,"US-101 S/B",SR-1,2112.00,S,N,A,-,Y,,,101,,,,,,S,Y,2,0,2,1,A,-,08,22107,,N,F,A,A,A,H,-,A,D,0,,,,,Y,,A,01,1,1,0,0,0,0,0,0,0,"- ","- ",39.863079071044922,-123.71365356445312,MENDOCINO,UNINCORPORATED,-123.71353912353516,39.863014221191406
90796172,2018,2018-08-22,9150,2018-08-12,1101,016075,,7,1,9,2300,0,1,3,,1,037,"SR-20 W/B","PEPPERWOOD WAY",27456.00,E,N,A,-,Y,,,20,,,,,,W,Y,2,0,1,1,A,-,13,22515,A,N,E,I,A,A,H,-,A,D,0,,,,,Y,,A,01,1,0,0,0,0,0,0,0,0,"- ","- ",39.392620086669922,-123.44744110107422,MENDOCINO,UNINCORPORATED,-123.4471435546875,39.392650604248047
90974905,2019,2019-04-25,9150,2019-01-31,1650,018977,,4,2,9,2300,0,1,3,,1,024,SR-20,"MARINA DR",1584.00,W,N,A,-,Y,,,20,,,,,,,Y,1,1,1,3,A,-,01,23152,A,N,A,C,A,A,H,-,A,D,0,,,Y,,Y,Y,C,02,0,0,1,0,0,0,0,1,0,"- ","- ",39.237781524658203,-123.17373657226562,MENDOCINO,UNINCORPORATED,-123.17373657226562,39.237819671630859
91310558,2020,2020-12-08,9126,2020-08-08,0145,020886,,6,3,9,2300,0,3,5,,2,555,"HILL ROAD","DOBIE LANE",5280.00,E,N,A,-,N,,,,,,,,,,Y,1,1,7,1,A,-,01,23152,A,N,E,I,A,A,H,-,D,D,0,,,,,Y,Y,A,07,6,1,0,0,0,0,0,0,0,"- ","- ",39.751949310302734,-123.19287872314453,MENDOCINO,UNINCORPORATED,-123.19271850585938,39.751880645751953
91585944,2021,2021-10-01,9126,2021-09-04,1545,022425,,6,2,9,2300,0,1,2,,1,077,US-101,"REYNOLDS HIGHWAY",1056.00,S,N,A,-,Y,,,101,,,,,,,Y,2,0,1,2,A,-,04,21703,,N,C,C,A,A,H,-,A,D,0,,,Y,,Y,,I,12,1,0,0,0,0,0,0,0,1,"- ","- ",39.460819244384766,-123.34986114501953,MENDOCINO,UNINCORPORATED,-123.34979248046875,39.460838317871094
92093774,2022,2023-06-14,9126,2022-11-11,1720,022815,,5,2,9,2300,0,3,5,,2,007,"SHERWOOD ROAD","BIRCH TERRACE",6336.00,S,N,B,-,N,,,,,,,,,,Y,1,1,0,1,A,-,01,23152,A,N,F,0,A,A,H,-,B,D,0,,,,,Y,Y,A,07,0,0,0,0,0,0,0,0,0,"- ","- ",39.429939270019531,-123.37091064453125,MENDOCINO,UNINCORPORATED,-123.35934448242188,39.420639038085938
92233947,2023,2023-11-13,9150,2023-11-09,2037,021816,,4,2,9,2300,0,1,3,,1,024,SR-20,"POTTER VALLEY ROAD",528.00,W,N,B,-,Y,MEN,,20," ",R,37.913,H,,R,Y,2,0,3,1,A,-,08,22107,,N,F,A,A,A,H,-,D,D,0,,,,,Y,,A,07,1,0,2,0,0,0,0,0,0,"- ","- ",39.246070861816406,-123.12856292724609,MENDOCINO,UNINCORPORATED,-123.1285400390625,39.24591064453125
94658050,2025,2025-04-22,9150,2025-03-28,1650,024347,,5,2,9,2300,0,1,3,,1,015,"SR-253 WESTBOUND","PAGE RD",13992.00,W,N,B,-,N,,,,,,,,,,Y,2,0,1,1,A,-,03,22350,,N,E,J,A,B,H,-,A,D,0,,,,,Y,,A,07,1,0,0,0,0,0,0,0,0,"- ","- ",39.024669647216797,-123.31111907958984,MENDOCINO,UNINCORPORATED,-123.31002044677734,39.024620056152344
90963238,2019,2019-04-08,9150,2019-03-24,1625,022165,,7,2,9,2300,0,3,5,,2,002,"TOMKI RD","FISHER LAKE DR",30.00,S,N,A,-,N,,,,,,,,,,N,2,0,1,1,A,-,01,23152,A,N,E,I,A,A,H,-,A,D,0,,,,,Y,Y,A,01,1,0,0,0,0,0,0,0,0,"- ","- ",39.327400207519531,-123.22463226318359,MENDOCINO,UNINCORPORATED,-123.22470855712891,39.327457427978516
91847780,2022,2022-10-13,9150,2022-03-20,1310,022150,,7,1,9,2300,0,1,3,,1,064,SR-1,"OCEAN MEADOWS CIRCLE",528.00,N,N,A,-,Y,MEN,,1,,,70.453,H,,R,Y,1,1,0,1,A,-,03,22350,,N,E,I,A,A,H,-,A,D,0,,,Y,,Y,,C,02,0,0,0,0,0,0,0,1,0,"- ","- ",39.557060241699219,-123.76325988769531,MENDOCINO,UNINCORPORATED,-123.76332092285156,39.557056427001953
6567926,2014,2014-08-05,2303,2014-06-30,2346,473,2303,1,5,3,2303,0,0,0,,0,001,"NORTH STATE ST","SCOTT ST",0.00,,Y,A,-,N,,,,,,,,,,Y,2,0,1,1,A,-,01,23152,A,N,E,I,A,A,H,-,C,A,0,,,,,Y,Y,-,,1,0,0,0,0,0,0,0,0,"- ","- ",,,MENDOCINO,UKIAH,-123.20818989999999,39.15361
6854189,2014,2015-04-11,2303,2014-09-05,0218,78,2303,5,5,3,2303,0,0,0,,0,002,"SOUTH STATE ST","WABASH AV",113.00,N,N,A,-,N,,,,,,,,,,Y,1,1,0,2,A,-,01,23152,B,N,C,E,A,A,H,-,C,D,0,,,,Y,Y,Y,A,01,0,0,0,0,0,0,0,0,0,"- ","- ",,,MENDOCINO,UKIAH,-123.20477194999999,39.132418639999997
90773089,2018,2018-07-19,9126,2018-07-10,1435,021102,,2,2,9,2300,0,1,2,,2,011,"US-101 N/B","BELL SPRINGS ROAD",7920.00,N,N,A,-,Y,,,101,,,,,,N,Y,2,0,1,2,A,-,03,22350,,N,F,A,A,A,H,-,A,D,0,,,,Y,Y,,G,25,1,0,0,0,0,0,0,0,0,"- ","- ",39.826679229736328,-123.59557342529297,MENDOCINO,UNINCORPORATED,-123.59555816650391,39.826698303222656
91081585,2019,2019-09-24,9126,2019-09-09,1540,021838,,1,2,9,2300,0,1,2,,1,077,US-101,"HARWOOD ROAD",500.00,S,N,A,-,Y,,,101,,,,,,,Y,2,0,1,2,A,-,05,21650,,N,A,C,A,A,H,-,A,D,0,,,,Y,Y,,A,07,1,0,0,0,0,0,0,0,0,"- ","- ",39.677959442138672,-123.47593688964844,MENDOCINO,UNINCORPORATED,-123.47587585449219,39.677967071533203
6833671,2015,2015-03-13,9126,2015-02-10,1430,020886,,2,2,9,2300,0,3,5,,2,555,"HEARST RD","TOMKI RD",24816.00,E,N,A,-,N,,,,,,,,,,N,2,0,1,2,A,-,05,21650,,N,A,C,A,A,H,-,A,D,0,,,Y,,Y,,C,02,1,0,0,0,0,0,0,0,1,"- ","- ",,,MENDOCINO,UNINCORPORATED,-123.21518004000001,39.489261249999998
6874257,2015,2016-09-27,9126,2015-03-26,1150,20982,,4,1,9,2300,0,1,2,,2,011,"RT 101","BELL SPRINGS RD",134.00,N,N,A,-,Y,MEN,1,101,-,-,81.190,H,-,S,Y,2,0,1,1,A,-,03,22350,,N,H,H,A,A,H,-,A,D,0,,,Y,,Y,,C,02,1,0,0,0,0,0,0,0,1,"- ","- ",39.827350000000003,-123.57222,MENDOCINO,UNINCORPORATED,-123.57253931,39.827431769999997
8779995,2018,2020-05-22,2301,2018-12-30,1535,0050,2301,7,5,2,2301,0,0,0,,0,,"OAK ST","RT 1",0.00,,Y,A,G,Y,MEN,1,1,-,-,61.299,I,5,S,N,1,1,0,2,A,-,03,22350,,N,G,B,B,A,H,-,A,A,0,Y,,,,Y,Y,A,07,0,0,0,1,0,0,0,0,0,"- ","- ",,,MENDOCINO,"FORT BRAGG",-123.80602264404297,39.441722869873047
90035473,2015,2015-10-21,9126,2015-10-08,1000,019194,,4,1,9,2300,0,1,3,,2,010,"SR-1 W/B","USAL ROAD",14784.00,E,N,B,-,Y,,,,,,,,,,Y,2,0,1,1,A,-,03,22350,,N,F,A,A,A,B,-,A,D,0,,,Y,,Y,,C,02,1,0,0,0,0,0,0,0,1,"- ","- ",39.790329999999997,-123.81404999999999,MENDOCINO,UNINCORPORATED,-123.8099041,39.797789999999999
90483029,2017,2017-06-21,9150,2017-06-19,0850,015775,,1,1,9,2300,0,1,3,,2,042,SR-128,"NASH MILL RD.",2798.00,E,N,A,-,Y,,,128,,,,,,,Y,2,0,1,2,A,-,03,22350,,N,C,C,A,A,H,-,A,D,0,,,,Y,Y,,D,22,1,0,0,0,0,0,0,0,0,"- ","- ",39.1068,-123.49975000000001,MENDOCINO,UNINCORPORATED,-123.49975216,39.106796379999999
90980423,2019,2019-05-02,9126,2019-04-16,2030,021838,,2,2,9,2300,0,2,4,,2,005,"CRAWFORD ROAD","HENDERSON LANE",1000.00,N,N,A,-,N,,,,,,,,,,N,2,0,1,2,A,-,08,22107,,F,G,B,E,A,H,-,B,D,0,Y,,,,Y,Y,A,01,1,0,0,0,1,0,0,0,0,"- ","- ",39.805278778076172,-123.26228332519531,MENDOCINO,UNINCORPORATED,-123.26231384277344,39.805305480957031
91394542,2020,2021-01-26,9150,2020-09-21,0200,022060,,1,3,9,2300,0,1,3,,1,064,SR-1,"SIMPSON RD",528.00,N,N,A,-,Y,,,1,,,,,,,Y,1,1,0,1,A,-,08,22107,,N,E,I,A,A,H,-,D,D,0,,,,,Y,,A,07,0,0,0,0,0,0,0,0,0,"- ","- ",39.512760162353516,-123.76419067382812,MENDOCINO,UNINCORPORATED,-123.76418304443359,39.51275634765625
91857411,2022,2022-09-05,9126,2022-08-30,1854,022730,,2,2,9,2300,0,2,4,,2,005,"CRAWFORD ROAD","REFUSE ROAD",1056.00,S,N,A,-,N,,,,,,,,,,N,2,0,1,2,A,-,03,22350,,N,F,A,A,A,H,-,B,D,0,,,Y,,Y,,C,02,1,0,0,0,0,0,0,0,1,"- ","- ",39.812591552734375,-123.26242828369141,MENDOCINO,UNINCORPORATED,,
94465426,2024,2024-11-12,9126,2024-09-30,2145,023906,,1,2,9,2300,0,3,5,,2,007,"SHERWOOD ROAD","FORT BRAGG-SHERWOOD RD",2640.00,E,N,A,-,N,,,,,,,,,,N,2,0,1,1,A,-,01,23152,A,N,E,I,A,A,H,-,D,D,0,,,,,Y,Y,D,22,1,0,0,0,0,0,0,0,0,"- ","- ",39.532741546630859,-123.48026275634766,MENDOCINO,UNINCORPORATED,-123.45215606689453,39.520828247070312
90071498,2015,2015-12-11,9150,2015-11-27,0900,020927,,5,1,9,2300,0,1,3,,1,064,SR-1,"JUAN CREEK",411.00,N,N,A,-,Y,,,1,,,,,,,Y,2,0,1,1,A,-,08,22107,,N,E,I,A,A,H,-,A,D,0,,,,,Y,,A,01,1,0,0,0,0,0,0,0,0,"- ","- ",39.704419999999999,-123.8039,MENDOCINO,UNINCORPORATED,-123.80391025999999,39.704418609999998
90220418,2016,2016-08-16,9150,2016-04-14,1120,016680,,4,1,9,2300,0,1,2,,1,031,"US 101","SOUTH WILLITS OVERHEAD",66.00,N,N,B,C,Y,,,,,,,,,,Y,1,1,2,5,A,-,01,23152,E,N,B,C,A,B,H,-,A,D,0,,,,Y,Y,,A,07,0,2,0,0,0,0,0,0,0,"- ","- ",39.354599999999998,-123.32017,MENDOCINO,UNINCORPORATED,,
91999054,2023,2023-02-21,9126,2023-02-07,2222,023045,,2,3,9,2300,0,3,5,,2,555,"REYNOLDS HIGHWAY",US-101,2640.00,E,N,B,E,N,,,,,,,,,,Y,2,0,2,1,A,-,08,22107,,N,F,A,A,A,H,-,C,D,0,,,,,Y,,A,01,1,0,1,0,0,0,0,0,0,"- ","- ",39.460319519042969,-123.34047698974609,MENDOCINO,UNINCORPORATED,-123.34360504150391,39.460845947265625
94673552,2025,2025-05-02,9126,2025-04-20,1617,023855,,7,2,9,2300,0,1,3,,2,050,"MENDOCINO PASS ROAD","BAUER DREWRY RD",3168.00,E,N,A,-,N,,,,,,,,,,Y,2,0,1,1,A,-,01,23152,A,N,E,I,A,A,H,-,A,D,0,,,,,Y,Y,A,01,1,0,0,0,0,0,0,0,0,"- ","- ",39.830181121826172,-123.18128967285156,MENDOCINO,UNINCORPORATED,-123.18136596679688,39.830120086669922
6291110,2014,2014-08-19,9150,2014-04-24,1615,14435,,4,2,9,2300,0,1,3,,2,041,"RT 128","ROBINSON CREEK",11616.00,E,N,B,-,Y,MEN,1,128,-,-,32.490,H,-,W,Y,1,1,1,1,A,-,01,23152,E,N,E,I,A,A,H,-,A,D,0,,,,,Y,,A,01,0,1,0,0,0,0,0,0,0,"- ","- ",38.963830000000002,-123.34061,MENDOCINO,UNINCORPORATED,-123.34038318,38.962345190000001
90762621,2018,2018-07-04,9150,2018-07-01,1005,020744,,7,1,9,2300,0,1,3,,2,042,SR-128,"MOUNTAIN HOUSE RD",0.00,,N,A,-,Y,,,128,,,,,,,N,2,0,1,2,A,-,03,22350,,N,B,C,A,A,H,-,A,D,0,,,Y,,Y,,C,02,1,0,0,0,0,0,0,0,1,"- ","- ",38.884700775146484,-123.13246917724609,MENDOCINO,UNINCORPORATED,-123.13246917724609,38.884700775146484
90809882,2018,2018-09-11,9150,2018-09-02,0915,014435,,7,1,9,2300,0,1,3,,1,065,"SR-20 E/B","FORESTRY STATION RD",3168.00,W,N,A,-,Y,,,20,,,,,,E,N,2,0,1,1,A,-,08,22107,,N,E,I,A,A,H,-,A,D,0,,,Y,,Y,,C,02,1,0,0,0,0,0,0,0,1,"- ","- ",39.365028381347656,-123.67484283447266,MENDOCINO,UNINCORPORATED,-123.67485046386719,39.365200042724609
91388372,2020,2021-01-15,9126,2020-12-23,1540,022420,,3,2,9,2300,0,1,2,,1,077,US-101,"DAVIDSON LANE",0.00,,Y,B,-,Y,,,101,,,,,,,Y,2,0,1,2,A,-,01,23152,G,F,D,C,A,A,H,-,A,A,0,,,Y,,Y,Y,A,01,1,0,0,0,0,0,0,0,1,"- ","- ",39.651409149169922,-123.47634124755859,MENDOCINO,UNINCORPORATED,-123.47637176513672,39.651409149169922
94673634,2025,2025-05-02,9150,2025-04-18,1816,023122,,5,2,9,2300,0,2,4,,1,023,"CHABLIS DR","SAUTERNE PLACE",0.00,,Y,A,-,N,,,,,,,,,,N,2,0,1,2,A,-,12,22450,A,N,D,G,A,A,H,-,A,A,0,,Y,,,Y,,L,04,1,0,0,0,0,0,1,0,0,"- ","- ",39.169189453125,-123.21824645996094,MENDOCINO,UNINCORPORATED,-123.21804809570312,39.169170379638672
90090609,2016,2016-01-07,9150,2016-01-01,1054,020581,,5,1,9,2300,0,2,4,,2,026,"EASTSIDE POTTER VALLEY ROAD","RT 20",465.00,N,N,A,-,Y,,,,,,,,,,Y,2,0,1,3,A,-,01,23152,A,N,E,I,A,C,H,-,A,D,0,,,,,Y,Y,A,01,1,0,0,0,0,0,0,0,0,"- ","- ",39.246160000000003,-123.12441,MENDOCINO,UNINCORPORATED,,
90197808,2016,2016-06-09,9150,2016-05-28,1759,020722,,6,2,9,2300,0,1,3,,1,024,"SR-20 W/B","EASTSIDE POTTER VALLEY RD",5280.00,W,N,A,-,Y,,,20,,,,,,W,Y,2,0,2,3,A,-,04,21703,,N,C,C,A,A,H,-,A,D,0,,,,,Y,,D,22,1,0,1,0,0,0,0,0,0,"- ","- ",39.24024,-123.14360000000001,MENDOCINO,UNINCORPORATED,-123.14365194,39.240282389999997
90781188,2018,2018-07-31,9150,2018-07-26,0950,016030,,4,1,9,2300,0,1,2,,1,010,"U.S. 101","OLD RIVER RD",0.00,,Y,A,-,Y,,,,,,,,,,Y,2,0,2,2,A,-,09,21802,A,N,D,C,A,A,H,-,A,D,0,,,,,Y,,A,01,1,1,0,0,0,0,0,0,0,"- ","- ",38.952968597412109,-123.09864044189453,MENDOCINO,UNINCORPORATED,,
91923025,2022,2022-11-21,9150,2022-11-09,0820,023008,,3,1,9,2300,0,1,2,,1,031,US-101,"S/B 101 AT MILE POST MARKER 101 MEN 41.87",157.00,N,N,B,-,Y,MEN,,101,,,41.900,H,,R,Y,2,0,1,2,A,-,03,22350,,N,C,C,A,A,H,-,B,A,0,,,,Y,Y,,A,07,1,0,0,0,0,0,0,0,0,"- ","- ",39.352458953857422,-123.32160949707031,MENDOCINO,UNINCORPORATED,-123.32152557373047,39.352428436279297
92081506,2023,2023-05-30,9150,2023-05-21,1647,020886,,7,2,9,2300,0,2,4,,2,014,"OLD RIVER ROAD","UNIVERSITY RD",1056.00,N,N,A,-,N,,,,,,,,,,Y,2,0,1,1,A,-,03,22350,,N,F,0,A,A,H,-,A,D,0,,,Y,,Y,,C,02,1,0,0,0,0,0,0,0,1,"- ","- ",38.983188629150391,-123.09958648681641,MENDOCINO,UNINCORPORATED,-123.09908294677734,38.981906890869141
8136634,2016,2016-10-07,2303,2016-09-09,1756,469,2303,5,5,3,2303,0,0,0,,0,001,"GROVE AV","NORTH SPRING ST",0.00,,Y,A,-,N,,,,,,,,,,N,2,0,1,2,A,-,00,22103,A,N,C,G,A,A,H,-,A,D,0,,Y,,,Y,Y,A,01,1,0,0,0,0,0,1,0,0,"- ","- ",,,MENDOCINO,UKIAH,-123.21562986000001,39.153489899999997
90196660,2016,2016-06-08,9150,2016-06-04,1848,021012,,6,2,9,2300,0,1,3,,1,062,SR-1,"HARDY CREEK",286.00,N,N,B,-,Y,,,1,,,,,,,Y,2,0,1,1,A,-,03,22350,,N,F,A,A,A,H,-,A,D,0,,,Y,,Y,,C,02,1,0,0,0,0,0,0,0,1,"- ","- ",39.712629999999997,-123.80354,MENDOCINO,UNINCORPORATED,-123.80352369000001,39.712622779999997
94433770,2024,2024-11-05,9150,2024-10-11,"300 ",019107,,5,3,9,2300,0,1,3,,1,051,"SR-1 N/B","WARREN DR",1327.00,S,N,E,-,Y,MEN,,1," "," ",13.616,H,,R,Y,2,0,2,1,A,-,08,22107,,N,E,8,A,A,H,-,D,D,0,,,,,Y,,A,01,1,1,0,0,0,0,0,0,0,"- ","- ",38.891929626464844,-123.67989349365234,MENDOCINO,UNINCORPORATED,-123.67996215820312,38.891899108886719
94718464,2025,2025-06-09,9150,2025-05-31,"345 ",023985,,6,3,9,2300,0,1,3,,1,065,SR-20,"LITTLE LAKE RD",21120.00,E,N,A,-,Y,MEN,,20," "," ",12.248,H,,R,Y,2,0,1,1,A,-,08,22107,,N,E,I,A,A,H,-,D,D,0,,,,,Y,,A,01,1,0,0,0,0,0,0,0,0,"- ","- ",39.355979919433594,-123.62882232666016,MENDOCINO,UNINCORPORATED,-123.62879180908203,39.355934143066406
94772884,2025,2025-07-22,9126,2025-04-05,1355,023855,,6,1,9,2300,0,1,3,,2,050,SR-162,"MPM 162 MEN 5.76",1.00,E,N,A,-,Y,MEN,,162," "," ",5.749,H,,R,Y,1,1,0,1,A,-,08,22107,,N,E,8,A,A,H,-,A,D,0,,,,,Y,,A,07,0,0,0,0,0,0,0,0,0,"- ","- ",39.609279632568359,-123.38150787353516,MENDOCINO,UNINCORPORATED,-123.38150024414062,39.609275817871094
91026617,2019,2019-07-08,9126,2019-07-02,1655,021049,,2,2,9,2300,0,1,3,,2,030,SR-271,SR-1,3168.00,S,N,A,-,Y,,,271,,,,,,,Y,2,0,1,2,A,-,09,21801,A,N,A,C,A,A,H,-,A,D,0,,,Y,,Y,,A,07,1,0,0,0,0,0,0,0,1,"- ","- ",39.860370635986328,-123.71608734130859,MENDOCINO,UNINCORPORATED,-123.71601867675781,39.860324859619141
92246654,2023,2023-11-28,9150,2023-11-16,1050,015775,,4,1,9,2300,0,1,3,,1,015,SR-253,"STIPP LANE",50.00,E,N,B,-,Y,MEN,,253," "," ",16.592,H,,R,Y,1,1,1,2,A,-,08,22107,,N,A,C,A,A,H,-,A,D,0,,,,,Y,,A,01,0,1,0,0,0,0,0,0,0,"- ","- ",39.10443115234375,-123.20002746582031,MENDOCINO,UNINCORPORATED,-123.20002746582031,39.104427337646484
6682492,2014,2016-06-16,9150,2014-10-17,2210,020517,,5,3,9,2300,0,1,2,,1,012,"RT 101","CRAWFORD RANCH RD",290.00,N,N,B,-,Y,MEN,1,101,-,-,14.430,H,-,S,Y,2,0,2,2,A,-,01,23152,A,N,A,C,A,A,H,-,D,D,0,,,,,Y,Y,A,07,1,1,0,0,0,0,0,0,0,"- ","- ",39.01999,-123.13245999999999,MENDOCINO,UNINCORPORATED,-123.13146078,39.018697699999997
90026740,2015,2015-10-19,9150,2015-09-30,1453,021012,,3,2,9,2300,0,1,2,,1,012,US-101,"BURKE HILL RD",1742.00,S,N,A,-,Y,,,101,,,,,,,Y,2,0,1,1,A,-,08,22107,,N,F,A,A,A,H,-,A,D,0,,,,,Y,,A,07,1,0,0,0,0,0,0,0,0,"- ","- ",39.079059999999998,-123.18004999999999,MENDOCINO,UNINCORPORATED,-123.17973962000001,39.079236799999997
90442696,2017,2017-09-21,9126,2017-04-14,0127,020482,,5,3,9,2300,0,3,5,,2,007,"SHERWOOD ROAD","NORTH MAIN STREET",2112.00,W,N,A,-,N,,,,,,,,,,Y,2,0,2,1,A,-,03,22350,,N,E,I,A,A,H,-,D,D,0,,,,,Y,,A,08,1,1,0,0,0,0,0,0,0,"- ","- ",,,MENDOCINO,UNINCORPORATED,-123.35799962,39.420057839999998
90507256,2017,2017-07-24,9150,2017-07-01,0140,020090,,6,3,9,2300,0,1,3,,1,064,SR-1,"CAMP ONE TEN MILE RD",1056.00,S,N,A,-,Y,,,1,,,,,,,Y,2,0,1,1,A,-,01,23152,A,N,E,I,A,A,H,-,D,D,0,,,,,Y,Y,A,01,1,0,0,0,0,0,0,0,0,"- ","- ",39.528350000000003,-123.75912,MENDOCINO,UNINCORPORATED,-123.75920732,39.528346460000002
90831281,2018,2018-10-08,9126,2018-10-05,0750,020431,,5,1,9,2300,0,1,2,,1,077,"OLD HIGHWAY 101","SHERWOOD ROAD",3696.00,N,N,B,-,Y,,,,,,,,,,Y,2,0,1,1,A,-,08,22107,,N,E,I,A,A,H,-,A,D,0,,,,,Y,,A,07,1,0,0,0,0,0,0,0,0,"- ","- ",39.425338745117188,-123.35482788085938,MENDOCINO,UNINCORPORATED,-123.45572662353516,39.605991363525391