CASE_ID,ACCIDENT_YEAR,PROC_DATE,JURIS,COLLISION_DATE,COLLISION_TIME,OFFICER_ID,REPORTING_DISTRICT,DAY_OF_WEEK,CHP_SHIFT,POPULATION,CNTY_CITY_LOC,SPECIAL_COND,BEAT_TYPE,CHP_BEAT_TYPE,CITY_DIVISION_LAPD,CHP_BEAT_CLASS,BEAT_NUMBER,PRIMARY_RD,SECONDARY_RD,DISTANCE,DIRECTION,INTERSECTION,WEATHER_1,WEATHER_2,STATE_HWY_IND,CALTRANS_COUNTY,CALTRANS_DISTRICT,STATE_ROUTE,ROUTE_SUFFIX,POSTMILE_PREFIX,POSTMILE,LOCATION_TYPE,RAMP_INTERSECTION,SIDE_OF_HWY,TOW_AWAY,COLLISION_SEVERITY,NUMBER_KILLED,NUMBER_INJURED,PARTY_COUNT,PRIMARY_COLL_FACTOR,PCF_CODE_OF_VIOL,PCF_VIOL_CATEGORY,PCF_VIOLATION,PCF_VIOL_SUBSECTION,HIT_AND_RUN,TYPE_OF_COLLISION,MVIW,PED_ACTION,ROAD_SURFACE,ROAD_COND_1,ROAD_COND_2,LIGHTING,CONTROL_DEVICE,CHP_ROAD_TYPE,PEDESTRIAN_ACCIDENT,BICYCLE_ACCIDENT,MOTORCYCLE_ACCIDENT,TRUCK_ACCIDENT,NOT_PRIVATE_PROPERTY,ALCOHOL_INVOLVED,STWD_VEHTYPE_AT_FAULT,CHP_VEHTYPE_AT_FAULT,COUNT_SEVERE_INJ,COUNT_VISIBLE_INJ,COUNT_COMPLAINT_PAIN,COUNT_PED_KILLED,COUNT_PED_INJURED,COUNT_BICYCLIST_KILLED,COUNT_BICYCLIST_INJURED,COUNT_MC_KILLED,COUNT_MC_INJURED,PRIMARY_RAMP,SECONDARY_RAMP,LATITUDE,LONGITUDE,COUNTY,CITY,POINT_X,POINT_Y
91077823,2019,2019-09-18,9126,2019-07-13,0520,020431,,6,3,9,2300,0,1,3,,2,050,SR-162,"EAST LANE",2112.00,E,N,E,-,Y,,,162,,,,,,,N,1,1,0,2,A,-,11,21956,A,N,G,B,E,A,H,-,B,D,0,Y,,,,Y,Y,N,60,0,0,0,1,0,0,0,0,0,"- ","- ",39.801151275634766,-123.24813079833984,MENDOCINO,UNINCORPORATED,-123.24810028076172,39.801151275634766
91336637,2020,2020-11-02,9150,2020-10-29,1750,020581,,4,2,9,2300,0,1,2,,1,012,"US 101","NELSON RANCH RD",5280.00,N,N,A,-,Y,,,,,,,,,,Y,2,0,1,2,A,-,01,23152,A,F,B,C,A,A,H,-,A,D,0,,,,,Y,Y,D,22,1,0,0,0,0,0,0,0,0,"- ","- ",39.066749572753906,-123.16705322265625,MENDOCINO,UNINCORPORATED,-123.16692352294922,39.06622314453125
91458480,2021,2021-05-27,9150,2021-04-15,1719,022557,,4,2,9,2300,0,1,2,,2,021,US-101,"UVA DR",0.00,,Y,A,-,Y,,,101,,,,,,,N,2,0,1,1,A,-,01,23152,F,N,E,I,A,A,H,-,A,D,0,,,,,Y,,A,01,1,0,0,0,0,0,0,0,0,"- ","- ",39.270721435546875,-123.24253845214844,MENDOCINO,UNINCORPORATED,-123.24251556396484,39.270786285400391
94369841,2024,2024-08-26,9126,2024-07-31,2224,023906,,3,3,9,2300,0,2,4,,2,005,"HOPPER LANE","LEDGER LANE",638.78,W,N,A,-,N,,,,,,,,,,Y,2,0,1,1,A,-,01,23152,A,N,E,8,A,A,H,-,D,D,0,,,,,Y,Y,D,22,1,0,0,0,0,0,0,0,0,"- ","- ",39.8243408203125,-123.25517272949219,MENDOCINO,UNINCORPORATED,-123.25511169433594,39.8243408203125
6804825,2015,2015-03-02,9126,2015-01-17,1520,020919,,6,2,9,2300,0,2,4,,1,001,"BRANSCOMB RD","CAHTO PEAK RD",2808.00,W,N,B,C,N,,,,,,,,,,Y,2,0,1,1,A,-,03,22350,,N,E,I,A,B,H,-,A,D,0,,,,,Y,,A,01,1,0,0,0,0,0,0,0,0,"- ","- ",39.665610000000001,-123.51666,MENDOCINO,UNINCORPORATED,-123.51665765,39.665588900000003
9519915,2022,2023-02-13,2303,2022-12-24,1725,4B103,2303,6,5,3,2303,0,0,0,,0,,"S DORA ST","W PERKINS ST",118.00,S,N,A,-,N,,,,,,,,,,N,2,0,1,2,A,-,03,22350,,F,G,B,D,A,C,-,B,D,0,Y,,,,Y,,-,,1,0,0,0,1,0,0,0,0,"- ","- ",,,MENDOCINO,UKIAH,-123.21234893798828,39.148902893066406
90707020,2018,2018-04-17,9150,2018-04-10,1059,021012,,2,1,9,2300,0,1,3,,2,061,SR-128,SR-1,34848.00,E,N,B,-,Y,,,128,,,,,,,Y,2,0,1,1,A,-,01,23152,A,N,E,I,A,B,H,-,A,D,0,,,,,Y,Y,A,08,1,0,0,0,0,0,0,0,0,"- ","- ",39.161460876464844,-123.65110778808594,MENDOCINO,UNINCORPORATED,-123.65110015869141,39.161403656005859
5912197,2014,2014-06-02,9150,2014-01-11,0400,14929,,6,3,9,2300,0,1,2,,2,022,"RT 101","NORTH STATE ST",188.00,W,N,A,-,Y,MEN,1,101,-,-,30.702,R,2,N,Y,1,1,0,1,A,-,01,23152,A,N,E,I,A,A,H,-,D,D,1,,,,,Y,Y,A,01,0,0,0,0,0,0,0,0,0,NF,"- ",39.23997,-123.20676,MENDOCINO,UNINCORPORATED,-123.20766058,39.238122590000003
9374421,2021,2021-12-17,2303,2021-10-03,0653,4B109,2303,7,5,3,2303,0,0,0,,0,012,"SOUTH STATE ST","HASTINGS AV",290.00,S,N,A,-,N,,,,,,,,,,Y,2,0,1,2,A,-,01,23152,A,N,C,E,A,A,H,-,B,D,0,,,,Y,Y,Y,A,01,1,0,0,0,0,0,0,0,0,"- ","- ",,,MENDOCINO,UKIAH,-123.20490264892578,39.133377075195312
94431803,2024,2024-10-15,9150,2024-09-20,1510,023855,,5,2,9,2300,0,1,S,,2,904,SR-1,"MEN SR-1 MPM 72.50",0.50,N,N,A,-,Y,MEN,,1," "," ",72.499,H,,R,N,2,0,1,1,A,-,08,22107,,N,E,I,A,A,H,-,A,D,0,,,Y,,Y,,C,02,1,0,0,0,0,0,0,0,1,"- ","- ",39.579460144042969,-123.77203369140625,MENDOCINO,UNINCORPORATED,-123.77207946777344,39.579463958740234
94690756,2025,2025-05-16,9126,2025-05-12,1510,024415,,1,2,9,2300,0,1,3,,2,050,SR-162,"FOUR MILE ROAD",10560.00,E,N,B,C,Y,MEN,,162," "," ",3.710,H,,R,Y,2,0,1,1,A,-,08,22107,,N,E,8,A,B,H,-,A,D,0,,,,,Y,Y,A,07,1,0,0,0,0,0,0,0,0,"- ","- ",39.582500457763672,-123.385009765625,MENDOCINO,UNINCORPORATED,-123.38505554199219,39.582496643066406
6572825,2014,2015-12-16,9126,2014-07-23,1910,020502,,3,2,9,2300,0,3,5,,2,555,"BELL SPRINGS RD","RT 101",21648.00,N,N,A,-,N,,,,,,,,,,N,2,0,1,1,A,-,08,22107,,N,F,A,A,A,H,-,A,D,0,,,Y,,Y,,C,06,1,0,0,0,0,0,0,0,1,"- ","- ",39.86656,-123.57532999999999,MENDOCINO,UNINCORPORATED,-123.57562742,39.868192000000001
6844346,2015,2016-04-12,9150,2015-02-27,1140,014435,,5,1,9,2300,0,3,5,,2,006,"MOUNTAIN VIEW RD","RT 1",69168.00,E,N,B,-,N,,,,,,,,,,Y,2,0,1,1,A,-,01,23152,F,N,E,I,A,A,H,-,A,D,0,,,,,Y,Y,A,01,1,0,0,0,0,0,0,0,0,"- ","- ",38.959589999999999,-123.49646,MENDOCINO,UNINCORPORATED,-123.49670746,38.960756199999999
90492580,2017,2017-07-03,9126,2017-06-24,1430,020431,,6,2,9,2300,0,1,3,,2,050,SR-162,"BIGGAR LANE",0.00,,Y,A,-,Y,,,,,,,,,,Y,2,0,1,2,A,-,09,21802,A,N,D,C,A,A,H,-,A,A,0,,,,,Y,,A,07,1,0,0,0,0,0,0,0,0,"- ","- ",,,MENDOCINO,UNINCORPORATED,-123.24810998,39.809759929999998
91446041,2021,2021-04-08,9126,2021-03-31,2220,022449,,3,3,9,2300,0,3,5,,2,007,"SHERWOOD ROAD","NORTH MAIN STREET",2640.00,W,N,A,-,N,,,,,,,,,,Y,2,0,1,1,A,-,08,22107,,N,E,I,A,A,H,-,D,D,0,,,,,Y,,D,22,1,0,0,0,0,0,0,0,0,"- ","- ",39.425830841064453,-123.36380004882812,MENDOCINO,UNINCORPORATED,-123.35958099365234,39.420982360839844
6540326,2014,2014-08-06,9150,2014-05-02,1615,016680,,5,2,9,2300,0,3,5,,2,003,"TOMKI RD","JENKINS RD",7392.00,N,N,A,-,N,,,,,,,,,,N,2,0,1,2,A,-,09,21804,A,N,D,G,A,A,H,-,A,D,0,,Y,,,Y,Y,L,04,1,0,0,0,0,0,1,0,0,"- ","- ",39.358800000000002,-123.23339,MENDOCINO,UNINCORPORATED,-123.23332517,39.35953928
90017390,2015,2015-10-19,9150,2015-08-20,1750,020927,,4,2,9,2300,0,1,3,,1,051,SR-1,"FISH ROCK RD.",800.00,N,N,B,-,Y,,,1,,,,,,,Y,2,0,1,1,A,-,08,22107,,N,F,A,A,A,H,-,A,A,0,,,Y,,Y,Y,C,02,1,0,0,0,0,0,0,0,1,"- ","- ",38.80424,-123.58808000000001,MENDOCINO,UNINCORPORATED,-123.58802494,38.804304500000001
91093087,2019,2019-10-21,9150,2019-09-26,2304,022156,,4,3,9,2300,0,1,3,,1,052,"SR-1 N/B","GIBNEY LN",370.00,S,N,C,-,Y,,,1,,,,,,N,Y,2,0,2,1,A,-,01,23153,A,N,E,I,A,B,H,-,D,D,0,,,,,Y,Y,D,22,1,1,0,0,0,0,0,0,0,"- ","- ",39.382301330566406,-123.81420135498047,MENDOCINO,UNINCORPORATED,-123.81429290771484,39.382331848144531
91109861,2019,2019-10-30,9150,2019-10-18,0700,022165,,5,1,9,2300,0,1,3,,1,037,"SR-20 W/B","IRMULCO RD",14256.00,E,N,E,-,Y,,,20,,,,,,W,Y,2,0,1,1,A,-,08,22107,,N,E,I,A,B,H,-,B,D,0,,,,,Y,,A,07,1,0,0,0,0,0,0,0,0,"- ","- ",39.391410827636719,-123.41622924804688,MENDOCINO,UNINCORPORATED,-123.41622924804688,39.391357421875
91900243,2022,2022-10-26,9150,2022-10-14,1727,020886,,5,2,9,2300,0,1,2,,1,031,US-101,"BLACK BART DR",6336.00,N,N,A,-,Y,MEN,,101,,,42.179,H,,R,Y,2,0,2,2,A,-,03,22350,,N,E,8,A,A,C,-,A,D,0,,,,,Y,,E,23,1,1,0,0,0,0,0,0,0,"- ","- ",39.355911254882812,-123.31913757324219,MENDOCINO,UNINCORPORATED,-123.31924438476562,39.355949401855469
92082217,2023,2023-05-31,9150,2023-05-21,1750,020886,,7,2,9,2300,0,1,3,,1,015,SR-253,"ROBINSON CREEK RD",3696.00,N,N,A,-,Y,MEN,,253," "," ",15.783,H,,R,Y,2,0,2,2,A,-,01,23152,A,F,A,C,A,A,H,-,A,D,0,,,,,Y,Y,A,07,1,0,1,0,0,0,0,0,0,"- ","- ",39.096881866455078,-123.21022796630859,MENDOCINO,UNINCORPORATED,-123.21018981933594,39.096855163574219
90257153,2016,2016-08-30,9150,2016-08-18,0133,020722,,4,3,9,2300,0,2,4,,1,018,"SOUTH STATE ST","BEACON LN",503.00,S,N,A,-,N,,,,,,,,,,N,2,0,2,2,A,-,11,21954,A,N,G,B,D,A,H,-,D,D,0,Y,,Y,,Y,,N,60,1,1,0,0,1,0,0,0,1,"- ","- ",39.127670000000002,-123.20452,MENDOCINO,UNINCORPORATED,-123.20442955,39.127618900000002
91475925,2021,2021-05-27,9150,2021-04-27,1914,018977,,2,2,9,2300,0,1,2,,1,012,US-101,"NELSON RANCH RD",3168.00,N,N,A,-,Y,,,101,,,,,,,Y,2,0,1,1,A,-,01,23152,A,N,F,A,A,A,H,-,A,D,0,,,,,Y,Y,D,22,1,0,0,0,0,0,0,0,0,"- ","- ",39.059490203857422,-123.16094207763672,MENDOCINO,UNINCORPORATED,-123.16086578369141,39.059539794921875
91841839,2022,2022-08-16,9126,2022-08-12,1911,022695,,5,2,9,2300,0,1,2,,2,011,"US-101 (REDWOOD HIGHWAY)","DORA CREEK BRIDGE",7392.00,S,N,A,-,Y,,,,,,,,,,Y,2,0,3,2,A,-,01,23152,A,N,B,2,A,A,H,-,A,D,0,,,,,Y,Y,D,22,2,1,0,0,0,0,0,0,0,"- ","- ",39.532901763916016,-123.44570159912109,MENDOCINO,UNINCORPORATED,,
91325187,2020,2020-10-16,9150,2020-08-22,0820,016075,,6,1,9,2300,0,1,2,,2,021,"US-101 S/B","PERKINS ST. O/C",528.00,N,N,A,-,Y,,,101,,,,,,S,Y,1,1,1,1,A,-,01,23152,A,N,E,I,A,A,H,-,A,D,0,,,,,Y,Y,D,22,1,0,0,0,0,0,0,0,0,"- ","- ",39.1527099609375,-123.19728851318359,MENDOCINO,UNINCORPORATED,-123.19707489013672,39.152740478515625
94424385,2024,2024-10-09,9150,2024-09-28,"534 ",023961,,6,3,9,2300,0,2,4,,2,025,"EAST ROAD","LONE PINE DR",114.00,N,N,A,-,N,,,,,,,,,,Y,2,0,1,1,A,-,01,23152,A,N,F,A,A,A,H,-,D,D,0,,,,,Y,Y,A,01,1,0,0,0,0,0,0,0,0,"- ","- ",39.255298614501953,-123.20017242431641,MENDOCINO,UNINCORPORATED,-123.20021057128906,39.255424499511719
6291634,2014,2014-11-19,9150,2014-08-14,1920,19524,,4,2,9,2300,0,3,5,,2,003,"EASTSIDE RD","VALLEY RD",2640.00,S,N,A,-,N,,,,,,,,,,Y,1,1,2,1,A,-,01,23152,A,N,E,I,A,A,H,-,A,D,0,,,,,Y,Y,A,01,1,1,0,0,0,0,0,0,0,"- ","- ",39.405529999999999,-123.30516,MENDOCINO,UNINCORPORATED,-123.30514002,39.406107609999999
9579539,2023,2023-05-16,2303,2023-03-24,2114,498,2303,5,5,3,2303,0,0,0,,0,001,"NORTH STATE ST","BRUSH ST",98.00,S,N,A,-,N,,,,,,,,,,Y,2,0,4,4,A,-,01,23152,A,N,C,C,A,A,H,-,C,A,0,,,,,Y,Y,A,01,1,3,0,0,0,0,0,0,0,"- ","- ",,,MENDOCINO,UKIAH,-123.208740234375,39.159049987792969
90191566,2016,2016-05-31,9126,2016-05-13,1410,014435,,5,2,9,2300,0,1,2,,1,077,"US-101 S/B","UNDERPASS RD",4224.00,S,N,A,-,Y,,,,,,,,,,Y,1,1,0,1,A,-,08,22107,,N,E,I,A,A,H,-,A,D,0,,,,,Y,,D,22,0,0,0,0,0,0,0,0,0,"- ","- ",,,MENDOCINO,UNINCORPORATED,-123.40441717,39.53307375
91766613,2022,2022-05-06,9126,2022-05-01,1050,022730,,7,1,9,2300,0,1,2,,2,011,"US-101 SOUTHBOUND","REYNOLDS ROAD OVERCROSSING",3168.00,N,N,A,-,Y,MEN,,101,,R,102.468,H,,L,Y,2,0,1,1,A,-,08,22107,,N,E,I,A,A,H,-,A,D,0,,,,Y,Y,,F,26,1,0,0,0,0,0,0,0,0,"- ","- ",39.9522705078125,-123.78070068359375,MENDOCINO,UNINCORPORATED,-123.78054809570312,39.952236175537109
94670459,2025,2025-04-30,9150,2025-04-21,1430,022150,,1,2,9,2300,0,1,3,,1,062,SR-1,"1 MEN 44.37",26.00,N,N,A,-,Y,MEN,,1," "," ",44.375,H,,R,Y,2,0,1,2,A,-,08,22107,,N,B,C,A,A,D,-,A,A,0,,,Y,Y,Y,,C,02,1,0,0,0,0,0,0,0,1,"- ","- ",39.233348846435547,-123.77040100097656,MENDOCINO,UNINCORPORATED,-123.77042388916016,39.233360290527344
6622275,2014,2015-12-16,9126,2014-09-14,2315,020368,,7,3,9,2300,0,3,5,,2,444,"BELL SPRINGS RD","RT 101",12144.00,N,N,A,-,N,,,,,,,,,,Y,2,0,1,1,A,-,01,23152,A,N,F,A,A,A,H,-,D,D,0,,,,,Y,Y,D,22,1,0,0,0,0,0,0,0,0,"- ","- ",39.849730000000001,-123.57631000000001,MENDOCINO,UNINCORPORATED,-123.57649906,39.849326380000001
90088012,2015,2016-01-05,9150,2015-12-31,0654,021012,,4,1,9,2300,0,1,3,,1,065,SR-20,"LITTLE LAKE RD",12672.00,W,N,A,-,Y,,,20,,,,,,,Y,2,0,1,1,A,-,01,23152,F,N,E,I,A,A,H,-,B,D,0,,,,,Y,Y,A,01,1,0,0,0,0,0,0,0,0,"- ","- ",39.397170000000003,-123.71341,MENDOCINO,UNINCORPORATED,-123.71342824,39.39716189
90163640,2016,2016-04-22,9126,2016-04-15,1215,014435,,5,1,9,2300,0,1,2,,1,077,"US-101 S/B","BRANSCOMB RD",1056.00,S,N,A,-,Y,,,,,,,,,,Y,2,0,1,2,A,-,09,21801,A,N,D,C,A,A,H,-,A,D,0,,,Y,,Y,,A,07,1,0,0,0,0,0,0,0,1,"- ","- ",,,MENDOCINO,UNINCORPORATED,-123.48052214000001,39.685735819999998
90966287,2019,2019-04-11,9150,2019-04-03,1103,022220,,3,1,9,2300,0,1,2,,1,010,US-101,"OLD RIVER RD.",650.00,N,N,A,-,Y,,,101,,,,,,,Y,2,0,4,2,A,-,01,23153,A,N,A,C,A,A,H,-,A,D,0,,,,,Y,Y,A,07,3,1,0,0,0,0,0,0,0,"- ","- ",38.953880310058594,-123.10176086425781,MENDOCINO,UNINCORPORATED,-123.10176086425781,38.953876495361328
91536648,2021,2021-08-04,9150,2021-07-29,2225,022060,,4,3,9,2300,0,1,3,,1,052,SR-1,"SEA CYPRESS DR",8131.00,N,N,E,-,Y,,,1,,,,,,,Y,2,0,2,1,A,-,03,22350,,N,E,8,A,A,H,-,D,D,0,,,,,Y,,A,07,1,1,0,0,0,0,0,0,0,"- ","- ",39.049980163574219,-123.68473052978516,MENDOCINO,UNINCORPORATED,-123.68472290039062,39.049968719482422
91744167,2022,2022-04-08,9126,2022-03-26,0005,022628,,6,3,9,2300,0,2,4,,2,005,"EAST LANE",SR-162,2640.00,W,N,A,-,N,,,,,,,,,,Y,2,0,2,1,A,-,08,22107,,N,E,I,A,A,H,-,D,D,0,,,,,Y,Y,A,07,1,1,0,0,0,0,0,0,0,"- ","- ",39.794830322265625,-123.23847198486328,MENDOCINO,UNINCORPORATED,-123.24813842773438,39.795158386230469
94380042,2024,2024-09-03,9150,2024-08-17,1240,023835,,6,1,9,2300,0,1,2,,1,031,US-101,"RIDGEWOOD RANCH ROAD",3168.00,S,N,B,C,Y,MEN,,101," ",R,39.029,H,,R,Y,1,1,0,1,A,-,03,22350,,N,E,8,A,B,H,-,A,D,0,,,,,Y,,A,01,0,0,0,0,0,0,0,0,0,"- ","- ",39.316059112548828,-123.30055236816406,MENDOCINO,UNINCORPORATED,-123.30046844482422,39.316127777099609
9655176,2023,2024-02-09,2303,2023-10-05,2125,117,MTSAN,4,5,3,2303,0,0,0,,0,001,"BRUSH ST","MAZZONI ST",75.00,E,N,A,-,N,,,,,,,,,,N,2,0,1,3,A,-,08,22107,,N,G,B,E,A,H,-,C,D,0,Y,,,,Y,,A,01,1,0,0,0,1,0,0,0,0,"- ","- ",,,MENDOCINO,UKIAH,-123.20709228515625,39.159278869628906
9763781,2024,2025-01-24,2303,2024-12-18,2033,117,MT.SA,3,5,3,2303,0,0,0,,0,001,"STATE ST","TALMAGE RD",0.00,,Y,A,-,N,,,,,,,,,,Y,2,0,1,2,D,-,00,,,N,G,B,B,A,H,-,C,A,0,Y,,,,Y,Y,-,"- ",1,0,0,0,1,0,0,0,0,"- ","- ",,,MENDOCINO,UKIAH,-123.20535278320312,39.136329650878906
90214880,2016,2016-07-01,9126,2016-03-03,2018,021223,,4,2,9,2300,0,1,3,,2,050,SR-162,"DOS RIOS ROAD",14256.00,W,N,B,-,Y,,,,,,,,,,Y,1,1,0,1,A,-,01,23152,F,N,E,I,A,A,H,-,D,D,0,,,,,Y,Y,D,22,0,0,0,0,0,0,0,0,0,"- ","- ",,,MENDOCINO,UNINCORPORATED,-123.35429057,39.682333710000002
90690150,2018,2018-03-26,9150,2018-03-20,0800,021527,,2,1,9,2300,0,3,5,,2,005,"LANSING STREET","UKIAH ST",122.00,N,N,B,-,N,,,,,,,,,,Y,2,0,1,2,A,-,03,22350,,N,G,B,F,B,H,-,A,D,0,Y,,,,Y,,A,07,1,0,0,0,1,0,0,0,0,"- ","- ",39.306690216064453,-123.79866790771484,MENDOCINO,UNINCORPORATED,-123.79864501953125,39.306655883789062
91697223,2022,2022-02-09,9126,2022-01-17,1416,021507,,1,2,9,2300,0,1,2,,2,011,US-101,"ROSEWARNE ROAD",4752.00,S,N,A,-,Y,,,,,,,,,,Y,2,0,1,1,A,-,01,23152,A,N,E,I,A,A,H,-,A,D,0,,,,,Y,Y,A,07,1,0,0,0,0,0,0,0,0,"- ","- ",,,MENDOCINO,UNINCORPORATED,,
92333750,2024,2024-03-08,9126,2024-02-16,1108,021836,,5,1,9,2300,0,1,2,,2,011,US-101,SR-1,3696.00,N,N,B,-,Y,,,,,,,,,,Y,2,0,1,1,A,-,03,22350,,N,F,0,A,A,H,-,A,A,0,,,,Y,Y,,G,25,1,0,0,0,0,0,0,0,0,"- ","- ",39.526229858398438,-123.4273681640625,MENDOCINO,UNINCORPORATED,-123.71256256103516,39.877269744873047
92878244,2024,2024-07-30,9150,2024-07-15,"0   ",023008,,1,3,9,2300,0,3,5,,2,002,"HILLTOP DR","EAST HILL ROAD",440.00,S,N,A,-,Y,,,,,,,,,,N,2,0,1,1,A,-,01,23152,A,N,F,I,A,A,H,-,D,A,0,,,Y,,Y,Y,C,02,1,0,0,0,0,0,0,0,1,"- ","- ",39.391300201416016,-123.32553100585938,MENDOCINO,UNINCORPORATED,-123.32567596435547,39.391254425048828
8181403,2016,2016-12-06,2303,2016-11-04,1530,470,2303,5,5,3,2303,0,0,0,,0,001,"DESPINA DR","LOW GAP RD",550.00,N,N,A,-,N,,,,,,,,,,N,2,0,1,2,A,-,11,21950,B,N,G,B,D,A,H,-,A,D,0,Y,,,,Y,,N,60,1,0,0,0,1,0,0,0,0,"- ","- ",,,MENDOCINO,UKIAH,-123.22171,39.163130529999997
8771731,2018,2019-04-30,2300,2018-12-19,2215,1286,COAST,3,5,1,2302,0,0,0,,0,04A,"PORT RD","BLUFF TOP RD",0.00,,Y,B,-,N,,,,,,,,,,Y,2,0,1,1,A,-,01,23152,A,N,H,A,A,B,H,-,D,A,0,,,,,Y,Y,-,,1,0,0,0,0,0,0,0,0,"- ","- ",,,MENDOCINO,"POINT ARENA",-123.697354,38.909235000000002
90021226,2015,2015-10-19,9126,2015-09-21,0145,020482,,1,3,9,2300,0,2,4,,2,005,"AGENCY ROAD",SR-162,1584.00,E,N,A,-,N,,,,,,,,,,N,2,0,1,1,D,-,00,,,N,F,A,A,A,H,-,D,D,0,,,Y,,Y,,-,"- ",1,0,0,0,0,0,0,0,1,"- ","- ",39.523000000000003,-123.07299999999999,MENDOCINO,UNINCORPORATED,,
6911275,2015,2016-11-04,9126,2015-04-17,1730,020482,,5,2,9,2300,0,1,2,,1,077,"RT 101","RT 162",6336.00,N,N,A,-,Y,MEN,1,101,-,-,60.770,H,-,N,Y,2,0,1,1,A,-,01,23152,A,N,E,I,A,A,H,-,A,D,0,,,,,Y,Y,D,22,1,0,0,0,0,0,0,0,0,"- ","- ",,,MENDOCINO,UNINCORPORATED,-123.43861020999999,39.574781530000003
91325242,2020,2020-10-16,9150,2020-09-30,1940,021958,,3,2,9,2300,0,2,4,,1,023,"N STATE ST.","HENSLEY CREEK RD",635.00,S,N,A,-,N,,,,,,,,,,Y,2,0,1,2,A,-,09,21801,A,F,C,C,A,A,H,-,C,D,0,,,Y,,Y,,-,99,1,0,0,0,0,0,0,0,1,"- ","- ",39.183700561523438,-123.20941925048828,MENDOCINO,UNINCORPORATED,-123.20945739746094,39.183765411376953
91676852,2022,2022-01-12,9150,2022-01-05,1607,022276,,3,2,9,2300,0,1,3,,1,062,SR-1,"CASPAR FRONTAGE ROAD WEST",0.00,,Y,B,-,Y,MEN,,1,,R,55.182,H,,R,Y,2,0,1,2,A,-,09,21802,A,N,D,C,A,A,H,-,A,D,0,,,Y,,Y,,D,22,1,0,0,0,0,0,0,0,1,"- ","- ",39.365009307861328,-123.80975341796875,MENDOCINO,UNINCORPORATED,-123.80976867675781,39.365001678466797
92878235,2024,2024-10-03,9150,2024-06-29,1300,022150,,6,1,9,2300,0,1,A,,2,712,"BLUES BEACH",SR-1,450.00,W,N,A,-,N,,,,,,,,,,N,2,0,1,1,A,-,01,23152,A,N,F,A,A,B,G,-,A,D,0,,,Y,,Y,Y,C,02,1,0,0,0,0,0,0,0,1,"- ","- ",39.613861083984375,-123.782958984375,MENDOCINO,UNINCORPORATED,,
90204963,2016,2016-06-20,9150,2016-06-03,1424,021012,,5,2,9,2300,0,1,3,,1,065,SR-20,"ROAD 50",845.00,E,N,A,-,Y,,,20,,,,,,,Y,2,0,5,3,A,-,05,21460,A,N,A,C,A,A,H,-,A,D,0,,,,,Y,,D,22,3,1,1,0,0,0,0,0,0,"- ","- ",39.348640000000003,-123.5723,MENDOCINO,UNINCORPORATED,-123.57230479,39.348682830000001
90974879,2019,2019-04-25,9150,2019-04-07,1245,014435,,7,1,9,2300,0,1,3,,1,064,SR-1,"ABALOBADIAH CR",46.00,N,N,B,-,Y,,,1,,,,,,,Y,1,1,0,1,A,-,03,22350,,N,F,A,A,B,H,-,A,D,0,,,Y,,Y,,C,02,0,0,0,0,0,0,0,1,0,"- ","- ",39.567291259765625,-123.76551818847656,MENDOCINO,UNINCORPORATED,-123.76560211181641,39.567295074462891
91758071,2022,2022-04-27,9150,2022-04-15,1035,022156,,5,1,9,2300,0,3,5,,2,006,"COMPTCHE UKIAH RD.","DOCKER HILL RD.",0.20,W,N,B,-,Y,,,,,,,,,,Y,2,0,1,1,A,-,08,22107,,N,F,A,A,B,H,-,A,D,0,,,,,Y,,A,07,1,0,0,0,0,0,0,0,0,"- ","- ",39.264560699462891,-123.59131622314453,MENDOCINO,UNINCORPORATED,-123.60783386230469,39.264617919921875
6746801,2014,2016-06-16,9126,2014-11-28,2200,020431,,5,3,9,2300,0,1,2,,2,055,"RT 101","CAMP SEABOW ACCESS RD",100.00,S,N,B,C,Y,MEN,1,101,-,-,76.590,H,-,S,Y,2,0,1,1,A,-,08,22107,,N,F,A,A,B,H,-,D,D,0,,,,,Y,,A,01,1,0,0,0,0,0,0,0,0,"- ","- ",,,MENDOCINO,UNINCORPORATED,-123.54422325,39.776591840000002
90069386,2015,2015-12-10,9126,2015-10-25,0500,014435,,7,3,9,2300,0,2,4,,1,001,"BRANSCOMB ROAD","CAHTO TROUT FARM",1056.00,E,N,C,-,N,,,,,,,,,,Y,1,1,4,1,A,-,03,22350,,N,E,I,A,B,H,-,D,D,0,,,,,Y,,A,08,1,2,1,0,0,0,0,0,0,"- ","- ",39.665759999999999,-123.51635,MENDOCINO,UNINCORPORATED,-123.51631879999999,39.665657039999999
90158990,2016,2016-04-18,9150,2016-03-16,1215,018977,,3,1,9,2300,0,3,5,,2,002,"MARINA DR","EASTSIDE CALPELLA RD",438.00,E,N,A,-,N,,,,,,,,,,Y,2,0,2,2,A,-,05,21460,A,N,A,C,A,A,H,-,A,D,0,,,,Y,Y,,A,01,1,0,1,0,0,0,0,0,0,"- ","- ",39.23142,-123.1982,MENDOCINO,UNINCORPORATED,-123.1982,39.23142