CASE_ID,ACCIDENT_YEAR,PROC_DATE,JURIS,COLLISION_DATE,COLLISION_TIME,OFFICER_ID,REPORTING_DISTRICT,DAY_OF_WEEK,CHP_SHIFT,POPULATION,CNTY_CITY_LOC,SPECIAL_COND,BEAT_TYPE,CHP_BEAT_TYPE,CITY_DIVISION_LAPD,CHP_BEAT_CLASS,BEAT_NUMBER,PRIMARY_RD,SECONDARY_RD,DISTANCE,DIRECTION,INTERSECTION,WEATHER_1,WEATHER_2,STATE_HWY_IND,CALTRANS_COUNTY,CALTRANS_DISTRICT,STATE_ROUTE,ROUTE_SUFFIX,POSTMILE_PREFIX,POSTMILE,LOCATION_TYPE,RAMP_INTERSECTION,SIDE_OF_HWY,TOW_AWAY,COLLISION_SEVERITY,NUMBER_KILLED,NUMBER_INJURED,PARTY_COUNT,PRIMARY_COLL_FACTOR,PCF_CODE_OF_VIOL,PCF_VIOL_CATEGORY,PCF_VIOLATION,PCF_VIOL_SUBSECTION,HIT_AND_RUN,TYPE_OF_COLLISION,MVIW,PED_ACTION,ROAD_SURFACE,ROAD_COND_1,ROAD_COND_2,LIGHTING,CONTROL_DEVICE,CHP_ROAD_TYPE,PEDESTRIAN_ACCIDENT,BICYCLE_ACCIDENT,MOTORCYCLE_ACCIDENT,TRUCK_ACCIDENT,NOT_PRIVATE_PROPERTY,ALCOHOL_INVOLVED,STWD_VEHTYPE_AT_FAULT,CHP_VEHTYPE_AT_FAULT,COUNT_SEVERE_INJ,COUNT_VISIBLE_INJ,COUNT_COMPLAINT_PAIN,COUNT_PED_KILLED,COUNT_PED_INJURED,COUNT_BICYCLIST_KILLED,COUNT_BICYCLIST_INJURED,COUNT_MC_KILLED,COUNT_MC_INJURED,PRIMARY_RAMP,SECONDARY_RAMP,LATITUDE,LONGITUDE,COUNTY,CITY,POINT_X,POINT_Y
90370263,2017,2017-02-13,9126,2017-01-09,2253,021331,,1,3,9,2300,0,1,3,,2,050,SR-162,"COUNTY ROAD 337D (HURT ROAD)",0.00,,Y,C,-,Y,,,162,,,,,,,Y,2,0,4,2,A,-,09,21802,A,N,A,C,A,B,H,-,D,A,0,,,,,Y,,D,22,1,2,1,0,0,0,0,0,0,"- ","- ",39.817,-123.24812,MENDOCINO,UNINCORPORATED,-123.24813348000001,39.816999920000001
90678996,2018,2018-03-09,9150,2018-03-04,0030,020090,,7,3,9,2300,0,1,3,,1,065,"SR-20 E/B","STATE FOREST RD 350",1.30,W,N,B,C,Y,,,20,,,,,,E,Y,2,0,1,1,A,-,01,23152,A,N,E,I,A,B,H,-,D,D,0,,,,,Y,Y,A,07,1,0,0,0,0,0,0,0,0,"- ","- ",39.405059814453125,-123.73403930664062,MENDOCINO,UNINCORPORATED,-123.73398590087891,39.404991149902344
91028574,2019,2019-07-10,9150,2019-06-28,2121,022276,,5,2,9,2300,0,1,3,,1,013,SR-175,"HOWELL ST",40.00,N,N,A,-,Y,,,175,,,,,,,Y,2,0,1,1,C,-,18,,,N,E,H,A,A,H,-,D,D,0,,,Y,,Y,,-,"- ",1,0,0,0,0,0,0,0,1,"- ","- ",38.975349426269531,-123.10069274902344,MENDOCINO,UNINCORPORATED,-123.10071563720703,38.975376129150391
91092525,2019,2019-10-08,9126,2019-09-28,1430,021846,,6,2,9,2300,0,3,5,,2,111,"USAL ROAD","TIMBER HAUL RD",7920.00,N,N,B,-,N,,,,,,,,,,N,2,0,1,1,A,-,03,22350,,N,E,J,A,A,A,-,A,D,0,,,Y,,Y,,C,02,1,0,0,0,0,0,0,0,1,"- ","- ",39.849418640136719,-123.85115051269531,MENDOCINO,UNINCORPORATED,-123.85111999511719,39.849525451660156
91264720,2020,2020-07-07,9150,2020-07-02,1010,015775,,4,1,3,2303,0,1,3,,1,013,SR-175,"BUCKMAN DR",21965.00,E,N,A,-,Y,,,,,,,,,,Y,2,0,1,1,A,-,08,22107,,N,E,I,A,A,H,-,A,D,0,,,Y,,Y,,C,02,1,0,0,0,0,0,0,0,1,"- ","- ",38.980899810791016,-123.00859832763672,MENDOCINO,UKIAH,-123.00874328613281,38.980899810791016
92182593,2023,2023-09-28,9150,2023-09-20,1948,020886,,3,2,9,2300,0,2,4,,1,023,"N. STATE STREET","OLIVE AVE",10.00,N,N,A,-,N,,,,,,,,,,N,2,0,1,2,A,-,09,21801,A,N,D,C,A,A,H,-,D,D,0,,,Y,,Y,,A,01,1,0,0,0,0,0,0,0,1,"- ","- ",39.181190490722656,-123.20966339111328,MENDOCINO,UNINCORPORATED,-123.20958709716797,39.181179046630859
9786342,2024,2025-07-08,2303,2024-10-29,1538,498,2303,2,5,3,2303,0,0,0,,0,001,"NORTH STATE ST","CLARA AV",0.00,,Y,A,-,N,,,,,,,,,,Y,1,1,2,2,A,-,08,22107,,N,A,C,A,A,H,-,A,D,0,,,Y,,Y,,A,01,0,2,0,0,0,0,0,1,0,"- ","- ",,,MENDOCINO,UKIAH,-123.20828247070312,39.155120849609375
90017207,2015,2015-10-19,9150,2015-08-27,1200,016030,,4,1,9,2300,0,1,2,,1,031,"U.S. 101","WALKER RD",6600.00,S,N,A,-,Y,,,,,,,,,,Y,2,0,2,2,A,-,07,21658,A,N,B,C,A,A,H,-,A,D,0,,,,,Y,,A,07,1,0,1,0,0,0,0,0,0,"- ","- ",39.362299999999998,-123.31543000000001,MENDOCINO,UNINCORPORATED,-123.31563269999999,39.365194879999997
90418278,2017,2017-03-23,9150,2017-03-11,1143,021444,,6,1,9,2300,0,2,4,,2,014,"OLD RIVER RD",SR-175,45197.00,N,N,A,-,N,,,,,,,,,,N,2,0,1,1,A,-,08,22107,,N,E,I,A,A,H,-,A,D,0,,Y,,,Y,,L,04,1,0,0,0,0,0,1,0,0,"- ","- ",39.058509999999998,-123.14242,MENDOCINO,UNINCORPORATED,-123.14239919000001,39.058522379999999
90665643,2018,2018-02-21,9126,2018-02-11,1700,014469,,7,2,9,2300,0,2,4,,1,001,"COUNTY ROAD 429 (BRANSCOMB ROAD)","KINNEY CREEK ROAD",1584.00,W,N,B,-,N,,,,,,,,,,Y,2,0,1,1,A,-,08,22107,,N,E,I,A,B,H,-,A,D,0,,,,,Y,,A,01,1,0,0,0,0,0,0,0,0,"- ","- ",39.667301177978516,-123.64386749267578,MENDOCINO,UNINCORPORATED,-123.64253997802734,39.661796569824219
90910517,2019,2019-01-24,9150,2019-01-07,2110,022156,,1,2,9,2300,0,1,2,,2,022,"N/B US-101","GREEN WEST ROAD/REDWOOD VLY EXIT SIGN",147.00,N,N,B,-,Y,,,101,,,,,,,Y,2,0,2,2,A,-,01,23153,F,N,A,D,A,A,H,-,C,D,0,,,,,Y,,D,22,2,0,0,0,0,0,0,0,0,"- ","- ",39.248249053955078,-123.20966339111328,MENDOCINO,UNINCORPORATED,-123.20967864990234,39.248241424560547
91088145,2019,2019-10-01,9126,2019-09-25,0210,020886,,3,3,9,2300,0,2,4,,1,001,"BRANSCOMB ROAD","CAHTO PEAK RD",3168.00,W,N,A,-,N,,,,,,,,,,Y,2,0,1,1,A,-,08,22107,,N,E,I,A,A,H,-,D,D,0,,,,,Y,Y,A,08,1,0,0,0,0,0,0,0,0,"- ","- ",39.665729522705078,-123.51679229736328,MENDOCINO,UNINCORPORATED,-123.51678466796875,39.665554046630859
91307530,2020,2020-09-18,9126,2020-08-22,1925,022420,,6,2,9,2300,0,2,4,,1,001,"BRANSCOMB ROAD",US-101,25344.00,W,N,A,-,N,,,,,,,,,,Y,2,0,1,1,A,-,01,23152,A,N,E,I,A,A,H,-,B,D,0,,,,,Y,Y,D,22,1,0,0,0,0,0,0,0,0,"- ","- ",39.652610778808594,-123.52718353271484,MENDOCINO,UNINCORPORATED,-123.52996826171875,39.646244049072266
92243561,2023,2023-11-23,9150,2023-11-13,2026,021958,,1,2,9,2300,0,1,3,,2,016,"TALMAGE RD","BABCOCK LN",845.00,E,N,A,-,Y,MEN,,222," "," ",0.890,H,,R,N,2,0,1,2,D,-,00,,,F,G,B,E,A,H,-,D,D,0,Y,,,,Y,,-,"- ",1,0,0,0,1,0,0,0,0,"- ","- ",39.135341644287109,-123.18913269042969,MENDOCINO,UNINCORPORATED,-123.18914794921875,39.135299682617188
7123031,2015,2015-11-30,2303,2015-10-26,0833,469,2303,1,5,3,2303,0,0,0,,0,001,"EAST GOBBI ST","GOBBI ST",0.00,,Y,B,-,N,,,,,,,,,,N,2,0,1,2,A,-,05,21650,,N,A,G,A,A,H,-,A,D,0,,Y,,,Y,,L,04,1,0,0,0,0,0,1,0,0,"- ","- ",,,MENDOCINO,UKIAH,-123.20649991000001,39.143179949999997
9750078,2024,2024-11-08,2303,2024-09-12,1517,4C18,MTSAN,4,5,3,2303,0,0,0,,0,001,"WEST SMITH ST","N HOPE ST",0.00,,Y,A,-,N,,,,,,,,,,N,2,0,1,2,A,-,09,21802,A,N,D,G,A,A,H,-,A,A,0,,Y,,,Y,,L,04,1,0,0,0,0,0,1,0,0,"- ","- ",,,MENDOCINO,UKIAH,-123.21562194824219,39.150070190429688
90335206,2016,2017-03-28,9150,2016-11-18,2121,021012,,5,2,9,2300,0,1,3,,1,051,SR-1,"OCEAN VIEW AVE.",1426.00,S,N,C,-,Y,,,1,,,,,,,Y,2,0,2,1,A,-,08,22107,,N,E,I,A,B,H,-,D,D,0,,,,,Y,,D,22,1,1,0,0,0,0,0,0,0,"- ","- ",38.799889999999998,-123.57307,MENDOCINO,UNINCORPORATED,-123.57303123,38.799920669999999
90862179,2018,2019-01-29,9150,2018-09-13,2350,016030,,4,3,9,2300,0,2,4,,2,026,"EEL RIVER RD.","GIBSON LN",1056.00,S,N,A,-,N,,,,,,,,,,Y,1,1,0,1,A,-,01,23152,A,N,E,I,A,A,H,-,D,D,0,,,,,Y,Y,A,07,0,0,0,0,0,0,0,0,0,"- ","- ",39.332748413085938,-123.10151672363281,MENDOCINO,UNINCORPORATED,-123.10173797607422,39.333621978759766
91414310,2021,2021-02-24,9150,2021-02-17,1740,022060,,3,2,9,2300,0,3,5,,2,006,"NORTH HARBOR DR","DOCK ST",650.00,N,N,A,-,N,,,,,,,,,,N,2,0,1,1,A,-,08,22107,,N,H,A,A,A,H,-,A,D,0,,,Y,,Y,,C,02,1,0,0,0,0,0,0,0,1,"- ","- ",39.428089141845703,-123.80532836914062,MENDOCINO,UNINCORPORATED,,
91684053,2021,2022-01-24,9150,2021-09-12,1104,022557,,7,1,9,2300,0,1,3,,2,041,US-101,"WILLITS WATERSHED RD.",1015.00,S,N,A,-,Y,,,101,,,,,,,Y,1,1,2,2,C,-,18,,,N,A,2,A,A,H,-,A,D,0,,,,,Y,,-,"- ",1,0,1,0,0,0,0,0,0,"- ","- ",39.355751037597656,-123.31945037841797,MENDOCINO,UNINCORPORATED,-123.31948089599609,39.355766296386719
6505823,2014,2014-07-25,9150,2014-05-16,1812,019435,,5,2,9,2300,0,2,4,,1,023,"NORTH STATE ST","ORR SPRINGS RD",240.00,N,N,A,-,N,,,,,,,,,,Y,2,0,1,1,A,-,08,22107,,N,E,I,A,A,H,-,A,D,0,,,,,Y,,A,01,1,0,0,0,0,0,0,0,0,"- ","- ",39.177030000000002,-123.21044999999999,MENDOCINO,UNINCORPORATED,-123.21048797,39.17687608
6612258,2014,2016-04-23,9150,2014-08-21,2000,19524,,4,2,9,2300,0,1,2,,1,031,"RT 101","BLACK BART DR",3696.00,S,N,A,-,Y,MEN,1,101,-,-,40.130,H,-,S,Y,2,0,1,1,A,-,01,23152,A,N,E,I,A,A,H,-,A,D,1,,,,,Y,Y,A,01,1,0,0,0,0,0,0,0,0,"- ","- ",39.333480000000002,-123.304,MENDOCINO,UNINCORPORATED,-123.30401694,39.33365053
90020039,2015,2015-10-19,9126,2015-09-15,1620,020988,,2,2,9,2300,0,1,3,,2,010,SR-1,"USAL ROAD",13200.00,N,N,B,-,Y,,,1,,,,,,,N,2,0,1,1,A,-,03,22350,,N,E,I,A,B,H,-,A,D,0,,,Y,,Y,,C,02,1,0,0,0,0,0,0,0,1,"- ","- ",39.795699999999997,-123.81628000000001,MENDOCINO,UNINCORPORATED,-123.81625846999999,39.7957696
90840955,2018,2018-10-22,9150,2018-10-08,1040,016075,,1,1,9,2300,0,2,4,,2,025,"WEST RD.","FOOTHILL DR.",528.00,W,N,A,-,N,,,,,,,,,,Y,2,0,1,1,A,-,08,22107,,N,F,I,A,A,H,-,A,D,0,,,,Y,Y,,F,24,1,0,0,0,0,0,0,0,0,"- ","- ",39.297119140625,-123.21975708007812,MENDOCINO,UNINCORPORATED,-123.21981048583984,39.298389434814453
90844766,2018,2018-10-25,9150,2018-10-19,1917,022165,,5,2,9,2300,0,3,5,,2,003,"EASTSIDE RD","EAST HILL RD",321.00,S,N,A,-,N,,,,,,,,,,Y,2,0,1,1,A,-,01,23152,A,N,E,H,A,A,H,-,D,D,0,,,Y,,Y,Y,C,02,1,0,0,0,0,0,0,0,1,"- ","- ",39.38983154296875,-123.30290985107422,MENDOCINO,UNINCORPORATED,-123.30292510986328,39.390350341796875
91336428,2020,2020-11-02,9150,2020-10-19,1357,022359,,1,1,9,2300,0,3,5,,2,005,"TEN MILE CUT OFF ROAD","IVERSEN RD",8448.00,N,N,A,-,N,,,,,,,,,,Y,2,0,1,1,A,-,00,20001,A,F,E,I,A,A,H,-,A,D,0,,,,,Y,,A,01,1,0,0,0,0,0,0,0,0,"- ","- ",38.8726806640625,-123.59750366210938,MENDOCINO,UNINCORPORATED,-123.59391784667969,38.870941162109375
92132937,2023,2023-08-01,9126,2023-06-24,2500,022751,,6,4,9,2300,0,1,3,,2,010,SR-1,US-101,40128.00,S,N,A,-,Y,MEN,,1," "," ",97.991,H,,R,N,1,1,0,1,A,-,08,22107,,N,E,8,A,A,H,-,A,D,0,,,Y,,Y,,C,02,0,0,0,0,0,0,0,1,0,"- ","- ",39.831981658935547,-123.77554321289062,MENDOCINO,UNINCORPORATED,-123.77558898925781,39.832023620605469
9696801,2024,2024-05-07,2303,2024-03-17,2223,98,2303,7,5,3,2303,0,0,0,,0,002,"TALMAGE RD","PERRY ST",271.00,W,N,A,-,N,,,,,,,,,,Y,2,0,1,2,A,-,01,23152,B,F,G,B,D,A,H,-,C,D,0,Y,,,,Y,Y,A,01,1,0,0,0,1,0,0,0,0,"- ","- ",,,MENDOCINO,UKIAH,-123.20442199707031,39.136306762695312
90534219,2017,2018-03-19,9150,2017-07-24,1859,020744,,1,2,9,2300,0,1,2,,2,021,"US 101","CENTRAL AVENUE",1065.00,S,N,A,-,Y,,,,,,,,,,Y,2,0,1,1,A,-,08,22107,,N,E,I,A,A,H,-,A,D,0,,,,,Y,,A,01,1,0,0,0,0,0,0,0,0,"- ","- ",39.222409999999996,-123.20733,MENDOCINO,UNINCORPORATED,-123.20728772,39.222593179999997
90549014,2017,2017-09-15,9150,2017-08-30,1550,021527,,3,2,9,2300,0,3,5,,2,005,SR-1,"BRANSCOMB RD",42240.00,N,N,A,-,Y,,,1,,,,,,,N,2,0,1,1,A,-,03,22350,,N,F,A,A,A,H,-,A,D,0,,,Y,,Y,,C,02,1,0,0,0,0,0,0,0,1,"- ","- ",39.733229999999999,-123.80903000000001,MENDOCINO,UNINCORPORATED,-123.80902648999999,39.733232729999997
90277185,2016,2016-09-27,9150,2016-09-19,0020,019119,,1,3,9,2300,0,1,3,,2,041,"SR-128 W/B","ELK HORN DR.",620.00,E,N,A,-,Y,,,,,,,,,,Y,2,0,1,1,A,-,01,23152,A,N,F,A,A,A,H,-,D,D,0,,,,,Y,Y,A,01,1,0,0,0,0,0,0,0,0,"- ","- ",,,MENDOCINO,UNINCORPORATED,-123.21110191,38.896438400000001
90341534,2016,2016-12-09,9150,2016-11-25,2239,021012,,5,3,9,2300,0,3,5,,2,005,"MOUNTAIN VIEW RD.","RANCHERIA RD.",16896.00,E,N,B,-,N,,,,,,,,,,Y,2,0,2,1,A,-,01,23152,A,N,E,I,A,B,H,-,D,D,0,,,,,Y,Y,D,22,1,1,0,0,0,0,0,0,0,"- ","- ",38.95955,-123.61071,MENDOCINO,UNINCORPORATED,-123.61600876999999,38.9571586
91150300,2019,2019-12-23,9150,2019-12-15,1755,022257,,7,2,3,2303,0,2,4,,1,023,"US-101 N/B","LAKE MENDOCINO DR",1160.00,S,N,A,-,Y,,,,,,,,,,Y,2,0,4,3,A,-,17,22109,,N,C,C,A,A,H,-,D,D,0,,,,,Y,,A,01,1,2,1,0,0,0,0,0,0,"- ","- ",39.185359954833984,-123.21157073974609,MENDOCINO,UKIAH,-123.21102142333984,39.18817138671875
91964542,2022,2023-01-10,9150,2022-12-29,1435,020886,,4,2,9,2300,0,1,3,,2,042,SR-128,"ROAD 150B",90.00,W,N,B,C,Y,MEN,,128,,R,26.931,H,,R,Y,2,0,2,1,A,-,08,22107,,N,E,8,A,B,H,-,A,D,0,,,,,Y,,D,22,1,0,1,0,0,0,0,0,0,"- ","- ",39.030380249023438,-123.38613891601562,MENDOCINO,UNINCORPORATED,-123.38619995117188,39.030342102050781
94735373,2025,2025-06-23,9126,2025-06-13,1835,023915,,5,2,9,2300,0,3,5,,2,007,"BIRCH STREET","CLOVER ROAD",269.00,S,N,A,-,N,,,,,,,,,,N,2,0,1,1,A,-,03,22350,,N,E,A,A,A,H,-,A,D,0,,,,,Y,,M,95,1,0,0,0,0,0,0,0,0,"- ","- ",39.435760498046875,-123.3836669921875,MENDOCINO,UNINCORPORATED,-123.38371276855469,39.435768127441406
94738996,2025,2025-06-25,9150,2025-06-16,1634,018977,,1,2,9,2300,0,3,5,,2,005,"MOUNTAIN VIEW RD","OZ FARM RD",1584.00,E,N,A,-,N,,,,,,,,,,N,2,0,4,1,A,-,08,22107,,N,F,I,A,A,H,-,A,D,0,,,,,Y,,E,22,1,3,0,0,0,0,0,0,0,"- ","- ",38.955631256103516,-123.64663696289062,MENDOCINO,UNINCORPORATED,,
6878593,2015,2015-06-02,9150,2015-04-03,1250,019541,,5,1,9,2300,0,1,2,,2,022,"RT 101","RT 20",369.00,S,N,A,-,N,,,101,,,,,,,Y,2,0,5,2,A,-,17,22109,,N,C,C,A,A,H,-,A,D,0,,,,,Y,,A,08,1,0,4,0,0,0,0,0,0,"- ","- ",39.239440000000002,-123.20766,MENDOCINO,UNINCORPORATED,-123.20769931,39.239446090000001
90202425,2016,2016-06-15,9126,2016-06-04,1945,020886,,6,2,9,2300,0,1,2,,1,077,US-101,"STEEL LN",9504.00,S,N,B,-,Y,,,,,,,,,,Y,2,0,1,1,A,-,08,22107,,N,F,A,A,A,H,-,A,D,0,,,Y,,Y,,C,02,1,0,0,0,0,0,0,0,1,"- ","- ",,,MENDOCINO,UNINCORPORATED,,
90908529,2018,2019-01-22,9150,2018-12-31,1425,022170,,1,2,9,2300,0,1,2,,1,010,"US-101 S/B","LA FRANCHI RD",450.00,S,N,A,-,Y,,,101,,,,,,S,Y,2,0,3,3,A,-,05,21460,A,N,B,C,A,A,H,-,A,D,0,,,,,Y,,A,01,2,1,0,0,0,0,0,0,0,"- ","- ",38.956439971923828,-123.10794830322266,MENDOCINO,UNINCORPORATED,-123.10793304443359,38.956466674804688
91157797,2019,2020-01-02,9150,2019-12-21,0015,022170,,6,3,9,2300,0,3,5,,2,003,"EAST HILL RD",US-101,53.00,E,N,A,-,N,,,,,,,,,,Y,2,0,1,1,A,-,01,23152,A,N,F,I,A,B,H,-,D,D,0,,,,,Y,Y,A,07,1,0,0,0,0,0,0,0,0,"- ","- ",39.391498565673828,-123.33518981933594,MENDOCINO,UNINCORPORATED,-123.33519744873047,39.391429901123047
91355678,2020,2020-11-30,9150,2020-07-21,1258,022150,,2,1,9,2300,0,1,3,,1,065,SR-20,"S HARBOR DR",255.00,E,N,A,-,Y,,,20,,,,,,,Y,1,1,0,1,C,-,18,,,N,E,I,A,A,H,-,A,D,0,,,,,Y,,-,"- ",0,0,0,0,0,0,0,0,0,"- ","- ",39.419281005859375,-123.80290985107422,MENDOCINO,UNINCORPORATED,-123.80290985107422,39.419281005859375
92062434,2023,2023-05-05,9150,2023-03-21,"701 ",021527,,2,1,9,2300,0,1,2,,1,031,US-101,"GOLDEN RULE",12144.00,S,N,B,C,Y,MEN,,101," "," ",37.250,H,,R,N,1,1,0,1,A,-,08,22107,,N,E,I,A,B,H,-,A,D,0,,,,,Y,,A,07,0,0,0,0,0,0,0,0,0,"- ","- ",39.299839019775391,-123.28720855712891,MENDOCINO,UNINCORPORATED,-123.2872314453125,39.299785614013672
5912222,2014,2014-04-18,9150,2014-02-10,0145,20398,,1,3,9,2300,0,1,3,,1,062,"RT 1","LARKIN ST",415.00,S,N,C,-,Y,MEN,1,1,-,R,51.210,H,-,N,Y,1,1,0,1,A,-,01,23152,A,N,E,I,A,B,H,-,C,D,0,,,,,Y,Y,A,01,0,0,0,0,0,0,0,0,0,"- ","- ",,,MENDOCINO,UNINCORPORATED,-123.79828913999999,39.314888179999997
6291237,2014,2016-01-04,9126,2014-07-30,1425,019918,,3,2,9,2300,0,1,3,,2,050,"RT 162","DOS RIOS RD",21120.00,E,N,A,-,Y,MEN,1,162,-,-,19.290,H,-,W,Y,1,1,0,1,A,-,03,22350,,N,F,A,A,A,H,-,A,D,0,,,,Y,Y,,G,25,0,0,0,0,0,0,0,0,0,"- ","- ",39.711419999999997,-123.30068,MENDOCINO,UNINCORPORATED,-123.29961711,39.711823260000003
6353398,2014,2014-06-06,9150,2014-01-02,0958,17824,,4,1,9,2300,0,2,4,,1,023,"NORTH STATE ST","BRICARELLI DR",71.00,S,N,A,-,N,,,,,,,,,,Y,2,0,1,1,A,-,08,22107,,N,F,A,A,A,H,-,A,D,0,,,Y,,Y,,C,02,1,0,0,0,0,0,0,0,1,"- ","- ",,,MENDOCINO,UNINCORPORATED,-123.21084352,39.165980009999998
6473081,2014,2015-11-20,9150,2014-04-17,0743,016680,,4,1,3,2303,0,1,2,,2,021,"RT 101","FORD RD",490.00,S,N,A,-,Y,MEN,1,101,-,R,25.630,H,-,S,Y,2,0,1,2,A,-,07,21658,A,N,B,C,A,A,H,-,A,D,1,,,,,Y,,D,22,1,0,0,0,0,0,0,0,0,"- ","- ",39.165300000000002,-123.20191,MENDOCINO,UKIAH,-123.20348844,39.166224710000002
6475917,2014,2014-07-23,9150,2014-04-19,1455,18977,,6,2,9,2300,0,3,5,,2,001,"MOUNTAIN HOUSE RD","LA FRANCHI RD",8448.00,S,N,A,-,N,,,,,,,,,,Y,2,0,1,1,A,-,08,22107,,N,F,A,A,A,H,-,A,D,0,,,Y,,Y,,C,02,1,0,0,0,0,0,0,0,1,"- ","- ",38.944839999999999,-123.09518,MENDOCINO,UNINCORPORATED,-123.09445798,38.944952389999997
6505819,2014,2014-07-25,9150,2014-05-23,1929,020398,,5,2,9,2300,0,3,5,,2,006,"SIMPSON LN","DIGGER CREEK DR",172.00,E,N,A,-,N,,,,,,,,,,N,2,0,1,1,A,-,03,22350,,N,F,A,A,A,H,-,A,D,0,,,Y,,Y,,C,02,1,0,0,0,0,0,0,0,1,"- ","- ",,,MENDOCINO,UNINCORPORATED,-123.77755291,39.393230000000003
6514732,2014,2015-11-20,9126,2014-06-11,1805,020368,,3,2,9,2300,0,1,2,,2,011,"US 101",REYNOLDS,3168.00,N,N,A,-,Y,MEN,1,101,-,R,102.470,H,-,N,Y,2,0,2,1,A,-,08,22107,,N,E,I,A,A,H,-,A,D,1,,,,,Y,,A,07,1,1,0,0,0,0,0,0,0,"- ","- ",,,MENDOCINO,UNINCORPORATED,-123.78046365,39.952239179999999
6518592,2014,2014-07-30,9150,2014-05-17,1917,14929,,6,2,9,2300,0,2,4,,1,023,"NORTH STATE ST","WEST RD",1197.00,S,N,A,-,N,,,,,,,,,,Y,2,0,1,1,A,-,01,23152,A,N,E,I,A,A,H,-,A,D,0,,,Y,,Y,Y,C,02,1,0,0,0,0,0,0,0,1,"- ","- ",39.260069999999999,-123.22020999999999,MENDOCINO,UNINCORPORATED,-123.22020755,39.259981279999998
6540381,2014,2015-11-20,9150,2014-06-11,1610,014435,,3,2,9,2300,0,1,3,,2,042,"RT 128","LAMBERT LN",224.00,E,N,A,-,Y,MEN,1,128,-,-,28.790,H,-,E,Y,2,0,1,3,A,-,09,21801,A,N,D,C,A,A,H,-,A,D,0,,,Y,,Y,,D,22,1,0,0,0,0,0,0,0,1,"- ","- ",39.00855,-123.36654,MENDOCINO,UNINCORPORATED,-123.36680335,39.008591979999999
6549764,2014,2015-11-20,9150,2014-06-20,2145,020517,,5,2,9,2300,0,1,2,,1,012,"RT 101","CENTER ST",0.00,,Y,A,-,Y,MEN,1,101,-,-,11.020,I,5,N,N,2,0,1,2,A,-,10,21950,A,N,G,B,B,A,H,-,C,D,0,Y,,,,Y,Y,A,01,1,0,0,0,1,0,0,0,0,"- ","- ",38.973199999999999,-123.11637,MENDOCINO,UNINCORPORATED,-123.11639346,38.973101990000004
6583400,2014,2014-08-18,9126,2014-07-13,0150,020482,,7,3,9,2300,0,3,5,,2,007,"GOOSE RD","PERCH ST",528.00,E,N,A,-,N,,,,,,,,,,Y,2,0,1,1,C,-,18,,,N,H,A,A,A,H,-,D,D,0,,,,,Y,,-,"- ",1,0,0,0,0,0,0,0,0,"- ","- ",39.44162,-123.39764,MENDOCINO,UNINCORPORATED,-123.39786296,39.441646779999999
6596416,2014,2016-04-23,9126,2014-08-10,1740,020368,,7,2,9,2300,0,1,3,,2,010,"RT 1","RT 101",20064.00,S,N,A,-,Y,MEN,1,1,-,-,102.130,H,-,N,N,2,0,1,1,A,-,08,22107,,N,F,A,A,A,H,-,A,D,0,,,Y,,Y,,C,02,1,0,0,0,0,0,0,0,1,"- ","- ",39.852930000000001,-123.74454,MENDOCINO,UNINCORPORATED,-123.74451878000001,39.852896860000001
6606085,2014,2015-12-29,9150,2014-05-25,1320,12930,,7,1,9,2300,0,1,3,,1,064,"RT 1","LITTLE VALLEY RD",3168.00,S,N,A,-,Y,MEN,1,1,-,-,66.240,H,-,N,Y,1,1,2,2,A,-,05,21460,A,N,A,C,A,A,H,-,A,D,0,,,,,Y,,A,01,1,0,1,0,0,0,0,0,0,"- ","- ",39.501849999999997,-123.77278,MENDOCINO,UNINCORPORATED,-123.77279294,39.501827290000001
6606229,2014,2014-10-06,9150,2014-04-17,1109,18977,,4,1,9,2300,0,1,2,,1,012,"RT 101","EL ROBLE RD",6336.00,S,N,A,-,Y,MEN,1,101,-,-,18.480,H,-,N,Y,1,2,2,2,A,-,08,22107,,N,B,C,A,A,H,-,A,D,1,,,,,Y,,D,22,1,1,0,0,0,0,0,0,0,"- ","- ",39.068049999999999,-123.16843,MENDOCINO,UNINCORPORATED,-123.16903866,39.069639500000001
6606841,2014,2016-02-10,9150,2014-08-26,1415,19133,,2,2,9,2300,0,1,3,,2,061,"RT 128","RT 1",24816.00,E,N,A,-,Y,MEN,1,128,-,-,4.700,H,-,W,Y,2,0,2,2,A,-,05,21460,A,N,A,C,A,A,H,-,A,D,0,,,,,Y,,D,22,1,1,0,0,0,0,0,0,0,"- ","- ",39.17398,-123.67498999999999,MENDOCINO,UNINCORPORATED,-123.67898326,39.177526329999999