CASE_ID,ACCIDENT_YEAR,PROC_DATE,JURIS,COLLISION_DATE,COLLISION_TIME,OFFICER_ID,REPORTING_DISTRICT,DAY_OF_WEEK,CHP_SHIFT,POPULATION,CNTY_CITY_LOC,SPECIAL_COND,BEAT_TYPE,CHP_BEAT_TYPE,CITY_DIVISION_LAPD,CHP_BEAT_CLASS,BEAT_NUMBER,PRIMARY_RD,SECONDARY_RD,DISTANCE,DIRECTION,INTERSECTION,WEATHER_1,WEATHER_2,STATE_HWY_IND,CALTRANS_COUNTY,CALTRANS_DISTRICT,STATE_ROUTE,ROUTE_SUFFIX,POSTMILE_PREFIX,POSTMILE,LOCATION_TYPE,RAMP_INTERSECTION,SIDE_OF_HWY,TOW_AWAY,COLLISION_SEVERITY,NUMBER_KILLED,NUMBER_INJURED,PARTY_COUNT,PRIMARY_COLL_FACTOR,PCF_CODE_OF_VIOL,PCF_VIOL_CATEGORY,PCF_VIOLATION,PCF_VIOL_SUBSECTION,HIT_AND_RUN,TYPE_OF_COLLISION,MVIW,PED_ACTION,ROAD_SURFACE,ROAD_COND_1,ROAD_COND_2,LIGHTING,CONTROL_DEVICE,CHP_ROAD_TYPE,PEDESTRIAN_ACCIDENT,BICYCLE_ACCIDENT,MOTORCYCLE_ACCIDENT,TRUCK_ACCIDENT,NOT_PRIVATE_PROPERTY,ALCOHOL_INVOLVED,STWD_VEHTYPE_AT_FAULT,CHP_VEHTYPE_AT_FAULT,COUNT_SEVERE_INJ,COUNT_VISIBLE_INJ,COUNT_COMPLAINT_PAIN,COUNT_PED_KILLED,COUNT_PED_INJURED,COUNT_BICYCLIST_KILLED,COUNT_BICYCLIST_INJURED,COUNT_MC_KILLED,COUNT_MC_INJURED,PRIMARY_RAMP,SECONDARY_RAMP,LATITUDE,LONGITUDE,COUNTY,CITY,POINT_X,POINT_Y
6732667,2014,2016-06-11,9150,2014-11-24,1055,19403,,1,1,9,2300,0,1,3,,1,052,"RT 1","NAVARRO WY",528.00,N,N,A,-,Y,MEN,1,1,-,R,25.120,H,-,N,N,2,0,1,1,C,-,18,,,N,F,A,A,A,H,-,A,D,0,,Y,,,Y,,-,"- ",1,0,0,0,0,0,1,0,0,"- ","- ",39.030639999999998,-123.68822,MENDOCINO,UNINCORPORATED,-123.68838438,39.029677149999998
6735942,2014,2016-06-16,9126,2014-12-01,0317,020886,,1,3,9,2300,0,1,2,,1,077,"RT 101","RT 162",528.00,N,N,B,C,Y,MEN,1,101,-,-,59.460,H,-,S,Y,2,0,1,1,A,-,08,22107,,N,F,A,A,B,H,-,D,D,0,,,,,Y,,A,01,1,0,0,0,0,0,0,0,0,"- ","- ",39.556469999999997,-123.4314,MENDOCINO,UNINCORPORATED,-123.4321218,39.556899340000001
6739012,2014,2015-01-21,9126,2014-11-21,1400,20431,,5,2,9,2300,0,3,5,,2,007,"MADRON DR","CASTEEL LN",528.00,S,N,B,C,N,,,,,,,,,,Y,2,0,1,2,A,-,21,22106,,N,B,E,A,B,H,-,A,D,0,,,,,Y,,A,01,1,0,0,0,0,0,0,0,0,"- ","- ",39.448349999999998,-123.37547000000001,MENDOCINO,UNINCORPORATED,-123.37515055999999,39.448447250000001
6748231,2014,2016-06-16,9126,2014-12-12,0935,019918,,5,1,9,2300,0,1,2,,1,077,"RT 101","SHERWOOD RD",5280.00,N,N,B,C,Y,MEN,1,101,-,-,48.140,H,-,N,Y,2,0,2,2,A,-,03,22350,,N,D,C,A,B,H,-,A,D,0,,,,,Y,,A,01,1,0,1,0,0,0,0,0,0,"- ","- ",39.427570000000003,-123.35756000000001,MENDOCINO,UNINCORPORATED,-123.35749598,39.427705179999997
6784005,2015,2016-09-27,9150,2015-01-06,1140,019181,,2,1,9,2300,0,1,2,,1,031,"RT 101","RIDGEWOOD RD",3696.00,S,N,A,-,Y,MEN,1,101,-,R,38.730,H,-,S,N,2,0,1,3,A,-,03,22350,,N,F,A,A,A,H,-,A,D,1,,Y,,Y,Y,,L,04,1,0,0,0,0,0,1,0,0,"- ","- ",39.314770000000003,-123.29866,MENDOCINO,UNINCORPORATED,-123.29841436,39.314392550000001
6806188,2015,2015-02-24,9126,2015-01-20,0452,014469,,2,3,9,2300,0,3,5,,2,555,"COUNTY ROAD 309","HEARST/WILLITS RD",1056.00,E,N,E,-,N,,,,,,,,,,Y,2,0,1,1,A,-,03,22350,,N,E,I,A,B,H,-,D,A,0,,,,,Y,,A,01,1,0,0,0,0,0,0,0,0,"- ","- ",39.248089999999998,-123.19316000000001,MENDOCINO,UNINCORPORATED,,
6854709,2015,2017-05-09,9150,2015-05-15,1930,20517,,5,2,9,2300,0,1,3,,1,013,"RT 175","OLD TOLL RD",1056.00,E,N,A,-,Y,MEN,1,175,-,-,3.010,H,-,E,Y,1,1,0,2,A,-,08,22107,,N,F,A,A,A,H,-,A,D,0,,,Y,,Y,,C,02,0,0,0,0,0,0,0,1,0,"- ","- ",38.978990000000003,-123.06819,MENDOCINO,UNINCORPORATED,-123.06810928,38.97898258
6928906,2015,2015-06-10,9150,2015-05-12,2140,20398,,2,2,9,2300,0,3,5,,2,005,"PACIFIC WOODS RD","TIGER TAIL TR",0.00,,Y,A,-,N,,,,,,,,,,Y,2,0,3,1,A,-,01,23152,A,N,E,I,A,A,H,-,D,D,0,,,,,Y,Y,A,01,2,0,1,0,0,0,0,0,0,"- ","- ",,,MENDOCINO,UNINCORPORATED,-123.53119999,38.783139949999999
6950834,2015,2016-11-02,9150,2015-05-09,0500,19403,,6,3,9,2300,0,1,3,,1,064,"RT 1","OCEAN MEADOWS CIR",4224.00,N,N,A,-,Y,MEN,1,1,-,-,71.140,H,-,S,Y,2,0,1,2,A,-,05,21460,A,F,A,C,A,A,H,-,D,D,0,,,,,Y,,D,22,1,0,0,0,0,0,0,0,0,"- ","- ",39.527349999999998,-123.75964,MENDOCINO,UNINCORPORATED,-123.76643645,39.565209070000002
6957570,2015,2016-11-05,9126,2015-06-04,1455,20886,,4,2,9,2300,0,1,3,,2,050,"RT 162","DOS RIOS RD",7709.00,S,N,A,-,Y,MEN,1,162,-,-,13.680,H,-,E,Y,2,0,1,1,A,-,08,22107,,N,F,A,A,A,H,-,A,D,0,,,,,Y,,D,22,1,0,0,0,0,0,0,0,0,"- ","- ",,,MENDOCINO,UNINCORPORATED,-123.36014766,39.696644069999998
6958303,2015,2016-11-05,9150,2015-05-31,1609,15775,,7,2,9,2300,0,1,3,,1,013,"RT 175","BUCKMAN DR",8237.00,E,N,A,-,Y,MEN,1,175,-,-,4.560,H,-,W,Y,2,0,2,1,A,-,08,22107,,N,E,I,A,A,H,-,A,D,0,,,,,Y,,A,01,2,0,0,0,0,0,0,0,0,"- ","- ",38.973999999999997,-123.04152999999999,MENDOCINO,UNINCORPORATED,-123.04217545,38.974233990000002
6964446,2015,2016-11-04,9126,2015-06-08,1530,020988,,1,2,9,2300,0,1,2,,1,077,"RT 101","SHERWOOD RD",5808.00,N,N,B,-,Y,MEN,1,101,-,-,63.670,H,-,S,Y,2,0,3,1,A,-,08,22107,,N,E,I,A,A,H,-,A,D,0,,,,,Y,,A,01,3,0,0,0,0,0,0,0,0,"- ","- ",,,MENDOCINO,UNINCORPORATED,-123.45910064,39.611616069999997
6978442,2015,2016-11-05,9126,2015-06-25,2300,019194,,4,3,9,2300,0,1,3,,2,030,"RT 271","DIMMICK RD",5280.00,N,N,B,-,Y,MEN,1,271,-,-,21.200,H,-,S,N,2,0,1,1,C,-,18,,,N,H,H,A,A,H,-,D,D,0,,,Y,,Y,,-,"- ",1,0,0,0,0,0,0,0,1,"- ","- ",39.985120000000002,-123.79852,MENDOCINO,UNINCORPORATED,-123.79764432,39.985460969999998
6989675,2015,2017-01-12,9150,2015-07-06,0958,019181,,1,1,9,2300,0,1,3,,2,042,"RT 128","INDIAN CREEK RD",10.00,E,N,A,-,Y,MEN,1,128,-,-,23.400,H,-,W,Y,2,0,1,2,A,-,05,21460,A,N,B,C,A,A,H,-,A,D,0,,,,,Y,,A,01,1,0,0,0,0,0,0,0,0,"- ","- ",39.060789999999997,-123.43601,MENDOCINO,UNINCORPORATED,-123.43587085,39.060557789999997
7091686,2015,2016-11-04,2304,2015-05-30,1228,3375,,6,5,2,2304,0,0,0,,0,,"RT 101","EVERGREEN SHOPPING CENTER ENT",388.00,,N,A,-,Y,MEN,1,101,-,-,45.410,H,-,N,Y,2,0,1,1,A,-,08,22107,,N,E,I,A,A,H,-,A,D,0,,,,,Y,,-,"- ",1,0,0,0,0,0,0,0,0,"- ","- ",,,MENDOCINO,WILLITS,-123.34703865,39.391184950000003
8024052,2016,2017-02-18,2301,2016-04-07,0928,62,2301,4,5,2,2301,0,0,0,,0,,"RT 1","E PINE ST",0.00,,Y,A,-,Y,MEN,1,1,-,-,61.646,I,5,S,N,2,0,1,2,A,-,12,22450,A,N,G,B,B,A,H,-,A,A,0,Y,,,,Y,,D,22,1,0,0,0,1,0,0,0,0,"- ","- ",,,MENDOCINO,"FORT BRAGG",-123.80595321,39.446743159999997
8112447,2016,2016-11-07,2303,2016-08-17,1723,469,2303,3,5,3,2303,0,0,0,,0,001,"NORTH ORCHARD AV","N ORCHARD AV 200",0.00,,-,A,-,N,,,,,,,,,,N,2,0,1,2,A,-,09,21801,A,N,D,G,A,A,A,-,A,D,0,,Y,,,Y,,A,01,1,0,0,0,0,0,1,0,0,"- ","- ",,,MENDOCINO,UKIAH,-123.19910288,39.152388809999998
8203688,2016,2017-01-10,2303,2016-12-09,1941,479,2303,5,5,3,2303,0,0,0,,0,002,"EAST GOBBI ST","OAK MANOR DR",317.00,W,N,B,-,N,,,,,,,,,,N,2,0,1,2,A,-,01,23152,,F,G,B,F,B,H,-,D,D,0,Y,,,,Y,Y,D,22,1,0,0,0,1,0,0,0,0,"- ","- ",,,MENDOCINO,UKIAH,-123.19300079,39.145230239999997
8551061,2018,2018-02-12,2303,2018-01-18,0915,4C7,2303,4,5,3,2303,0,0,0,,0,002,"SOUTH STATE ST","EAST PERKINS ST",0.00,,Y,C,-,N,,,,,,,,,,N,2,0,1,2,A,-,17,21451,A,N,G,B,B,B,H,-,A,A,0,Y,,,,Y,,A,01,1,0,0,0,1,0,0,0,0,"- ","- ",,,MENDOCINO,UKIAH,-123.20767211914062,39.150028228759766
8573976,2018,2018-03-20,2303,2018-02-09,1649,4C7,2303,5,5,3,2303,0,0,0,,0,001,"MAIN ST","E SMITH ST",138.00,N,N,A,-,N,,,,,,,,,,N,2,0,1,2,D,-,00,,,N,G,B,F,A,H,-,B,D,0,Y,,,,Y,Y,-,"- ",1,0,0,0,1,0,0,0,0,"- ","- ",,,MENDOCINO,UKIAH,-123.20710754394531,39.151782989501953
8648555,2018,2019-01-25,2303,2018-09-14,1300,484,2303,5,5,3,2303,0,0,0,,0,002,"TALMAGE RD","HASTINGS RD",0.00,,Y,A,-,N,,,,,,,,,,N,1,1,0,2,A,-,06,21755,A,N,-,G,A,A,H,-,A,D,0,,Y,,Y,Y,,L,04,0,0,0,0,0,1,0,0,0,"- ","- ",,,MENDOCINO,UKIAH,-123.19207000732422,39.136058807373047
8886037,2019,2020-05-29,2301,2019-05-30,1833,60,2301,4,5,2,2301,0,0,0,,0,,"BOAT YARD DR","RT 20",201.00,N,N,A,-,Y,MEN,1,20,-,R,0.122,I,6,W,Y,2,0,1,2,A,-,09,21801,A,N,H,C,A,A,H,-,A,D,0,,,,,Y,,A,01,1,0,0,0,0,0,0,0,0,"- ","- ",,,MENDOCINO,"FORT BRAGG",-123.80572509765625,39.419754028320312
8921269,2019,2020-06-30,2304,2019-01-25,0639,3495,,5,5,2,2304,0,0,0,,0,,"RT 101","STATE ST",26.00,N,N,E,-,Y,MEN,1,101,U,-,47.065,H,-,N,N,2,0,1,2,A,-,08,22100,A,N,G,B,F,A,H,-,C,D,0,Y,,,,Y,,D,22,1,0,0,0,1,0,0,0,0,"- ","- ",,,MENDOCINO,WILLITS,-123.03369140625,38.855907440185547
90005187,2015,2015-10-19,9126,2015-07-13,1830,020607,,1,2,9,2300,0,1,2,,2,011,SR-1,"MILLBANK ROAD",1584.00,W,N,A,-,Y,,,,,,,,,,Y,2,0,1,2,A,-,05,21460,A,N,A,C,A,A,H,-,A,D,0,,,Y,,Y,,C,02,1,0,0,0,0,0,0,0,1,"- ","- ",,,MENDOCINO,UNINCORPORATED,,
90007679,2015,2015-10-19,9150,2015-07-25,1315,021012,,6,1,9,2300,0,1,2,,1,012,US-101,"HENRY STATION RD.",2640.00,S,N,A,-,Y,,,101,,,,,,,Y,2,0,4,3,A,-,08,22107,,N,B,C,A,A,H,-,A,D,0,,,,,Y,,E,22,2,2,0,0,0,0,0,0,0,"- ","- ",39.037120000000002,-123.14547,MENDOCINO,UNINCORPORATED,-123.14540486999999,39.037164869999998
90010265,2015,2015-10-19,9150,2015-08-08,0140,021012,,6,3,9,2300,0,1,3,,2,041,SR-128,SR-253,6336.00,S,N,A,-,Y,,,128,,,,,,,Y,2,0,1,1,A,-,01,23152,A,N,E,I,A,A,H,-,D,D,0,,,,,Y,Y,D,22,1,0,0,0,0,0,0,0,0,"- ","- ",38.983359999999998,-123.35052,MENDOCINO,UNINCORPORATED,-123.35048924,38.983357910000002
90017256,2015,2015-10-19,9150,2015-09-06,1254,021012,,7,1,9,2300,0,3,5,,2,002,"ORR SPRINGS RD.","HOE RD.",6336.00,W,N,A,-,N,,,,,,,,,,Y,2,0,1,1,A,-,08,22107,,N,E,I,A,A,H,-,A,D,0,,,,,Y,,A,01,1,0,0,0,0,0,0,0,0,"- ","- ",39.2318,-123.46042,MENDOCINO,UNINCORPORATED,-123.461585,39.231196140000002
90026875,2015,2015-10-19,9150,2015-07-12,1619,020927,,7,2,9,2300,0,1,3,,1,062,"SR-1 S/B","BOICE LN",200.00,S,N,A,-,Y,,,1,,,,,,S,N,1,1,0,2,A,-,08,22107,,F,C,G,A,A,H,-,A,D,0,,Y,,,Y,Y,D,22,0,0,0,0,0,1,0,0,0,"- ","- ",39.400930000000002,-123.80916999999999,MENDOCINO,UNINCORPORATED,-123.80911383,39.400926570000003
90038485,2015,2015-10-26,9150,2015-10-19,0705,015775,,1,1,9,2300,0,1,2,,1,012,"US-101 N/B","EL ROBLE RD",6917.00,S,N,A,-,Y,,,101,,,,,,N,Y,2,0,1,1,A,-,08,22107,,N,E,I,A,A,D,-,A,D,0,,,,,Y,,A,01,1,0,0,0,0,0,0,0,0,"- ","- ",39.07985,-123.17963,MENDOCINO,UNINCORPORATED,-123.17976683000001,39.079775290000001
90040220,2015,2015-11-19,9150,2015-08-15,1117,017824,,6,1,9,2300,0,1,2,,1,012,US-101,"COUNTY ROAD 112A",53.00,N,N,A,-,Y,,,,,,,,,,Y,1,1,1,1,A,-,08,22107,,N,F,A,A,A,H,-,A,D,0,,,,,Y,,A,01,0,1,0,0,0,0,0,0,0,"- ","- ",39.998460000000001,-123.11772000000001,MENDOCINO,UNINCORPORATED,-123.11788903999999,38.986863800000002
9004620,2019,2020-01-06,2303,2019-11-27,1723,87,2303,3,5,3,2303,0,0,0,,0,002,"SOUTH STATE ST","THOMAS ST",73.00,S,N,B,-,N,,,,,,,,,,Y,2,0,1,2,A,-,03,22350,,N,E,B,C,B,H,-,C,D,0,Y,,,,Y,,D,22,1,0,0,0,1,0,0,0,0,"- ","- ",,,MENDOCINO,UKIAH,-123.20561981201172,39.137851715087891
90054097,2015,2015-11-19,9150,2015-11-03,1055,016075,,2,1,9,2300,0,3,5,,2,002,"VICHY SPRINGS RD","OAK MANOR DR.",1056.00,E,N,A,-,N,,,,,,,,,,Y,2,0,1,1,A,-,03,22350,,N,E,I,A,A,H,-,A,D,0,,,,,Y,,A,01,1,0,0,0,0,0,0,0,0,"- ","- ",39.151780000000002,-123.19123999999999,MENDOCINO,UNINCORPORATED,-123.18940338,39.152748850000002
90054842,2015,2016-01-21,9126,2015-11-07,0920,020431,,6,1,9,2300,0,1,2,,2,055,US-101,"SPYROCK ROAD",12672.00,S,N,A,-,Y,,,,,,,,,,Y,2,0,1,3,A,-,05,21651,A,N,B,C,A,A,D,-,A,D,0,,,,Y,Y,,A,01,1,0,0,0,0,0,0,0,0,"- ","- ",,,MENDOCINO,UNINCORPORATED,-123.54370197,39.765217880000002
90066677,2015,2015-12-07,9150,2015-11-24,0140,020744,,2,3,9,2300,0,2,4,,2,025,"WEST RD","MOHAWK TRAIL",230.00,N,N,A,-,N,,,,,,,,,,Y,2,0,2,1,A,-,08,22107,,N,E,I,A,A,H,-,D,D,0,,,,,Y,,A,01,2,0,0,0,0,0,0,0,0,"- ","- ",39.292520000000003,-123.2199,MENDOCINO,UNINCORPORATED,-123.21987,39.2930317
90072541,2015,2015-12-14,9126,2015-11-01,1340,014469,,7,1,9,2300,0,1,2,,1,077,"US-101 (REDWOOD HIGHWAY)","N. RYAN CREEK RD.",1056.00,N,N,B,-,Y,,,,,,,,,,Y,1,1,0,2,A,-,01,23152,A,N,E,I,A,B,H,-,A,D,0,,,,,Y,Y,A,01,0,0,0,0,0,0,0,0,0,"- ","- ",39.290399999999998,-123.21646,MENDOCINO,UNINCORPORATED,-123.36137294,39.482904869999999
90113408,2016,2016-02-11,9150,2016-02-05,1705,020090,,5,2,9,2300,0,3,5,,2,006,"COMPTCHE UKIAH RD",SR-1,19008.00,E,N,A,-,N,,,,,,,,,,Y,2,0,1,1,A,-,03,22350,,N,E,I,A,B,H,-,B,D,0,,,,,Y,,A,01,1,0,0,0,0,0,0,0,0,"- ","- ",39.27957,-123.73468,MENDOCINO,UNINCORPORATED,-123.74396,39.281289999999998
90122502,2016,2016-02-24,9150,2016-02-09,1143,018977,,2,1,9,2300,0,1,2,,1,031,US-101,"WALKER RD",2112.00,S,N,A,-,Y,,,101,,,,,,,Y,2,0,1,1,A,-,03,22350,,N,F,A,A,A,D,-,A,D,0,,,,Y,Y,,G,25,1,0,0,0,0,0,0,0,0,"- ","- ",39.374789999999997,-123.32519000000001,MENDOCINO,UNINCORPORATED,-123.32514332,39.374879999999997
90128798,2016,2016-03-03,9126,2016-02-25,0110,014435,,4,3,9,2300,0,3,5,,2,007,"SHERWOOD RD","POPPY DR",22.00,E,N,A,-,N,,,,,,,,,,Y,2,0,1,1,A,-,01,23152,A,N,E,I,A,A,H,-,D,D,0,,,,,Y,Y,D,22,1,0,0,0,0,0,0,0,0,"- ","- ",,,MENDOCINO,UNINCORPORATED,-123.38767867999999,39.45926188
90128954,2016,2016-03-03,9150,2016-02-20,1716,021012,,6,2,9,2300,0,1,3,,1,065,SR-20,"LITTLE LAKE RD.",5280.00,E,N,A,-,Y,,,20,,,,,,,Y,2,0,2,1,C,-,18,,,N,E,I,A,A,H,-,B,D,0,,,,,Y,,-,"- ",1,1,0,0,0,0,0,0,0,"- ","- ",39.367669999999997,-123.67870000000001,MENDOCINO,UNINCORPORATED,-123.67874062,39.367654899999998
90140155,2016,2016-03-21,9150,2016-03-05,1550,020581,,6,2,9,2300,0,1,2,,1,010,"US 101","PIETA CREEK",13728.00,N,N,C,-,Y,,,,,,,,,,Y,2,0,3,2,A,-,03,22350,,N,A,C,A,B,H,-,A,D,0,,,,,Y,,A,01,2,1,0,0,0,0,0,0,0,"- ","- ",38.940170000000002,-123.07371000000001,MENDOCINO,UNINCORPORATED,,
9014027,2019,2020-01-15,2303,2019-09-19,1357,4C7,2303,4,5,3,2303,0,0,0,,0,001,"NORTH BUSH ST","ARLINGTON DR",0.00,,Y,A,-,N,,,,,,,,,,Y,2,0,2,1,A,-,08,22107,,N,E,I,A,A,H,-,A,A,0,,,,,Y,,A,01,1,0,1,0,0,0,0,0,0,"- ","- ",,,MENDOCINO,UKIAH,-123.21475219726562,39.162479400634766
90142697,2016,2016-03-24,9126,2016-03-07,1130,021219,,1,1,9,2300,0,1,3,,2,050,SR-162,US-101,101376.00,E,N,A,-,Y,,,162,,,,,,,N,2,0,1,2,A,-,03,22350,,N,F,A,A,A,H,-,A,D,0,,,Y,,Y,,C,02,1,0,0,0,0,0,0,0,1,"- ","- ",39.711739999999999,-123.29947,MENDOCINO,UNINCORPORATED,-123.29945913,39.711777660000003
90162320,2016,2016-04-21,9150,2016-04-08,2040,013172,,5,2,9,2300,0,1,3,,1,062,"SR-1 N/B","CASPAR RD",60.00,N,N,B,-,Y,,,1,,,,,,N,Y,2,0,2,1,A,-,01,23152,A,N,E,I,A,A,H,-,D,D,0,,,,,Y,Y,D,22,1,0,1,0,0,0,0,0,0,"- ","- ",39.37312,-123.81562,MENDOCINO,UNINCORPORATED,-123.81567796,39.37309243
90164275,2016,2016-04-25,9150,2016-04-04,2106,021012,,1,2,9,2300,0,3,5,,2,006,"PUDDING CREEK RD.","JOHN HYMAN RD.",1056.00,E,N,A,-,N,,,,,,,,,,Y,2,0,1,1,A,-,03,22350,,N,E,I,A,A,H,-,D,D,0,,,,,Y,,A,01,1,0,0,0,0,0,0,0,0,"- ","- ",39.4512,-123.79693,MENDOCINO,UNINCORPORATED,-123.79641633,39.450953400000003
90178250,2016,2016-05-12,9150,2016-05-04,1912,020927,,3,2,9,2300,0,1,3,,1,064,SR-20,"INDIAN SPRINGS RD",2640.00,E,N,B,-,Y,,,20,,,,,,,Y,2,0,2,2,A,-,03,22350,,N,A,C,A,A,H,-,A,D,0,,,,,Y,,A,01,1,1,0,0,0,0,0,0,0,"- ","- ",39.359220000000001,-123.648,MENDOCINO,UNINCORPORATED,-123.64799021,39.359206309999998
90188459,2016,2016-05-26,9150,2016-03-02,2118,021014,,3,2,9,2300,0,1,3,,2,016,"SR-222 (TALMAGE RD.)","BABCOCK LN",1295.00,E,N,C,-,Y,,,222,,,,,,,Y,1,1,0,2,A,-,11,21954,A,N,G,B,E,B,H,-,D,D,0,Y,,,,Y,Y,N,60,0,0,0,1,0,0,0,0,0,"- ","- ",39.134869999999999,-123.18768,MENDOCINO,UNINCORPORATED,-123.18768708,39.134847069999999
90213117,2016,2016-06-30,9150,2016-06-14,0205,020744,,2,3,9,2300,0,2,4,,2,025,"TOMKI RD","WEST RD",1601.00,N,N,A,-,N,,,,,,,,,,Y,1,1,0,1,A,-,01,23152,A,N,E,I,A,A,H,-,D,D,0,,,,,Y,Y,A,07,0,0,0,0,0,0,0,0,0,"- ","- ",39.31588,-123.22403,MENDOCINO,UNINCORPORATED,-123.22393279000001,39.315808420000003
90218407,2016,2016-07-07,9150,2016-06-23,2026,020744,,4,2,9,2300,0,3,5,,2,003,"E. HILL RD.","EASTSIDE RD.",1820.00,W,N,A,-,N,,,,,,,,,,Y,2,0,6,1,A,-,08,22107,,N,E,I,A,A,H,-,B,D,0,,,,,Y,Y,A,07,2,3,1,0,0,0,0,0,0,"- ","- ",39.391300000000001,-123.3095,MENDOCINO,UNINCORPORATED,-123.30942048999999,39.391300090000001
90220284,2016,2016-07-11,9126,2016-06-30,2020,020886,,4,2,9,2300,0,1,2,,1,077,US-101,"STEELE LN",8976.00,S,N,A,-,Y,,,,,,,,,,Y,2,0,1,1,A,-,08,22107,,N,E,I,A,A,H,-,B,D,0,,,Y,,Y,Y,C,02,1,0,0,0,0,0,0,0,1,"- ","- ",,,MENDOCINO,UNINCORPORATED,-123.46286234999999,39.630051119999997
90229882,2016,2016-07-25,9150,2016-06-22,1213,021012,,3,1,9,2300,0,1,3,,1,065,SR-20,"GRAVEL PIT RD.",11616.00,E,N,A,-,Y,,,20,,,,,,,Y,1,1,1,2,A,-,05,21460,A,N,B,C,A,A,H,-,A,D,0,,,Y,Y,Y,,C,02,1,0,0,0,0,0,0,1,1,"- ","- ",39.404940000000003,-123.73408999999999,MENDOCINO,UNINCORPORATED,-123.73407948000001,39.404921989999998
90244126,2016,2016-08-25,9150,2016-08-05,2500,019541,,5,4,9,2300,0,2,4,,1,018,"RT 253","SR 128",50688.00,E,N,A,-,Y,,,253,,,,,,,Y,1,1,0,1,A,-,08,22107,,N,F,A,A,A,H,-,A,D,0,,,,,Y,,D,22,0,0,0,0,0,0,0,0,0,"- ","- ",39.048639999999999,-123.25082999999999,MENDOCINO,UNINCORPORATED,-123.250818,39.048622909999999
90253164,2016,2016-08-25,9150,2016-07-19,0758,020200,,2,1,9,2300,0,1,2,,1,012,"US-101 N/B","HENRY STATION RD",4224.00,S,N,A,-,Y,,,101,,,,,,N,Y,1,1,0,1,A,-,01,23152,A,N,E,I,A,A,H,-,A,D,0,,,,,Y,Y,A,01,0,0,0,0,0,0,0,0,0,"- ","- ",39.033949999999997,-123.14310999999999,MENDOCINO,UNINCORPORATED,-123.14317862999999,39.033903610000003
90262968,2016,2016-09-08,9150,2016-08-26,0030,020090,,5,3,9,2300,0,1,3,,1,065,SR-20,"QUAIL CT.",7920.00,E,N,B,-,Y,,,20,,,,,,,Y,2,0,1,1,A,-,08,22107,,N,E,I,A,B,H,-,D,D,0,,,,,Y,,A,01,1,0,0,0,0,0,0,0,0,"- ","- ",39.404310000000002,-123.73541,MENDOCINO,UNINCORPORATED,-123.73553766000001,39.404342530000001
90265759,2016,2016-09-12,9150,2016-08-26,2500,021014,,5,4,9,2300,0,3,5,,2,001,"PACIFIC WOODS RD","TIGER TAIL TR",2112.00,E,N,A,-,N,,,,,,,,,,Y,2,0,1,1,A,-,08,22107,,F,E,I,A,A,H,-,A,D,0,,,,,Y,,D,22,1,0,0,0,0,0,0,0,0,"- ","- ",38.788629999999998,-123.52678,MENDOCINO,UNINCORPORATED,-123.52835266,38.787815649999999
90267959,2016,2016-09-15,9150,2016-07-20,1153,019107,,3,1,9,2300,0,1,2,,1,031,"US 101 (NORTHBOUND)","WALKER ROAD",8976.00,S,N,A,-,Y,,,,,,,,,,Y,1,1,0,2,C,-,18,,,F,E,J,A,A,H,-,A,D,0,,,,,Y,,-,"- ",0,0,0,0,0,0,0,0,0,"- ","- ",39.359029999999997,-123.31728,MENDOCINO,UNINCORPORATED,-123.31734357000001,39.358994799999998
90275696,2016,2016-09-26,9150,2016-09-13,1200,020927,,2,1,9,2300,0,1,3,,1,064,SR-1,"ROCKPORT ST.",5808.00,S,N,A,-,Y,,,1,,,,,,,Y,2,0,1,1,C,-,18,,,N,H,H,A,A,H,-,A,D,0,,,Y,,Y,,-,"- ",1,0,0,0,0,0,0,0,1,"- ","- ",39.727899999999998,-123.81462000000001,MENDOCINO,UNINCORPORATED,-123.81476053999999,39.727982269999998
90287481,2016,2016-10-10,9150,2016-09-28,2135,021014,,3,2,9,2300,0,3,5,,2,002,"BURKE HILL DR.","BURKE HILL OVPS",350.00,N,N,A,-,N,,,,,,,,,,N,2,0,1,1,A,-,01,23152,E,N,H,A,A,A,H,-,D,D,0,,,Y,,Y,,C,06,1,0,0,0,0,0,0,0,1,"- ","- ",39.084330000000001,-123.18311,MENDOCINO,UNINCORPORATED,-123.19064836,39.098012050000001
90290161,2016,2016-11-03,9126,2016-09-11,0028,021331,,7,3,9,2300,0,2,4,,2,005,"AIRPORT ROAD","FOOTHILL BOULEVARD",60.00,S,N,A,-,N,,,,,,,,,,Y,2,0,5,1,A,-,01,23152,A,N,E,I,A,A,H,-,D,D,0,,,,,Y,Y,A,01,4,0,1,0,0,0,0,0,0,"- ","- ",39.795110000000001,-123.25762,MENDOCINO,UNINCORPORATED,-123.2576,39.794962689999998
90291693,2016,2016-10-13,9150,2016-10-05,2500,020517,,3,4,9,2300,0,1,3,,1,013,SR-175,"PRATT RANCH RD",490.00,W,N,A,-,Y,,,175,,,,,,,Y,2,0,1,1,A,-,08,22107,,N,F,A,A,A,H,-,A,D,0,,,,,Y,,D,22,1,0,0,0,0,0,0,0,0,"- ","- ",38.978920000000002,-123.0664,MENDOCINO,UNINCORPORATED,-123.06638756,38.978956099999998