CASE_ID,ACCIDENT_YEAR,PROC_DATE,JURIS,COLLISION_DATE,COLLISION_TIME,OFFICER_ID,REPORTING_DISTRICT,DAY_OF_WEEK,CHP_SHIFT,POPULATION,CNTY_CITY_LOC,SPECIAL_COND,BEAT_TYPE,CHP_BEAT_TYPE,CITY_DIVISION_LAPD,CHP_BEAT_CLASS,BEAT_NUMBER,PRIMARY_RD,SECONDARY_RD,DISTANCE,DIRECTION,INTERSECTION,WEATHER_1,WEATHER_2,STATE_HWY_IND,CALTRANS_COUNTY,CALTRANS_DISTRICT,STATE_ROUTE,ROUTE_SUFFIX,POSTMILE_PREFIX,POSTMILE,LOCATION_TYPE,RAMP_INTERSECTION,SIDE_OF_HWY,TOW_AWAY,COLLISION_SEVERITY,NUMBER_KILLED,NUMBER_INJURED,PARTY_COUNT,PRIMARY_COLL_FACTOR,PCF_CODE_OF_VIOL,PCF_VIOL_CATEGORY,PCF_VIOLATION,PCF_VIOL_SUBSECTION,HIT_AND_RUN,TYPE_OF_COLLISION,MVIW,PED_ACTION,ROAD_SURFACE,ROAD_COND_1,ROAD_COND_2,LIGHTING,CONTROL_DEVICE,CHP_ROAD_TYPE,PEDESTRIAN_ACCIDENT,BICYCLE_ACCIDENT,MOTORCYCLE_ACCIDENT,TRUCK_ACCIDENT,NOT_PRIVATE_PROPERTY,ALCOHOL_INVOLVED,STWD_VEHTYPE_AT_FAULT,CHP_VEHTYPE_AT_FAULT,COUNT_SEVERE_INJ,COUNT_VISIBLE_INJ,COUNT_COMPLAINT_PAIN,COUNT_PED_KILLED,COUNT_PED_INJURED,COUNT_BICYCLIST_KILLED,COUNT_BICYCLIST_INJURED,COUNT_MC_KILLED,COUNT_MC_INJURED,PRIMARY_RAMP,SECONDARY_RAMP,LATITUDE,LONGITUDE,COUNTY,CITY,POINT_X,POINT_Y
90828587,2018,2018-10-04,9150,2018-09-22,2343,021444,,6,3,9,2300,0,3,5,,2,002,"EASTSIDE CALPELLA RD","MARINA DR",2640.00,S,N,A,-,N,,,,,,,,,,Y,2,0,1,1,A,-,01,23152,A,N,F,A,A,A,H,-,D,D,0,,,Y,,Y,Y,C,02,1,0,0,0,0,0,0,0,1,"- ","- ",39.222648620605469,-123.20088958740234,MENDOCINO,UNINCORPORATED,-123.20085144042969,39.222629547119141
90828718,2018,2018-10-04,9150,2018-09-22,2344,021444,,6,3,9,2300,0,3,5,,2,002,"EASTSIDE CALPELLA RD","MARINA DR",2640.00,S,N,A,-,N,,,,,,,,,,N,2,0,1,1,A,-,01,23152,A,N,F,A,A,A,H,-,D,D,0,,,Y,,Y,Y,C,02,1,0,0,0,0,0,0,0,1,"- ","- ",39.222648620605469,-123.20088958740234,MENDOCINO,UNINCORPORATED,-123.20085144042969,39.222629547119141
90831717,2018,2018-10-09,9150,2018-09-23,0106,021804,,7,3,9,2300,0,1,3,,2,042,"HWY 128","PHILO GREENWOOD RD",2587.00,W,N,A,-,Y,,,,,,,,,,Y,2,0,1,1,A,-,08,22107,,N,F,A,A,A,H,-,D,D,0,,,,,Y,,A,01,1,0,0,0,0,0,0,0,0,"- ","- ",39.095531463623047,-123.48294067382812,MENDOCINO,UNINCORPORATED,-123.48362731933594,39.096298217773438
90836748,2018,2018-10-16,9126,2018-10-05,1430,020431,,5,2,9,2300,0,1,3,,2,050,"MENDOCINO PASS ROAD","INDIAN DICK ROAD",7392.00,E,N,A,-,N,,,,,,,,,,Y,2,0,1,1,A,-,08,22107,,N,E,I,A,A,H,-,A,D,0,,,,,Y,,D,22,1,0,0,0,0,0,0,0,0,"- ","- ",39.814781188964844,-123.06639862060547,MENDOCINO,UNINCORPORATED,-123.06639862060547,39.814781188964844
90846780,2018,2018-10-26,9150,2018-09-11,1256,015775,,2,1,9,2300,0,1,3,,1,013,SR-175,"BUCKMAN DR",2851.00,E,N,A,-,Y,,,175,,,,,,,Y,1,1,0,1,A,-,08,22107,,N,E,I,A,A,H,-,A,D,0,,,Y,,Y,Y,C,02,0,0,0,0,0,0,0,1,0,"- ","- ",38.974239349365234,-123.04421997070312,MENDOCINO,UNINCORPORATED,-123.04402923583984,38.974990844726562
90846785,2018,2019-02-14,9150,2018-07-16,1455,021527,,1,2,9,2300,0,1,3,,2,041,"SR-128 E/B",SR-253,10032.00,E,N,A,-,Y,,,128,,,,,,E,Y,1,1,1,1,A,-,13,22515,A,N,F,A,A,A,H,-,A,D,0,,,,,Y,,A,07,1,0,0,0,0,0,0,0,0,"- ","- ",38.975528717041016,-123.34532928466797,MENDOCINO,UNINCORPORATED,-123.34534454345703,38.975532531738281
90853722,2018,2018-11-06,9150,2018-10-11,1800,022018,,4,2,9,2300,0,3,5,,2,006,"COMPTCHE UKIAH RD","LITTLE RIVER-AIRPORT RD",11088.00,W,N,A,-,N,,,,,,,,,,Y,2,0,1,1,A,-,01,23152,A,N,A,I,A,A,H,-,A,D,0,,,,,Y,Y,A,07,1,0,0,0,0,0,0,0,0,"- ","- ",39.278999328613281,-123.73370361328125,MENDOCINO,UNINCORPORATED,-123.73423004150391,39.279285430908203
90871956,2018,2018-11-30,9150,2018-11-21,0940,022165,,3,1,9,2300,0,1,3,,1,037,"SR-20 W/B","IRMULCO RD",2112.00,E,N,B,C,Y,,,20,,,,,,W,Y,2,0,1,1,A,-,03,22350,,N,F,I,A,B,H,-,A,D,0,,,,,Y,,A,07,1,0,0,0,0,0,0,0,0,"- ","- ",39.397109985351562,-123.45153045654297,MENDOCINO,UNINCORPORATED,-123.45150756835938,39.397167205810547
90877214,2018,2018-12-06,9150,2018-11-09,1715,022018,,5,2,9,2300,0,3,5,,2,006,SR-1,"PIRATES DR",98.00,N,N,E,-,Y,,,1,,,,,,,Y,2,0,2,2,A,-,08,22107,,M,A,C,A,A,H,-,B,D,0,,,,,Y,Y,A,01,1,0,1,0,0,0,0,0,0,"- ","- ",38.791599273681641,-123.56130218505859,MENDOCINO,UNINCORPORATED,-123.56130981445312,38.791584014892578
90886673,2018,2019-02-25,9150,2018-09-16,1335,021972,,7,1,9,2300,0,1,3,,1,065,"SR-20 E/B",20MEN9.31,138.00,E,N,A,-,Y,,,20,,,,,,E,Y,1,1,0,3,A,-,03,22350,,N,A,C,A,A,H,-,A,A,0,,,Y,,Y,,C,02,0,0,0,0,0,0,0,1,0,"- ","- ",39.365398406982422,-123.67630004882812,MENDOCINO,UNINCORPORATED,-123.67635345458984,39.365318298339844
90895788,2018,2019-01-02,9150,2018-12-18,1610,021972,,2,2,9,2300,0,1,3,,1,052,"SR-1 N/B","BIAGGI RD",1056.00,S,N,B,C,Y,,,1,,,,,,N,Y,2,0,1,1,A,-,08,22107,,N,E,I,A,B,H,-,A,D,0,,,,,Y,,A,07,1,0,0,0,0,0,0,0,0,"- ","- ",38.961200714111328,-123.68609619140625,MENDOCINO,UNINCORPORATED,-123.68618774414062,38.961181640625
90903883,2018,2019-06-26,9126,2018-10-07,1920,022033,,7,2,9,2300,0,1,3,,2,050,SR-162,"BIGGAR LANE",1373.00,W,N,A,-,Y,,,162,,,,,,,N,1,1,0,2,A,-,01,23152,A,F,G,B,E,A,H,-,D,D,0,Y,,,,Y,Y,A,01,0,0,0,1,0,0,0,0,0,"- ","- ",39.805870056152344,-123.24815368652344,MENDOCINO,UNINCORPORATED,-123.24811553955078,39.805870056152344
90905021,2019,2019-01-15,9150,2019-01-01,1154,022150,,2,1,9,2300,0,3,5,,2,005,SR-1,"HAY RANCH RD",1584.00,S,N,A,-,Y,,,1,,,,,,,Y,2,0,1,1,A,-,03,22350,,N,F,I,A,A,H,-,A,D,0,,,Y,,Y,,C,02,1,0,0,0,0,0,0,0,1,"- ","- ",38.877300262451172,-123.66502380371094,MENDOCINO,UNINCORPORATED,-123.66504669189453,38.877265930175781
90905159,2018,2019-03-05,9126,2018-11-05,1410,021838,,1,2,9,2300,0,1,2,,1,077,US-101,"STEELE LANE",4752.00,S,N,A,-,Y,,,101,,,,,,,Y,1,1,0,1,A,-,01,23152,F,N,E,I,A,A,H,-,A,D,0,,,,,Y,,A,07,0,0,0,0,0,0,0,0,0,"- ","- ",39.640460968017578,-123.47074890136719,MENDOCINO,UNINCORPORATED,-123.47115325927734,39.640132904052734
90916028,2018,2019-01-30,9150,2018-11-09,1842,021527,,5,2,9,2300,0,2,4,,2,014,"OLD RIVER ROAD",SR-175,23866.00,N,N,E,-,N,,,,,,,,,,Y,1,1,0,1,A,-,08,22107,,N,E,I,A,A,H,-,D,D,0,,,,,Y,,A,01,0,0,0,0,0,0,0,0,0,"- ","- ",39.01409912109375,-123.11876678466797,MENDOCINO,UNINCORPORATED,-123.11881256103516,39.014072418212891
90940942,2019,2019-03-07,9126,2019-01-18,1640,022033,,5,2,9,2300,0,1,2,,1,077,US-101,"REYNOLDS HIGHWAY",2165.00,N,N,B,C,Y,,,101,,,,,,,Y,1,1,1,2,A,-,05,21460,A,N,A,C,A,B,H,-,A,D,0,,,,,Y,,D,22,1,0,0,0,0,0,0,0,0,"- ","- ",39.468341827392578,-123.35502624511719,MENDOCINO,UNINCORPORATED,-123.35501861572266,39.468353271484375
90941956,2019,2019-03-07,9150,2019-02-28,1725,022170,,4,2,9,2300,0,2,4,,2,026,"MID MOUNTAIN RD","EASTSIDE POTTER VALLEY ROAD",17952.00,E,N,B,E,N,,,,,,,,,,Y,2,0,1,1,A,-,03,22350,,N,F,A,A,B,H,-,D,D,0,,,,,Y,,A,07,1,0,0,0,0,0,0,0,0,"- ","- ",39.322788238525391,-123.06865692138672,MENDOCINO,UNINCORPORATED,-123.06848907470703,39.322658538818359
90952705,2019,2019-03-25,9126,2019-03-17,1700,021331,,7,2,9,2300,0,3,5,,2,007,"BIRCH STREET","BROOKTRAILS PAR COURSE",206.00,E,N,A,-,N,,,,,,,,,,Y,2,0,1,1,A,-,01,23152,A,N,E,I,A,A,H,-,A,D,0,,,Y,,Y,Y,C,02,1,0,0,0,0,0,0,0,1,"- ","- ",39.43341064453125,-123.38005065917969,MENDOCINO,UNINCORPORATED,-123.38005065917969,39.43341064453125
90954082,2019,2019-03-26,9150,2019-02-25,1606,021444,,1,2,9,2300,0,1,2,,1,010,"S/B US-101","OLD RIVER RD",7920.00,S,N,C,-,Y,,,101,,,,,,,Y,1,1,1,2,A,-,03,22350,,N,D,C,A,B,H,-,A,A,0,,,,,Y,,A,01,1,0,0,0,0,0,0,0,0,"- ","- ",38.940059661865234,-123.07427978515625,MENDOCINO,UNINCORPORATED,-123.07427978515625,38.940059661865234
90969621,2019,2019-04-17,9150,2019-04-11,0934,021589,,4,1,9,2300,0,1,2,,2,022,US-101,"POMO LN",1584.00,N,N,B,-,Y,,,101,,,,,,,Y,2,0,3,1,A,-,01,23152,F,N,F,A,A,A,H,-,A,D,0,,,,,Y,,A,01,1,0,2,0,0,0,0,0,0,"- ","- ",39.211711883544922,-123.20469665527344,MENDOCINO,UNINCORPORATED,-123.20477294921875,39.211711883544922
90995975,2019,2019-07-15,9126,2019-04-21,0258,020886,,7,3,9,2300,0,1,2,,2,055,US-101,"SPYROCK ROAD",16368.00,S,N,A,-,Y,,,101,,,,,,,Y,1,1,0,1,A,-,01,23152,A,N,E,I,A,A,H,-,D,D,0,,,,,Y,Y,A,07,0,0,0,0,0,0,0,0,0,"- ","- ",39.782699584960938,-123.54276275634766,MENDOCINO,UNINCORPORATED,-123.54287719726562,39.782604217529297
90998922,2019,2019-05-30,9150,2019-05-10,1535,021816,,5,2,9,2300,0,1,2,,2,022,"VALLEY ROAD","DAVIS LANE",290.00,E,N,A,-,N,,,,,,,,,,Y,2,0,1,1,A,-,08,22107,,N,F,A,A,A,H,-,A,D,0,,,Y,,Y,,C,02,1,0,0,0,0,0,0,0,1,"- ","- ",39.413120269775391,-123.31479644775391,MENDOCINO,UNINCORPORATED,-123.31486511230469,39.413131713867188
90999228,2019,2019-05-30,9150,2019-05-19,1652,021527,,7,2,9,2300,0,1,3,,2,042,SR-128,"RAYS ROAD",3168.00,W,N,B,-,Y,,,128,,,,,,,Y,2,0,1,1,A,-,01,23152,A,N,E,I,A,A,H,-,A,D,0,,,,,Y,Y,A,07,1,0,0,0,0,0,0,0,0,"- ","- ",39.067249298095703,-123.45175933837891,MENDOCINO,UNINCORPORATED,-123.45174407958984,39.067310333251953
91022222,2019,2019-07-01,9150,2019-06-09,2030,022018,,7,2,9,2300,0,1,3,,1,065,"RT 20","ROAD 200A",3.00,E,N,A,-,N,,,20,,,,,,,Y,2,0,2,1,A,-,08,22107,,N,A,I,A,A,H,-,D,D,0,,,,,Y,,A,01,1,1,0,0,0,0,0,0,0,"- ","- ",39.352699279785156,-123.55690002441406,MENDOCINO,UNINCORPORATED,-123.55690765380859,39.352828979492188
91048856,2019,2019-08-16,9150,2019-08-01,2245,021816,,4,3,9,2300,0,1,2,,1,012,US-101,"BURKE HILL OVERCROSSING",2112.00,S,N,A,-,Y,,,101,,,,,,,Y,2,0,1,1,A,-,01,23152,A,N,F,I,A,A,H,-,D,D,0,,,,,Y,Y,A,07,1,0,0,0,0,0,0,0,0,"- ","- ",39.078670501708984,-123.17894744873047,MENDOCINO,UNINCORPORATED,-123.17906188964844,39.078594207763672
91052895,2019,2019-08-15,9150,2019-08-05,1620,021972,,1,2,9,2300,0,3,5,,2,001,"SR-1 S/B",1MEN44.7,487.00,N,N,A,-,Y,,,1,,,,,,S,Y,2,0,3,2,A,-,08,22107,,N,A,C,A,A,H,-,A,D,0,,,,,Y,,A,07,1,1,1,0,0,0,0,0,0,"- ","- ",39.238498687744141,-123.77210235595703,MENDOCINO,UNINCORPORATED,-123.77201080322266,39.238388061523438
91058231,2019,2019-09-24,9150,2019-06-18,1728,018977,,2,2,9,2300,0,1,2,,1,010,US-101,"GEYSERS RD",5808.00,N,N,A,-,Y,,,101,,,,,,,Y,1,1,0,1,A,-,08,22107,,N,E,I,A,A,H,-,A,D,0,,,,,Y,,D,22,0,0,0,0,0,0,0,0,0,"- ","- ",38.875751495361328,-123.04506683349609,MENDOCINO,UNINCORPORATED,-123.04518127441406,38.875743865966797
91088692,2019,2019-10-02,9126,2019-09-17,2500,014469,,2,4,9,2300,0,3,5,,2,555,"COUNTY ROAD 237D (TOMKI ROAD)","HEARST-WILLITS ROAD",2112.00,S,N,A,-,N,,,,,,,,,,Y,2,0,1,1,A,-,08,22107,,N,E,I,A,A,H,-,D,D,0,,,,,Y,,D,22,1,0,0,0,0,0,0,0,0,"- ","- ",39.454341888427734,-123.24154663085938,MENDOCINO,UNINCORPORATED,-123.24114227294922,39.452384948730469
91090198,2019,2019-10-03,9150,2019-09-30,1220,014435,,1,1,9,2300,0,3,5,,2,006,SR-1,"CASPER ST",0.00,,Y,A,-,Y,,,1,,,,,,,Y,2,0,2,3,A,-,03,22350,,N,C,C,A,A,H,-,A,D,0,,,,,Y,,D,22,1,0,1,0,0,0,0,0,0,"- ","- ",39.372859954833984,-123.8154296875,MENDOCINO,UNINCORPORATED,-123.81554412841797,39.372806549072266
91096669,2019,2019-10-14,9150,2019-10-05,0148,022170,,6,3,9,2300,0,2,4,,2,025,"COUNTY ROAD D","EAST ROAD",1320.00,E,N,A,-,N,,,,,,,,,,Y,2,0,1,1,A,-,01,23152,A,N,E,I,A,A,H,-,D,D,0,,,,,Y,Y,D,22,1,0,0,0,0,0,0,0,0,"- ","- ",39.267169952392578,-123.20343780517578,MENDOCINO,UNINCORPORATED,-123.20047760009766,39.268623352050781
91109359,2019,2019-10-29,9126,2019-10-17,0630,022033,,4,1,9,2300,0,1,3,,2,050,SR-162,"DOS RIOS ROAD",12989.00,E,N,B,-,Y,,,162,,,,,,,Y,2,0,2,1,A,-,08,22107,,N,E,I,A,A,H,-,A,D,0,,,,,Y,,D,22,1,0,1,0,0,0,0,0,0,"- ","- ",39.712799072265625,-123.31300354003906,MENDOCINO,UNINCORPORATED,-123.31300354003906,39.712844848632812
91126077,2019,2019-11-21,9126,2019-11-08,1400,022420,,5,2,9,2300,0,3,5,,2,007,"WILLOW LANE","PRIMROSE DRIVE",0.00,,Y,A,-,N,,,,,,,,,,N,2,0,1,2,A,-,09,21802,A,N,H,G,A,A,H,-,A,D,0,,Y,,,Y,,L,04,1,0,0,0,0,0,1,0,0,"- ","- ",39.424350738525391,-123.38932037353516,MENDOCINO,UNINCORPORATED,-123.38941955566406,39.424350738525391
91134436,2019,2019-12-03,9126,2019-10-22,1530,021838,,2,2,9,2300,0,1,3,,2,050,SR-162,"EBERLE STREET",40.00,E,N,A,-,Y,,,162,,,,,,,Y,2,0,1,2,A,-,09,21801,A,F,A,C,A,A,H,-,A,D,0,,,Y,,Y,,D,22,1,0,0,0,0,0,0,0,1,"- ","- ",39.790321350097656,-123.24813079833984,MENDOCINO,UNINCORPORATED,-123.24817657470703,39.790321350097656
91138931,2019,2019-12-10,9150,2019-12-01,1930,022276,,7,2,9,2300,0,1,3,,1,064,SR-1,"COUNTY ROAD 207",1901.00,N,N,A,-,Y,,,1,,,,,,,Y,2,0,3,1,A,-,03,22350,,N,E,I,A,B,H,-,D,D,0,,,,,Y,,A,07,2,0,1,0,0,0,0,0,0,"- ","- ",39.72344970703125,-123.80625915527344,MENDOCINO,UNINCORPORATED,-123.80625152587891,39.723392486572266
91140005,2019,2019-12-10,9150,2019-12-03,1044,015775,,2,1,9,2300,0,1,3,,2,016,"SR-222 (TALMAGE RD.)","SANFORD RANCH RD",0.00,,N,A,-,Y,,,222,,,,,,,Y,2,0,1,1,A,-,01,23152,A,N,E,I,A,A,H,-,A,D,0,,,,,Y,,A,01,1,0,0,0,0,0,0,0,0,"- ","- ",39.133098602294922,-123.17910003662109,MENDOCINO,UNINCORPORATED,-123.17910003662109,39.133102416992188
91144986,2019,2019-12-17,9126,2019-09-17,1937,022033,,2,2,9,2300,0,2,4,,2,005,"FOOTHILL BOULEVARD","CRAWFORD ROAD",4.00,W,N,B,-,N,,,,,,,,,,Y,1,1,1,2,A,-,06,21751,,N,A,C,A,A,H,-,B,D,0,,,Y,,Y,Y,A,07,0,1,0,0,0,0,0,1,0,"- ","- ",39.795070648193359,-123.27252960205078,MENDOCINO,UNINCORPORATED,-123.26223754882812,39.795181274414062
91147625,2019,2019-12-19,9126,2019-11-04,0815,014469,,1,1,9,2300,0,1,2,,1,077,"US-101 (REDWOOD HIGHWAY)","REYNOLDS HIGHWAY",3168.00,S,N,A,-,Y,,,101,,,,,,,Y,2,0,1,4,A,-,03,22350,,N,B,C,A,A,H,-,A,D,0,,,,Y,Y,,G,27,1,0,0,0,0,0,0,0,0,"- ","- ",39.455780029296875,-123.34851837158203,MENDOCINO,UNINCORPORATED,-123.34848022460938,39.455783843994141
91158892,2020,2020-01-03,9126,2020-01-01,1500,020431,,3,2,9,2300,0,1,3,,2,050,SR-162,"DOS RIOS ROAD",12144.00,E,N,A,-,Y,,,162,,,,,,,N,2,0,1,1,A,-,03,22350,,N,E,I,A,B,H,-,A,D,0,,,,,Y,,A,07,1,0,0,0,0,0,0,0,0,"- ","- ",39.711071014404297,-123.31179809570312,MENDOCINO,UNINCORPORATED,-123.31183624267578,39.711063385009766
91161501,2019,2020-01-08,9150,2019-12-30,2100,022060,,1,2,3,2303,0,1,3,,1,052,SR-1,"SEA CYPRESS DR",17424.00,N,N,A,-,Y,,,,,,,,,,Y,2,0,1,1,A,-,01,23152,A,N,E,I,A,A,H,-,D,D,0,,,,,Y,Y,A,01,1,0,0,0,0,0,0,0,0,"- ","- ",39.089321136474609,-123.70072937011719,MENDOCINO,UKIAH,-123.693603515625,39.073902130126953
91163077,2020,2020-01-10,9150,2020-01-07,0151,021659,,2,3,9,2300,0,1,2,,2,021,"N STATE STREET ON RAMP TO US 101 N/B","US 101 N/B",0.00,,Y,A,-,Y,,,,,,,,,,Y,2,0,1,1,A,-,01,23152,G,N,F,J,A,A,H,-,C,D,0,,,,,Y,Y,A,07,1,0,0,0,0,0,0,0,0,"- ","- ",39.170829772949219,-123.21048736572266,MENDOCINO,UNINCORPORATED,,
91169222,2020,2020-01-21,9150,2020-01-11,1800,022276,,6,2,9,2300,0,1,3,,1,052,SR-1,"WINDY HOLLOW RD",2112.00,S,N,A,-,Y,,,1,,,,,,,Y,2,0,1,1,A,-,08,22107,,N,E,I,A,A,H,-,D,D,0,,,,,Y,,A,01,1,0,0,0,0,0,0,0,0,"- ","- ",38.947738647460938,-123.69824981689453,MENDOCINO,UNINCORPORATED,-123.69829559326172,38.947772979736328
91180700,2020,2020-02-05,9126,2020-01-25,1550,022033,,6,2,9,2300,0,3,5,,2,555,"TOMKI ROAD (CR-237D)","CANYON ROAD",1584.00,N,N,B,C,N,,,,,,,,,,Y,2,0,1,1,A,-,03,22350,,N,E,I,A,B,H,-,A,D,0,,,,,Y,,A,07,1,0,0,0,0,0,0,0,0,"- ","- ",39.438579559326172,-123.24147033691406,MENDOCINO,UNINCORPORATED,-123.24118041992188,39.43743896484375
91189268,2019,2020-02-19,9150,2019-12-25,1730,020581,,3,2,9,2300,0,1,3,,1,024,"SR 20 W/B","EASTSIDE POTTER VALLEY RD",1400.00,W,N,A,-,Y,,,20,,,,,,W,Y,1,1,4,2,A,-,08,22107,,N,D,C,A,A,H,-,D,D,0,,,,,Y,Y,A,01,0,3,1,0,0,0,0,0,0,"- ","- ",39.245201110839844,-123.13069915771484,MENDOCINO,UNINCORPORATED,-123.1307373046875,39.245277404785156
91212356,2020,2020-03-19,9150,2020-03-18,0934,015775,,3,1,9,2300,0,1,2,,1,012,"US-101 S/B","BURKE HILL RD",0.00,,N,B,-,Y,,,,,,,,,,Y,2,0,1,1,A,-,08,22107,,N,E,I,A,B,H,-,A,D,0,,,,,Y,,D,22,1,0,0,0,0,0,0,0,0,"- ","- ",39.080101013183594,-123.17900085449219,MENDOCINO,UNINCORPORATED,-123.18215179443359,39.083641052246094
91212880,2020,2020-03-25,9150,2020-03-18,1918,020581,,3,2,9,2300,0,1,3,,2,042,"SR 128","PHILO GREENWOOD RD",2220.00,E,N,B,C,Y,,,128,,,,,,,Y,2,0,1,1,A,-,01,23152,F,N,E,I,A,B,H,-,D,D,0,,,,,Y,,A,01,1,0,0,0,0,0,0,0,0,"- ","- ",39.087909698486328,-123.47511291503906,MENDOCINO,UNINCORPORATED,-123.47515869140625,39.087882995605469
91214874,2020,2020-03-24,9126,2020-02-29,2350,022425,,6,3,9,2300,0,2,4,,2,005,"FOOTHILL BOULEVARD","CRAWFORD ROAD",0.00,,Y,A,-,N,,,,,,,,,,Y,2,0,3,1,A,-,03,22350,,N,E,I,A,A,H,-,D,D,0,,,,,Y,Y,A,01,1,0,2,0,0,0,0,0,0,"- ","- ",39.794971466064453,-123.26239013671875,MENDOCINO,UNINCORPORATED,-123.26222229003906,39.795181274414062
91220854,2020,2020-04-06,9150,2020-01-28,0745,016075,,2,1,9,2300,0,1,3,,1,024,SR-20,"COUNTY ROAD A",528.00,W,N,B,C,Y,,,20,,,,,,,Y,1,1,1,2,A,-,03,22350,,N,D,C,A,B,H,-,A,D,0,,,,,Y,,A,01,1,0,0,0,0,0,0,0,0,"- ","- ",39.239841461181641,-123.18106842041016,MENDOCINO,UNINCORPORATED,-123.18106842041016,39.239871978759766
91247244,2020,2020-06-04,9126,2020-06-01,1020,021846,,1,1,9,2300,0,1,3,,2,010,SR-1,"GEORGIA PACIFIC PIT",581.00,S,N,A,-,Y,,,1,,,,,,,N,2,0,1,1,A,-,08,22107,,N,E,I,A,A,H,-,A,D,0,,,Y,,Y,,C,02,1,0,0,0,0,0,0,0,1,"- ","- ",39.856361389160156,-123.76261138916016,MENDOCINO,UNINCORPORATED,-123.76264190673828,39.856353759765625
91257069,2020,2020-06-24,9150,2020-06-16,0815,015775,,2,1,9,2300,0,1,2,,1,012,US-101,"BURKE HILL OVPS",0.00,,N,A,-,Y,,,101,,,,,,,Y,2,0,1,1,A,-,01,23152,A,N,E,I,A,A,H,-,A,D,0,,,,,Y,Y,A,07,1,0,0,0,0,0,0,0,0,"- ","- ",39.076499938964844,-123.17559814453125,MENDOCINO,UNINCORPORATED,-123.1761474609375,39.075798034667969
91268279,2020,2020-07-14,9126,2020-07-06,1235,020706,,1,1,9,2300,0,1,2,,2,011,US-101,"CUMMINGS RD",528.00,N,N,A,-,Y,,,101,,,,,,,Y,2,0,1,2,A,-,01,23152,A,N,A,C,A,A,H,-,A,D,0,,,,,Y,Y,D,22,1,0,0,0,0,0,0,0,0,"- ","- ",39.834640502929688,-123.63329315185547,MENDOCINO,UNINCORPORATED,-123.63329315185547,39.834640502929688
91277073,2020,2020-07-30,9150,2020-07-19,2055,021444,,7,2,9,2300,0,2,4,,2,025,"WEST RD","KICKAPOO LN",0.00,,Y,A,-,N,,,,,,,,,,N,2,0,1,2,A,-,10,21954,B,F,G,B,E,A,H,-,B,D,0,Y,,,,Y,,D,22,1,0,0,0,1,0,0,0,0,"- ","- ",39.29608154296875,-123.21977233886719,MENDOCINO,UNINCORPORATED,-123.21981048583984,39.296119689941406
91278546,2020,2020-07-31,9150,2020-07-23,1035,022156,,4,1,9,2300,0,1,3,,1,065,SR-20,"SANGRA LA LN.",3570.00,E,N,A,-,Y,,,20,,,,,,,Y,2,0,1,2,A,-,08,22107,,N,B,C,A,A,H,-,A,D,0,,,,Y,Y,,A,07,1,0,0,0,0,0,0,0,0,"- ","- ",39.404888153076172,-123.7342529296875,MENDOCINO,UNINCORPORATED,-123.73423004150391,39.404834747314453
91279398,2020,2020-08-03,9150,2020-06-02,0720,016075,,2,1,9,2300,0,1,2,,1,031,"US-101 N/B","WALKER RD.",1584.00,N,N,A,-,Y,,,,,,,,,,Y,2,0,3,3,A,-,01,23152,F,N,A,C,A,A,H,-,A,D,0,,,,Y,Y,,A,01,2,1,0,0,0,0,0,0,0,"- ","- ",,,MENDOCINO,UNINCORPORATED,-123.33765411376953,39.377559661865234
91280762,2020,2020-08-05,9150,2020-07-28,0857,015775,,2,1,9,2300,0,1,3,,1,015,SR-253,"STIPP LN",174.00,N,N,A,-,Y,,,,,,,,,,Y,2,0,1,2,A,-,08,22107,,N,B,C,A,A,H,-,A,D,0,,,,Y,Y,,A,01,1,0,0,0,0,0,0,0,0,"- ","- ",39.108501434326172,-123.20490264892578,MENDOCINO,UNINCORPORATED,-123.19580078125,39.107837677001953
91291254,2020,2020-08-24,9150,2020-08-14,1730,022276,,5,2,3,2303,0,1,3,,1,062,SR-1,"MENDOCINO GROVE",0.00,,Y,A,-,Y,,,,,,,,,,Y,2,0,3,3,A,-,05,21460,A,N,B,C,A,A,H,-,A,D,0,,,,,Y,,D,22,2,0,1,0,0,0,0,0,0,"- ","- ",39.295051574707031,-123.79515075683594,MENDOCINO,UKIAH,,
91292941,2020,2020-08-26,9126,2020-08-16,1035,022383,,7,1,9,2300,0,1,2,,2,011,US-101,"LEGGETT FRONTAGE RD",424.00,S,N,A,-,Y,,,101,,,,,,,N,2,0,1,1,A,-,03,22350,,N,F,A,A,A,H,-,A,D,0,,,Y,,Y,,C,02,1,0,0,0,0,0,0,0,1,"- ","- ",39.868370056152344,-123.71372985839844,MENDOCINO,UNINCORPORATED,-123.71353912353516,39.868301391601562