CASE_ID,ACCIDENT_YEAR,PROC_DATE,JURIS,COLLISION_DATE,COLLISION_TIME,OFFICER_ID,REPORTING_DISTRICT,DAY_OF_WEEK,CHP_SHIFT,POPULATION,CNTY_CITY_LOC,SPECIAL_COND,BEAT_TYPE,CHP_BEAT_TYPE,CITY_DIVISION_LAPD,CHP_BEAT_CLASS,BEAT_NUMBER,PRIMARY_RD,SECONDARY_RD,DISTANCE,DIRECTION,INTERSECTION,WEATHER_1,WEATHER_2,STATE_HWY_IND,CALTRANS_COUNTY,CALTRANS_DISTRICT,STATE_ROUTE,ROUTE_SUFFIX,POSTMILE_PREFIX,POSTMILE,LOCATION_TYPE,RAMP_INTERSECTION,SIDE_OF_HWY,TOW_AWAY,COLLISION_SEVERITY,NUMBER_KILLED,NUMBER_INJURED,PARTY_COUNT,PRIMARY_COLL_FACTOR,PCF_CODE_OF_VIOL,PCF_VIOL_CATEGORY,PCF_VIOLATION,PCF_VIOL_SUBSECTION,HIT_AND_RUN,TYPE_OF_COLLISION,MVIW,PED_ACTION,ROAD_SURFACE,ROAD_COND_1,ROAD_COND_2,LIGHTING,CONTROL_DEVICE,CHP_ROAD_TYPE,PEDESTRIAN_ACCIDENT,BICYCLE_ACCIDENT,MOTORCYCLE_ACCIDENT,TRUCK_ACCIDENT,NOT_PRIVATE_PROPERTY,ALCOHOL_INVOLVED,STWD_VEHTYPE_AT_FAULT,CHP_VEHTYPE_AT_FAULT,COUNT_SEVERE_INJ,COUNT_VISIBLE_INJ,COUNT_COMPLAINT_PAIN,COUNT_PED_KILLED,COUNT_PED_INJURED,COUNT_BICYCLIST_KILLED,COUNT_BICYCLIST_INJURED,COUNT_MC_KILLED,COUNT_MC_INJURED,PRIMARY_RAMP,SECONDARY_RAMP,LATITUDE,LONGITUDE,COUNTY,CITY,POINT_X,POINT_Y
91309039,2020,2020-09-22,9150,2020-09-17,1310,015775,,4,1,9,2300,0,1,3,,2,042,"SR-128 W/B","WENDLING ST",1478.00,W,N,A,-,Y,,,,,,,,,,Y,2,0,1,1,A,-,08,22107,,N,F,A,A,A,H,-,A,D,0,,,,Y,Y,,F,27,1,0,0,0,0,0,0,0,0,"- ","- ",38.1593017578125,-123.5780029296875,MENDOCINO,UNINCORPORATED,-123.54697418212891,39.1552734375
91319718,2020,2020-10-07,9126,2020-09-25,0902,022420,,5,1,9,2300,0,1,2,,1,077,US-101,"SHAMROCK RANCH",3168.00,N,N,A,-,Y,,,101,,,,,,,Y,2,0,3,2,A,-,08,22107,,N,D,C,A,A,H,-,A,D,0,,,,,Y,,A,01,2,1,0,0,0,0,0,0,0,"- ","- ",39.635280609130859,-123.46858215332031,MENDOCINO,UNINCORPORATED,-123.46866607666016,39.635238647460938
91322528,2020,2020-10-13,9150,2020-10-02,1830,021527,,5,2,9,2300,0,3,5,,2,002,"CLOW RIDGE ROAD","NASH MILL RD",2640.00,E,N,A,-,N,,,,,,,,,,Y,2,0,1,1,A,-,01,23152,A,N,F,A,A,A,H,-,A,D,0,,,,,Y,Y,D,22,1,0,0,0,0,0,0,0,0,"- ","- ",39.124000549316406,-123.48670959472656,MENDOCINO,UNINCORPORATED,-123.48622131347656,39.123855590820312
91323535,2020,2020-10-27,9150,2020-10-07,1110,020431,,3,1,9,2300,0,1,2,,2,022,US-101,"MOORE STREET",2640.00,S,N,A,-,Y,,,101,,,,,,,Y,2,0,1,1,C,-,18,,,N,E,I,A,A,H,-,A,D,0,,,Y,,Y,,-,"- ",1,0,0,0,0,0,0,0,1,"- ","- ",39.229709625244141,-123.207763671875,MENDOCINO,UNINCORPORATED,-123.20779418945312,39.229705810546875
91334219,2020,2020-10-29,9150,2020-10-15,0840,015775,,4,1,3,2303,0,1,2,,1,012,"US-101 S/B","BURKE HILL RD. O/C",0.00,,N,A,-,Y,,,,,,,,,,Y,2,0,1,1,A,-,08,22107,,N,E,I,A,A,H,-,A,D,0,,,,,Y,,A,01,1,0,0,0,0,0,0,0,0,"- ","- ",39.069698333740234,-123.16940307617188,MENDOCINO,UKIAH,-123.18215179443359,39.083641052246094
91346356,2020,2020-11-16,9126,2020-11-04,1200,020886,,3,1,9,2300,0,2,4,,2,070,"SHERWOOD ROAD","PEACOCK DRIVE",0.00,,Y,A,-,N,,,,,,,,,,N,2,0,1,2,A,-,03,22350,,M,F,A,A,A,H,-,A,D,0,,,Y,,Y,,C,02,1,0,0,0,0,0,0,0,1,"- ","- ",39.454631805419922,-123.38749694824219,MENDOCINO,UNINCORPORATED,-123.3875732421875,39.454620361328125
91346423,2020,2020-12-08,9150,2020-11-04,1557,021444,,3,2,9,2300,0,1,3,,2,042,SR-128,"NASH MILL RD",1584.00,E,N,A,-,Y,,,128,,,,,,,Y,2,0,1,1,A,-,03,22350,,N,F,I,A,A,H,-,A,D,0,,,Y,,Y,,C,02,1,0,0,0,0,0,0,0,1,"- ","- ",39.1083984375,-123.50244903564453,MENDOCINO,UNINCORPORATED,-123.50246429443359,39.108371734619141
91353838,2020,2020-11-25,9150,2020-11-23,2256,021659,,1,3,9,2300,0,1,2,,2,021,"US 101 S/B OFF RAMP TO GOBB ST","GOBBI ST",328.00,S,N,A,-,Y,,,,,,,,,,Y,2,0,2,1,A,-,01,23152,A,N,E,I,A,A,H,-,D,D,0,,,,,Y,Y,A,01,2,0,0,0,0,0,0,0,0,"- ","- ",39.143959045410156,-123.19705200195312,MENDOCINO,UNINCORPORATED,,
91363288,2020,2020-12-10,9150,2020-10-05,2026,021444,,1,2,9,2300,0,2,4,,2,014,"OLD RIVER RD",SR-175,15840.00,N,N,A,-,N,,,,,,,,,,Y,1,1,1,1,A,-,01,23152,A,N,F,A,A,A,H,-,D,D,0,,,,,Y,Y,A,07,0,1,0,0,0,0,0,0,0,"- ","- ",38.999050140380859,-123.10793304443359,MENDOCINO,UNINCORPORATED,,
91364652,2020,2020-12-11,9150,2020-12-04,0841,022557,,5,1,9,2300,0,1,2,,2,021,US-101,"GIBSON CREEK",60.00,N,N,A,-,Y,,,,,,,,,,Y,2,0,1,1,A,-,08,22107,,N,E,J,A,A,H,-,A,D,0,,,,,Y,,A,07,1,0,0,0,0,0,0,0,0,"- ","- ",39.148708343505859,-123.19692993164062,MENDOCINO,UNINCORPORATED,,
91368405,2020,2020-12-16,9150,2020-12-05,0030,020431,,6,3,9,2300,0,3,5,,2,002,"GUIDIVILLE ROAD","MILL CREEK ROAD",3168.00,N,N,A,-,N,,,,,,,,,,N,2,0,1,1,A,-,08,22107,,N,E,I,A,A,H,-,D,D,0,,,,,Y,,D,22,1,0,0,0,0,0,0,0,0,"- ","- ",39.139568328857422,-123.14900970458984,MENDOCINO,UNINCORPORATED,,
91375608,2020,2020-12-28,9150,2020-12-24,1200,020431,,4,1,9,2300,0,1,3,,1,015,SR-253,"STIPP LANE",0.00,,Y,A,-,Y,,,,,,,,,,Y,2,0,2,2,A,-,09,21802,A,N,D,C,A,A,H,-,A,A,0,,,,,Y,,D,22,1,0,1,0,0,0,0,0,0,"- ","- ",,,MENDOCINO,UNINCORPORATED,-123.19558715820312,39.107391357421875
91383242,2020,2021-01-07,9150,2020-12-29,1510,022557,,2,2,9,2300,0,2,4,,1,023,"N. STATE ST.","POWER POLE 85",48.00,S,N,A,-,Y,,,,,,,,,,Y,2,0,2,2,A,-,08,22107,,N,D,C,A,A,H,-,A,D,0,,,,Y,Y,,A,07,1,1,0,0,0,0,0,0,0,"- ","- ",39.195899963378906,-123.20646667480469,MENDOCINO,UNINCORPORATED,,
91384172,2020,2021-01-08,9150,2020-12-31,1927,022557,,4,2,9,2300,0,1,3,,1,024,SR-20,"MPM 43.42",100.00,E,N,A,-,Y,,,20,,,,,,,Y,2,0,1,1,C,-,18,,,N,E,H,A,A,H,-,D,D,0,,,,,Y,,-,"- ",1,0,0,0,0,0,0,0,0,"- ","- ",39.200401306152344,-123.04920959472656,MENDOCINO,UNINCORPORATED,-123.04925537109375,39.200351715087891
91414778,2021,2021-02-24,9126,2021-01-12,0020,014469,,2,3,9,2300,0,1,2,,1,077,"COUNTY ROAD 337H (CRAWFORD ROAD)","C/R 337D",471.00,N,N,B,-,N,,,,,,,,,,Y,2,0,2,1,A,-,01,23152,G,N,E,I,A,A,H,-,D,D,0,,,,,Y,Y,A,01,1,0,1,0,0,0,0,0,0,"- ","- ",39.818450927734375,-123.26233673095703,MENDOCINO,UNINCORPORATED,-123.262334,39.818401000000001
91420013,2021,2021-03-03,9150,2021-02-24,1100,022150,,3,1,9,2300,0,1,3,,1,064,SR-1,"PARKVIEW DR",0.00,,Y,A,-,Y,,,1,,,,,,,Y,2,0,2,2,A,-,08,22107,,N,B,C,A,A,H,-,A,D,0,,,,,Y,,A,01,1,0,1,0,0,0,0,0,0,"- ","- ",39.486900329589844,-123.78794860839844,MENDOCINO,UNINCORPORATED,-123.7879638671875,39.486911773681641
91421623,2021,2021-03-05,9150,2021-03-04,0810,021972,,4,1,9,2300,0,3,5,,2,002,"LOVERS LN","FEED LOT RD",16.00,N,N,A,-,N,,,,,,,,,,Y,2,0,1,1,A,-,08,22107,,N,A,I,A,A,H,-,A,D,0,,,,,Y,,A,07,1,0,0,0,0,0,0,0,0,"- ","- ",39.171489715576172,-123.21256256103516,MENDOCINO,UNINCORPORATED,-123.21219635009766,39.170848846435547
91453682,2021,2021-04-20,9150,2021-02-05,0650,021972,,5,1,9,2300,0,1,3,,1,024,"STATE ROUTE 20","MARINA DR",1056.00,W,N,B,-,Y,,,20,,,,,,,Y,1,1,0,2,A,-,08,22107,,N,B,C,A,A,H,-,B,D,0,,,,Y,Y,,D,22,0,0,0,0,0,0,0,0,0,"- ","- ",39.237701416015625,-123.17320251464844,MENDOCINO,UNINCORPORATED,-123.17320251464844,39.237766265869141
91453685,2020,2021-05-12,9150,2020-11-29,2500,021972,,7,4,9,2300,0,1,3,,1,024,"SR-20 W/B",20MEN40.87,238.00,W,N,A,-,Y,,,20,,,,,,W,Y,1,2,2,1,A,-,08,22107,,N,E,I,A,A,H,-,D,A,0,,,,,Y,,A,01,2,0,0,0,0,0,0,0,0,"- ","- ",39.221401214599609,-123.08480072021484,MENDOCINO,UNINCORPORATED,-123.08480072021484,39.221397399902344
91460172,2021,2021-05-27,9150,2021-04-13,1723,020581,,2,2,9,2300,0,1,2,,1,012,"US 101","HEWLITT AND STURTEVANT",0.00,,Y,A,-,Y,,,,,,,,,,N,2,0,1,1,A,-,03,22350,,N,E,I,A,A,H,-,A,D,0,,,,,Y,,B,01,1,0,0,0,0,0,0,0,0,"- ","- ",38.982330322265625,-123.11702728271484,MENDOCINO,UNINCORPORATED,-123.11701965332031,38.982700347900391
91461746,2021,2021-05-27,9126,2021-04-20,1704,022033,,2,2,9,2300,0,1,2,,1,077,US-101,"RYAN CREEK ROAD",2112.00,S,N,A,-,Y,,,101,,,,,,,Y,2,0,3,2,A,-,03,22350,,N,A,C,A,A,H,-,A,D,0,,,,,Y,,A,01,2,1,0,0,0,0,0,0,0,"- ","- ",39.471729278564453,-123.36312103271484,MENDOCINO,UNINCORPORATED,-123.36302947998047,39.471805572509766
91483470,2021,2021-05-27,9150,2021-04-04,1309,022216,,7,1,3,2303,0,2,4,,1,023,"NORTH STATE STREET","BRICARELLI DRIVE",0.00,,Y,A,-,N,,,,,,,,,,Y,2,0,2,2,A,-,09,21802,B,N,D,C,A,A,H,-,A,A,0,,,Y,,Y,,C,02,2,0,0,0,0,0,0,0,2,"- ","- ",38.154010772705078,-123.78011322021484,MENDOCINO,UKIAH,-123.21089935302734,39.166172027587891
91489034,2021,2021-06-03,9126,2021-05-29,1910,021827,,6,2,9,2300,0,2,4,,2,070,"SHERWOOD ROAD","BROOKTRAILS DRIVE",528.00,E,N,A,-,N,,,,,,,,,,Y,2,0,1,1,A,-,01,23152,A,N,E,I,A,A,H,-,A,D,0,,,,,Y,Y,A,01,1,0,0,0,0,0,0,0,0,"- ","- ",39.433639526367188,-123.37760925292969,MENDOCINO,UNINCORPORATED,-123.37776947021484,39.433910369873047
91491245,2021,2021-06-07,9150,2021-06-02,1030,016075,,3,1,9,2300,0,2,4,,2,026,"VAN ARSDALE RD.","EEL RIVER RD.",2640.00,N,N,A,-,N,,,,,,,,,,N,2,0,1,1,C,-,18,,,N,E,H,A,A,H,-,A,D,0,,,Y,,Y,,-,"- ",1,0,0,0,0,0,0,0,1,"- ","- ",39.387321472167969,-123.11689758300781,MENDOCINO,UNINCORPORATED,-123.11688995361328,39.387535095214844
91493399,2021,2021-06-09,9150,2021-06-09,0600,015775,,3,1,9,2300,0,1,3,,2,042,SR-128,"PHILO-GREENWOOD RD.",1320.00,E,N,A,-,Y,,,128,,,,,,,Y,2,0,1,1,A,-,08,22107,,N,E,I,A,A,H,-,A,D,0,,,,,Y,,D,22,1,0,0,0,0,0,0,0,0,"- ","- ",39.089550018310547,-123.47686004638672,MENDOCINO,UNINCORPORATED,-123.47689056396484,39.089496612548828
91511424,2021,2021-07-01,9150,2021-04-11,0207,022276,,7,3,9,2300,0,3,5,,2,005,"IVERSON RD","TENMILE CUTOFF RD",0.00,,Y,A,-,N,,,,,,,,,,Y,1,1,0,1,A,-,03,22350,,N,E,I,A,A,H,-,D,D,0,,,,,Y,,A,01,0,0,0,0,0,0,0,0,0,"- ","- ",38.870220184326172,-123.58936309814453,MENDOCINO,UNINCORPORATED,-123.58375549316406,38.854610443115234
91515896,2021,2021-07-08,9150,2021-07-07,1610,022060,,3,2,9,2300,0,1,3,,1,062,SR-1,"LITTLE RIVER AIRPORT RD",40.00,S,N,A,-,Y,,,1,,,,,,,Y,2,0,1,1,A,-,03,22350,,N,E,8,A,A,H,-,A,D,0,,,,,Y,,D,22,1,0,0,0,0,0,0,0,0,"- ","- ",39.267971038818359,-123.78652191162109,MENDOCINO,UNINCORPORATED,-123.78647613525391,39.268001556396484
91523745,2021,2021-07-19,9150,2021-07-10,0311,022170,,6,3,9,2300,0,3,5,,2,002,"PHILO GREENWOOD ROAD",SR-138,18480.00,W,N,A,-,N,,,,,,,,,,Y,2,0,1,1,A,-,08,22107,,N,E,I,A,A,H,-,D,D,0,,,,,Y,,A,01,1,0,0,0,0,0,0,0,0,"- ","- ",39.078109741210938,-123.51573944091797,MENDOCINO,UNINCORPORATED,,
91523798,2021,2021-07-19,9150,2021-07-07,2150,020581,,3,2,9,2300,0,3,5,,2,002,"CENTRAL AVE","MOORE ST",3168.00,N,N,A,-,N,,,,,,,,,,Y,2,0,3,2,A,-,01,23152,A,N,A,C,A,A,H,-,D,D,0,,,,,Y,Y,A,01,3,0,0,0,0,0,0,0,0,"- ","- ",39.242538452148438,-123.20799255371094,MENDOCINO,UNINCORPORATED,-123.20877075195312,39.242816925048828
91531766,2021,2021-07-29,9150,2021-07-22,2110,021816,,4,2,9,2300,0,2,4,,1,023,"N. STATE ST","S/B US-101 ONRAMP",0.00,,Y,A,-,N,,,,,,,,,,Y,2,0,2,2,A,-,01,23153,F,N,D,C,A,A,H,-,C,D,0,,,Y,,Y,,A,01,2,0,0,0,0,0,0,0,2,"- ","- ",39.170139312744141,-123.21137237548828,MENDOCINO,UNINCORPORATED,-123.211423,39.170138000000001
91551910,2021,2021-08-23,9150,2021-08-07,0534,022156,,6,3,9,2300,0,1,3,,1,065,"SR-20 W/B","JAMES CREEK",1267.00,W,N,A,-,Y,,,20,,,,,,W,Y,2,0,4,1,A,-,01,23153,A,N,F,8,A,A,H,-,B,D,0,,,,,Y,Y,A,01,3,1,0,0,0,0,0,0,0,"- ","- ",39.348320007324219,-123.51679229736328,MENDOCINO,UNINCORPORATED,-123.51683044433594,39.348480224609375
91561702,2021,2021-09-02,9126,2021-07-22,1825,022420,,4,2,9,2300,0,1,3,,2,050,SR-162,"POONKINNY ROAD",1320.00,W,N,A,-,Y,,,162,,,,,,,Y,2,0,3,2,A,-,01,23152,A,N,A,3,A,A,H,-,A,D,0,,,,,Y,Y,D,22,1,1,1,0,0,0,0,0,0,"- ","- ",39.742050170898438,-123.24944305419922,MENDOCINO,UNINCORPORATED,-123.24944305419922,39.742073059082031
91569190,2021,2021-09-13,9126,2021-08-31,1417,021724,,2,2,9,2300,0,1,2,,2,011,US-101,"CUMMINGS RD",10982.00,S,N,A,-,Y,,,101,,,,,,,Y,2,0,2,2,A,-,03,22350,,N,F,0,A,A,H,-,A,D,0,,,,Y,Y,,G,25,1,1,0,0,0,0,0,0,0,"- ","- ",39.825969696044922,-123.59403228759766,MENDOCINO,UNINCORPORATED,-123.59403228759766,39.825965881347656
91591680,2021,2021-10-08,9150,2021-09-26,1423,022557,,7,2,9,2300,0,1,2,,1,031,US-101,"GOLDEN RULE RV",2640.00,N,N,A,-,Y,,,101,,,,,,,Y,2,0,1,1,A,-,03,22350,,N,E,I,A,A,H,-,A,D,0,,,Y,,Y,,C,02,1,0,0,0,0,0,0,0,1,"- ","- ",39.332939147949219,-123.30426788330078,MENDOCINO,UNINCORPORATED,-123.30420684814453,39.332920074462891
91595522,2021,2021-10-13,9126,2021-07-06,1155,014469,,2,1,9,2300,0,1,2,,1,077,"US-101 (REDWOOD HIGHWAY)","SR-162 (COVELO ROAD)",1584.00,N,N,A,-,Y,,,101,,,,,,,Y,1,1,0,1,A,-,08,22107,,N,F,A,A,A,H,-,A,D,0,,,,,Y,,D,22,0,0,0,0,0,0,0,0,0,"- ","- ",39.556911468505859,-123.43228912353516,MENDOCINO,UNINCORPORATED,-123.43221282958984,39.556987762451172
91603825,2021,2021-10-22,9150,2021-10-18,0955,022150,,1,1,9,2300,0,1,3,,2,061,SR-128,SR-1,20539.00,E,N,A,-,Y,,,128,,,,,,,Y,2,0,2,2,A,-,03,22350,,N,B,C,A,B,H,-,A,D,0,,,,Y,Y,,G,27,2,0,0,0,0,0,0,0,0,"- ","- ",39.177211761474609,-123.69026184082031,MENDOCINO,UNINCORPORATED,-123.69023895263672,39.176624298095703
91649167,2021,2021-12-10,9150,2021-12-04,1604,022220,,6,2,9,2300,0,1,3,,1,064,SR-1,"CHARLENE LANE",760.00,S,N,A,-,Y,,,1,,,,,,,N,2,0,1,1,A,-,08,22107,,N,E,A,A,A,H,-,A,D,0,,,Y,,Y,Y,C,02,1,0,0,0,0,0,0,0,1,"- ","- ",39.498561859130859,-123.77880859375,MENDOCINO,UNINCORPORATED,-123.77878570556641,39.498508453369141
91679772,2022,2022-01-18,9126,2022-01-01,1150,022628,,6,1,9,2300,0,2,4,,2,005,"FOOTHILL BOULEVARD","CONCOW BOULEVARD",111.00,W,N,A,-,N,,,,,,,,,,N,2,0,3,1,A,-,03,22350,,N,H,A,A,A,H,-,A,D,0,,,Y,,Y,,C,06,1,2,0,0,0,0,0,0,3,"- ","- ",39.795089721679688,-123.27263641357422,MENDOCINO,UNINCORPORATED,-123.27302551269531,39.795066833496094
91679825,2022,2022-02-16,9150,2022-01-04,1525,021527,,2,2,9,2300,0,1,3,,1,013,SR-175,"OLD RIVER RD",450.00,E,N,A,-,Y,MEN,,175,,,0.793,H,,R,N,2,0,1,2,A,-,09,21804,A,F,D,C,A,A,H,-,A,D,0,,,,,Y,,A,08,1,0,0,0,0,0,0,0,0,"- ","- ",38.972938537597656,-123.10247802734375,MENDOCINO,UNINCORPORATED,-123.10247039794922,38.972938537597656
91693035,2022,2022-02-03,9150,2022-01-23,0120,022156,,7,3,9,2300,0,3,5,,2,005,"RIVERSIDE DR.","PINE REEF",165.00,W,N,B,-,N,,,,,,,,,,Y,2,0,1,1,A,-,01,23152,A,N,E,I,A,A,H,-,D,D,0,,,,,Y,Y,A,01,1,0,0,0,0,0,0,0,0,"- ","- ",38.911411285400391,-123.681396484375,MENDOCINO,UNINCORPORATED,-123.68138885498047,38.911510467529297
91696072,2022,2022-02-08,9126,2022-01-20,1235,022610,,4,1,9,2300,0,1,2,,1,077,US-101,SR-162,0.00,,Y,A,-,Y,MEN,,101,,,59.305,H,,R,Y,2,0,2,2,A,-,09,21801,A,N,A,C,A,A,H,-,A,D,0,,,,,Y,,A,01,2,0,0,0,0,0,0,0,0,"- ","- ",39.555259704589844,-123.43013000488281,MENDOCINO,UNINCORPORATED,-123.43019104003906,39.555187225341797
91708234,2022,2022-02-24,9150,2022-02-16,1758,020886,,3,2,9,2300,0,1,2,,1,031,US-101,"OLD HIGHWAY 101",115.00,S,N,A,-,Y,MEN,,101,,,40.760,H,,R,Y,2,0,2,2,A,-,08,22107,,N,A,2,A,A,H,-,A,D,0,,,,,Y,,A,07,1,1,0,0,0,0,0,0,0,"- ","- ",39.338409423828125,-123.31185913085938,MENDOCINO,UNINCORPORATED,-123.31178283691406,39.338481903076172
91712571,2022,2022-03-01,9150,2022-02-25,1325,021972,,5,1,9,2300,0,1,2,,1,010,"NORTHBOUND US-101","GEYSERS ROAD",528.00,S,N,A,-,Y,MEN,,101,,R,0.171,H,,R,Y,2,0,1,1,A,-,08,22107,,N,F,A,A,A,H,-,A,D,0,,,,,Y,,A,07,1,0,0,0,0,0,0,0,0,"- ","- ",38.853141784667969,-123.03253173828125,MENDOCINO,UNINCORPORATED,-123.03252410888672,38.853145599365234
91723096,2022,2022-03-15,9126,2022-02-12,0710,021846,,6,1,9,2300,0,1,2,,1,077,"US-101 S/B","OLD SHERWOOD ROAD",1320.00,S,N,A,-,Y,MEN,,101,,,64.284,H,,L,Y,2,0,3,2,A,-,05,21651,A,N,A,2,A,A,H,-,A,D,0,,,,,Y,,A,07,1,2,0,0,0,0,0,0,0,"- ","- ",39.618850708007812,-123.46450805664062,MENDOCINO,UNINCORPORATED,-123.46450042724609,39.618854522705078
91750435,2022,2022-04-18,9150,2022-04-11,1715,018977,,1,2,9,2300,0,1,2,,1,012,US-101,"STIPP LN",120.00,S,N,A,-,Y,MEN,,253,,,16.936,H,,R,Y,2,0,1,1,A,-,03,22350,,N,E,I,A,A,H,-,A,A,0,,,,,Y,,A,07,1,0,0,0,0,0,0,0,0,"- ","- ",39.106948852539062,-123.195556640625,MENDOCINO,UNINCORPORATED,-123.19539642333984,39.10699462890625
91760887,2022,2022-04-29,9150,2022-04-16,0410,022156,,6,3,9,2300,0,3,5,,2,006,"TURNER RD.","30560 TURNER RD.",100.00,W,N,A,-,N,,,,,,,,,,Y,2,0,3,1,A,-,03,22350,,N,E,I,A,B,H,-,D,D,0,,,,,Y,Y,A,07,1,2,0,0,0,0,0,0,0,"- ","- ",39.386051177978516,-123.77578735351562,MENDOCINO,UNINCORPORATED,,
91761094,2022,2022-04-29,9150,2022-04-21,0329,022170,,4,3,9,2300,0,1,2,,1,031,"US-101 S/B","RIDGEWOOD RD",2640.00,N,N,C,-,Y,MEN,,101,,,40.130,H,,L,N,2,0,1,1,A,-,01,23152,F,N,E,I,A,B,H,-,D,D,0,,,,,Y,,A,01,1,0,0,0,0,0,0,0,0,"- ","- ",39.3314208984375,-123.30462646484375,MENDOCINO,UNINCORPORATED,-123.3045654296875,39.3314208984375
91767930,2022,2022-05-09,9150,2022-05-02,2045,018977,,1,2,9,2300,0,1,3,,1,013,US-101,"NORGARD LN O/C",390.00,S,N,A,-,Y,MEN,,101,,R,22.117,H,,R,N,2,0,2,1,A,-,08,22107,,N,F,I,A,A,H,-,D,D,0,,,,,Y,,A,01,2,0,0,0,0,0,0,0,0,"- ","- ",39.116680145263672,-123.19541168212891,MENDOCINO,UNINCORPORATED,-123.19572448730469,39.116729736328125
91776721,2022,2022-05-20,9150,2022-05-14,0330,021816,,6,3,9,2300,0,1,2,,2,022,US-101,"NORTH STATE ST",1056.00,N,N,A,-,Y,MEN,,101,,R,26.314,H,,L,Y,2,0,4,1,A,-,08,22107,,N,E,I,A,A,H,-,D,D,0,,,,,Y,,A,01,1,3,0,0,0,0,0,0,0,"- ","- ",39.172660827636719,-123.21298217773438,MENDOCINO,UNINCORPORATED,-123.21278381347656,39.172706604003906
91785974,2021,2022-06-01,9150,2021-12-21,1842,018977,,2,2,9,2300,0,1,3,,2,016,"TALMAGE RD (SR-222)","BABCOCK LN",0.00,,Y,C,-,Y,,,222,,,,,,,Y,1,1,3,4,A,-,01,23152,A,M,B,C,A,B,H,-,D,D,0,,,,,Y,Y,-,"- ",2,1,0,0,0,0,0,0,0,"- ","- ",39.136058807373047,-123.19200897216797,MENDOCINO,UNINCORPORATED,-123.19200897216797,39.136054992675781
91786170,2022,2022-06-01,9150,2022-02-19,1552,022276,,6,2,9,2300,0,3,5,,2,006,"ALBION RIDGE RD","COUNTY ROAD H",284.00,W,N,A,-,N,,,,,,,,,,Y,1,1,4,2,A,-,05,21460,A,N,A,C,A,A,H,-,A,D,0,,,,,Y,,A,07,3,1,0,0,0,0,0,0,0,"- ","- ",39.226978302001953,-123.73461151123047,MENDOCINO,UNINCORPORATED,,
91788118,2022,2022-06-03,9150,2022-05-21,0315,022557,,6,3,9,2300,0,1,3,,1,015,"TALMAGE RD","SANFORD RANCH RD",50.00,E,N,A,-,N,,,,,,,,,,Y,2,0,1,1,A,-,01,23152,A,N,E,I,A,A,H,-,D,D,0,,,,,Y,Y,A,01,1,0,0,0,0,0,0,0,0,"- ","- ",,,MENDOCINO,UNINCORPORATED,-123.17699432373047,39.133087158203125
91794773,2022,2022-06-14,9150,2022-06-11,1539,022276,,6,2,9,2300,0,1,3,,1,064,SR-1,"SOUTH EDGE OF TEN MILE BRIDGE",269.00,S,N,A,-,Y,MEN,,1,,,69.641,H,,R,N,2,0,6,2,A,-,05,21460,A,N,A,C,A,A,H,-,A,D,0,,,,,Y,,A,07,3,3,0,0,0,0,0,0,0,"- ","- ",39.545230865478516,-123.7607421875,MENDOCINO,UNINCORPORATED,-123.76069641113281,39.545261383056641
91805031,2022,2022-06-28,9150,2022-06-18,2107,021444,,6,2,9,2300,0,1,2,,2,022,US-101,"CENTRAL AVE",2112.00,S,N,A,-,Y,MEN,,101,,,29.415,H,,R,Y,2,0,1,1,A,-,01,23152,A,N,E,I,A,A,H,-,D,D,0,,,,,Y,Y,A,01,1,0,0,0,0,0,0,0,0,"- ","- ",39.219440460205078,-123.20668792724609,MENDOCINO,UNINCORPORATED,-123.20674133300781,39.219436645507812
91805249,2022,2022-06-28,9150,2022-06-19,1252,021958,,7,1,9,2300,0,1,3,,1,015,SR-253,SR-128,19853.00,E,N,A,-,Y,MEN,,253,,,3.769,H,,R,Y,2,0,1,1,C,-,18,,,N,H,H,A,A,H,-,A,D,0,,,Y,,Y,,-,"- ",1,0,0,0,0,0,0,0,1,"- ","- ",39.020820617675781,-123.31842803955078,MENDOCINO,UNINCORPORATED,-123.31845855712891,39.02081298828125
91812995,2022,2022-07-08,9150,2022-06-27,0440,021816,,1,3,9,2300,0,1,3,,1,037,SR-20,"CROPLEY LN",11616.00,W,N,A,-,Y,MEN,,20,,,29.360,H,,R,Y,2,0,1,1,A,-,03,22350,,N,F,I,A,A,H,-,D,D,0,,,,Y,Y,,G,25,1,0,0,0,0,0,0,0,0,"- ","- ",39.390010833740234,-123.40899658203125,MENDOCINO,UNINCORPORATED,-123.40900421142578,39.390003204345703