CASE_ID,ACCIDENT_YEAR,PROC_DATE,JURIS,COLLISION_DATE,COLLISION_TIME,OFFICER_ID,REPORTING_DISTRICT,DAY_OF_WEEK,CHP_SHIFT,POPULATION,CNTY_CITY_LOC,SPECIAL_COND,BEAT_TYPE,CHP_BEAT_TYPE,CITY_DIVISION_LAPD,CHP_BEAT_CLASS,BEAT_NUMBER,PRIMARY_RD,SECONDARY_RD,DISTANCE,DIRECTION,INTERSECTION,WEATHER_1,WEATHER_2,STATE_HWY_IND,CALTRANS_COUNTY,CALTRANS_DISTRICT,STATE_ROUTE,ROUTE_SUFFIX,POSTMILE_PREFIX,POSTMILE,LOCATION_TYPE,RAMP_INTERSECTION,SIDE_OF_HWY,TOW_AWAY,COLLISION_SEVERITY,NUMBER_KILLED,NUMBER_INJURED,PARTY_COUNT,PRIMARY_COLL_FACTOR,PCF_CODE_OF_VIOL,PCF_VIOL_CATEGORY,PCF_VIOLATION,PCF_VIOL_SUBSECTION,HIT_AND_RUN,TYPE_OF_COLLISION,MVIW,PED_ACTION,ROAD_SURFACE,ROAD_COND_1,ROAD_COND_2,LIGHTING,CONTROL_DEVICE,CHP_ROAD_TYPE,PEDESTRIAN_ACCIDENT,BICYCLE_ACCIDENT,MOTORCYCLE_ACCIDENT,TRUCK_ACCIDENT,NOT_PRIVATE_PROPERTY,ALCOHOL_INVOLVED,STWD_VEHTYPE_AT_FAULT,CHP_VEHTYPE_AT_FAULT,COUNT_SEVERE_INJ,COUNT_VISIBLE_INJ,COUNT_COMPLAINT_PAIN,COUNT_PED_KILLED,COUNT_PED_INJURED,COUNT_BICYCLIST_KILLED,COUNT_BICYCLIST_INJURED,COUNT_MC_KILLED,COUNT_MC_INJURED,PRIMARY_RAMP,SECONDARY_RAMP,LATITUDE,LONGITUDE,COUNTY,CITY,POINT_X,POINT_Y
91817447,2022,2022-07-14,9150,2022-01-10,1840,021527,,1,2,9,2300,0,1,2,,1,031,US-101,SR-20,8448.00,S,N,A,-,Y,MEN,,101,,,42.187,H,,R,Y,1,1,0,2,A,-,11,21956,A,N,G,B,E,A,H,-,D,D,0,Y,,,,Y,,N,60,0,0,0,1,0,0,0,0,0,"- ","- ",39.3560791015625,-123.31925964355469,MENDOCINO,UNINCORPORATED,-123.31918334960938,39.356048583984375
91818385,2022,2022-07-26,9150,2022-07-02,1300,022156,,6,1,9,2300,0,1,3,,1,065,"SR-20 W/B","THE DRIVEWAY TO WILDWOOD CAMPGROUND",528.00,W,N,A,-,Y,MEN,,20,,,3.396,H,,L,Y,2,0,2,1,A,-,01,23153,A,F,F,8,A,A,H,-,D,D,0,,,,,Y,Y,D,22,2,0,0,0,0,0,0,0,0,"- ","- ",39.410659790039062,-123.74726867675781,MENDOCINO,UNINCORPORATED,-123.74729919433594,39.410640716552734
91830067,2022,2022-08-01,9150,2022-07-26,2236,021958,,2,3,9,2300,0,1,2,,2,021,"US-101 NORTHBOUND","GOBBI ST",300.00,N,N,A,-,Y,,,,,,,,,,Y,2,0,1,1,A,-,01,23152,A,N,A,J,A,A,H,-,C,D,0,,,,,Y,Y,A,01,1,0,0,0,0,0,0,0,0,"- ","- ",39.145790100097656,-123.19584655761719,MENDOCINO,UNINCORPORATED,-123.19629669189453,39.145755767822266
91847573,2022,2022-08-24,9150,2022-08-17,0935,022276,,3,1,2,2301,0,1,3,,1,062,SR-1,"COLLING LN",33.00,S,N,A,-,Y,MEN,,1,,,59.545,H,,R,N,2,0,1,2,A,-,09,21804,A,N,D,G,A,A,H,-,A,D,0,,Y,,,Y,,L,04,1,0,0,0,0,0,1,0,0,"- ","- ",39.416271209716797,-123.80821228027344,MENDOCINO,"FORT BRAGG",-123.80813598632812,39.416267395019531
91850622,2022,2022-08-26,9150,2022-08-23,1825,019107,,2,2,9,2300,0,1,2,,1,010,"US 101","GEYSERS RD",3168.00,N,N,A,-,Y,MEN,,101,,,1.262,H,,R,Y,2,0,1,1,A,-,08,22107,,N,E,I,A,A,H,-,A,D,0,,,,,Y,,A,01,1,0,0,0,0,0,0,0,0,"- ","- ",38.865909576416016,-123.04216003417969,MENDOCINO,UNINCORPORATED,-123.04213714599609,38.865917205810547
91864159,2022,2022-09-14,9150,2022-09-04,1752,022276,,7,2,9,2300,0,1,3,,1,062,SR-1,"MAIN ST",0.00,,Y,A,-,Y,MEN,,1,,R,50.565,H,,R,Y,2,0,1,2,A,-,09,21801,A,N,D,C,A,A,H,-,A,D,0,,,Y,,Y,,D,22,1,0,0,0,0,0,0,0,1,"- ","- ",39.306629180908203,-123.79361724853516,MENDOCINO,UNINCORPORATED,-123.79352569580078,39.306678771972656
91875858,2022,2022-09-28,9150,2022-09-23,1008,021804,,5,1,9,2300,0,1,2,,1,012,US-101,"HEWLETT STURTEVANT RD",299.00,N,N,A,-,Y,MEN,,101,,,12.001,H,,R,Y,2,0,2,3,A,-,05,21460,A,N,A,9,A,A,H,-,A,D,0,,,Y,,Y,Y,A,01,1,1,0,0,0,0,0,0,1,"- ","- ",38.986751556396484,-123.11785888671875,MENDOCINO,UNINCORPORATED,-123.11791229248047,38.986743927001953
91882310,2022,2022-10-04,9126,2022-09-24,1545,022747,,6,2,9,2300,0,3,5,,2,555,"SPYROCK ROAD","8281 SPYROCK ROAD",528.00,E,N,A,-,N,,,,,,,,,,N,2,0,1,1,A,-,08,22107,,N,F,A,A,A,H,-,A,D,0,,,Y,,Y,Y,C,06,1,0,0,0,0,0,0,0,1,"- ","- ",39.865341186523438,-123.47972106933594,MENDOCINO,UNINCORPORATED,,
91885137,2022,2022-10-07,9126,2022-09-28,1405,022628,,3,2,9,2300,0,2,4,,2,005,"CRAWFORD ROAD","BIGGAR LANE",1000.00,S,N,A,-,N,,,,,,,,,,Y,2,0,1,1,A,-,01,23152,A,N,E,I,A,A,H,-,A,D,0,,,Y,,Y,Y,C,02,1,0,0,0,0,0,0,0,1,"- ","- ",39.808509826660156,-123.26236724853516,MENDOCINO,UNINCORPORATED,-123.2623291015625,39.807102203369141
91885171,2022,2022-10-07,9150,2022-10-02,1228,021890,,7,1,9,2300,0,1,3,,1,024,SR-20,"MPM 34.83",113.00,W,N,A,-,Y,,,,,,,,,,N,2,0,1,2,A,-,17,22109,,N,C,C,A,A,H,-,A,D,0,,,,,Y,,A,01,1,0,0,0,0,0,0,0,0,"- ","- ",39.147621154785156,-123.19924926757812,MENDOCINO,UNINCORPORATED,,
91886381,2022,2022-10-10,9150,2022-10-03,1429,022220,,1,2,9,2300,0,1,3,,1,065,SR-20,"BENSON LANE",1584.00,W,N,B,-,Y,MEN,,20,,,1.415,H,,R,Y,2,0,1,2,A,-,09,21804,A,N,D,C,A,A,H,-,A,D,0,,,Y,,Y,,C,02,1,0,0,0,0,0,0,0,1,"- ","- ",39.415420532226562,-123.78321075439453,MENDOCINO,UNINCORPORATED,-123.78321075439453,39.415412902832031
91886441,2022,2022-10-10,9150,2022-10-03,1604,021527,,1,2,9,2300,0,1,3,,1,015,SR-253,"KNITTLEVILLE LN",5.00,N,N,A,-,Y,MEN,,253,,,15.330,H,,R,N,2,0,1,2,A,-,05,21460,A,N,D,C,A,A,H,-,A,D,0,,,Y,,Y,,C,02,1,0,0,0,0,0,0,0,1,"- ","- ",39.093559265136719,-123.21688079833984,MENDOCINO,UNINCORPORATED,-123.21688079833984,39.093540191650391
91888801,2022,2022-10-12,9150,2022-09-30,1940,022156,,5,2,9,2300,0,1,3,,1,062,"SR-1 N/B","SR-1 AT COLLING LN.",0.00,,Y,A,-,Y,MEN,,1,,,59.569,H,,R,N,2,0,1,2,A,-,08,22107,,F,B,G,A,A,H,-,B,D,0,,Y,,,Y,,-,99,1,0,0,0,0,0,1,0,0,"- ","- ",39.416580200195312,-123.80808258056641,MENDOCINO,UNINCORPORATED,-123.80811309814453,39.416580200195312
9192172,2020,2021-02-01,2304,2020-07-10,1722,3515,,5,5,2,2304,0,0,0,,0,001,"SOUTH MAIN ST","W VALLEY ST",0.00,,Y,A,-,N,,,,,,,,,,Y,2,0,1,2,A,-,00,2800,,N,D,C,A,A,H,-,A,D,0,,,,,Y,,-,,1,0,0,0,0,0,0,0,0,"- ","- ",,,MENDOCINO,WILLITS,-123.35352325439453,39.409011840820312
91929045,2022,2022-11-29,9150,2022-11-16,1725,018977,,3,2,9,2300,0,2,4,,1,018,"S. STATE ST","LAWS AVE",507.00,N,N,A,-,N,,,,,,,,,,Y,2,0,1,2,A,-,09,21804,A,N,D,G,A,A,H,-,C,D,0,,Y,,,Y,,L,04,1,0,0,0,0,0,1,0,0,"- ","- ",39.127540588378906,-123.20449066162109,MENDOCINO,UNINCORPORATED,-123.20442962646484,39.127540588378906
91947423,2022,2022-12-20,9150,2022-11-05,1710,021527,,6,2,9,2300,0,1,3,,2,041,SR-128,SR-253,8976.00,E,N,B,C,Y,MEN,,128,,,31.330,H,,R,N,1,1,0,1,A,-,08,22107,,N,E,I,A,B,H,-,A,D,0,,,,,Y,,A,07,0,0,0,0,0,0,0,0,0,"- ","- ",38.976009368896484,-123.34758758544922,MENDOCINO,UNINCORPORATED,-123.34758758544922,38.976016998291016
91970655,2023,2023-01-18,9126,2023-01-05,1014,023141,,4,1,9,2300,0,1,2,,1,077,"US 101 SOUTHBOUND","SHIMMINS RIDGE ROAD",528.00,N,N,C,-,Y,,,,,,,,,,Y,2,0,7,1,A,-,03,22350,,N,F,A,A,B,H,-,A,D,0,,,,,Y,,D,22,1,2,4,0,0,0,0,0,0,"- ","- ",39.312488555908203,-123.23561859130859,MENDOCINO,UNINCORPORATED,-123.39159393310547,39.518482208251953
91987979,2023,2023-02-06,9150,2023-01-07,"725 ",020522,,6,1,9,2300,0,3,5,,2,005,"MOUNTAIN VIEW RD","RANCHERIA RD",5280.00,E,N,B,C,N,,,,,,,,,,Y,1,1,1,1,A,-,08,22107,,N,E,I,A,B,H,-,B,D,0,,,,Y,Y,,F,27,1,0,0,0,0,0,0,0,0,"- ","- ",38.956478118896484,-123.64598083496094,MENDOCINO,UNINCORPORATED,-123.65076446533203,38.956272125244141
91988059,2022,2023-02-06,9150,2022-12-02,1945,020886,,5,2,9,2300,0,1,3,,1,065,SR-20,"TREE CHOP ROAD",8448.00,E,N,B,-,Y,MEN,,20,,,12.254,H,,R,Y,1,1,0,1,A,-,08,22107,,N,E,8,A,A,H,-,D,D,0,,,,,Y,,A,01,0,0,0,0,0,0,0,0,0,"- ","- ",39.355979919433594,-123.62873077392578,MENDOCINO,UNINCORPORATED,-123.62872314453125,39.355972290039062
91997468,2023,2023-02-17,9150,2023-02-08,1500,023109,,3,2,9,2300,0,1,2,,2,022,US-101,"HENSLEY CREEK RD",25.00,S,N,A,-,Y,MEN,,101," "," ",26.978,H,,R,Y,2,0,1,1,A,-,03,22350,,N,F,A,A,A,H,-,A,D,0,,,Y,,Y,Y,C,02,1,0,0,0,0,0,0,0,1,"- ","- ",39.185050964355469,-123.21190643310547,MENDOCINO,UNINCORPORATED,-123.21158599853516,39.185016632080078
92030606,2023,2023-03-28,9126,2023-03-10,1940,022747,,5,2,9,2300,0,3,5,,2,007,"GOOSE ROAD","PERCH DR.",1056.00,W,N,A,-,N,,,,,,,,,,Y,2,0,1,1,A,-,01,23152,A,N,E,I,A,A,H,-,D,D,0,,,,,Y,Y,A,01,1,0,0,0,0,0,0,0,0,"- ","- ",39.442420959472656,-123.40731811523438,MENDOCINO,UNINCORPORATED,-123.40718078613281,39.442420959472656
92038941,2023,2023-04-06,9150,2023-04-01,"700 ",023203,,6,1,9,2300,0,3,5,,2,003,"OLD BOYSCOUT ROAD","RIDGEWOOD RD",0.00,,Y,B,C,N,,,,,,,,,,N,2,0,1,1,A,-,08,22107,,N,E,I,A,B,H,-,A,D,0,,,,,Y,,A,01,1,0,0,0,0,0,0,0,0,"- ","- ",39.3785400390625,-123.29347991943359,MENDOCINO,UNINCORPORATED,-123.29303741455078,39.378627777099609
92045549,2023,2023-04-19,9150,2023-03-22,1611,023115,,3,2,9,2300,0,1,2,,2,022,"UNITED STATES HIGHWAY 101","MILE POST MARKER 41.09",137.00,N,N,B,C,Y,MEN,,101," "," ",41.159,H,,R,Y,1,1,3,2,A,-,03,22350,,N,A,C,A,B,H,-,A,D,0,,,,,Y,,A,07,2,1,0,0,0,0,0,0,0,"- ","- ",39.343189239501953,-123.31693267822266,MENDOCINO,UNINCORPORATED,-123.31693267822266,39.343185424804688
92050287,2023,2023-04-21,9150,2023-04-16,1155,021804,,7,1,9,2300,0,1,2,,1,012,"SB US-101","BURKE HILL OVPS",10560.00,S,N,A,-,Y,MEN,,101," "," ",17.924,H,,R,Y,2,0,1,1,A,-,08,22107,,N,F,I,A,A,H,-,A,D,0,,,,,Y,,A,01,1,0,0,0,0,0,0,0,0,"- ","- ",39.062778472900391,-123.163330078125,MENDOCINO,UNINCORPORATED,-123.16305541992188,39.06292724609375
92058546,2023,2023-05-01,9126,2023-04-20,1530,022730,,4,2,9,2300,0,1,2,,2,055,US-101,"BELL SPRINGS ROAD",528.00,S,N,A,-,Y,MEN,,101," "," ",81.080,H,,R,Y,2,0,1,1,A,-,08,22107,,N,F,0,A,A,H,-,A,D,0,,,,Y,Y,,F,26,1,0,0,0,0,0,0,0,0,"- ","- ",39.827030181884766,-123.57045745849609,MENDOCINO,UNINCORPORATED,-123.57045745849609,39.827030181884766
92062332,2023,2023-05-05,9150,2023-05-02,2305,022228,,2,3,9,2300,0,3,5,,2,002,"LAKE MENDOCINO DR",SEIJI,73.00,E,N,B,C,N,,,,,,,,,,Y,2,0,3,1,A,-,01,23152,A,N,E,I,A,B,H,-,C,D,0,,,,,Y,Y,A,01,1,1,1,0,0,0,0,0,0,"- ","- ",39.195400238037109,-123.19870758056641,MENDOCINO,UNINCORPORATED,-123.19879150390625,39.195327758789062
92082588,2023,2023-05-31,9150,2023-05-25,1408,023203,,4,2,9,2300,0,1,3,,1,013,"SR-175 W/B","NOKOMIS RD",13622.00,E,N,A,-,Y,MEN,,175," "," ",8.246,H,,L,Y,2,0,1,1,A,-,03,22350,,N,F,0,A,A,H,-,A,D,0,,,Y,,Y,,C,02,1,0,0,0,0,0,0,0,1,"- ","- ",38.980331420898438,-123.01032257080078,MENDOCINO,UNINCORPORATED,-123.01026916503906,38.980373382568359
92095143,2023,2023-06-15,9126,2023-06-05,2240,022730,,1,3,9,2300,0,1,2,,1,077,"US-101 N/B","UNDERPASS ROAD",625.00,S,N,B,-,Y,MEN,,101," "," ",57.538,H,,R,Y,2,0,2,3,C,-,18,,,N,C,2,E,A,H,-,D,D,0,Y,,,,Y,,-,"- ",1,1,0,0,1,0,0,0,0,"- ","- ",39.534889221191406,-123.41348266601562,MENDOCINO,UNINCORPORATED,-123.41349792480469,39.534862518310547
92101110,2023,2023-06-29,9126,2023-05-28,1350,022610,,7,1,9,2300,0,3,5,,2,555,"TOMKI ROAD","22364 TOMKI ROAD",88.50,N,N,C,-,N,,,,,,,,,,Y,1,1,0,2,A,-,05,21650,,N,A,C,A,B,H,-,E,D,0,,,Y,,Y,,C,02,0,0,0,0,0,0,0,1,0,"- ","- ",39.443931579589844,-123.23990631103516,MENDOCINO,UNINCORPORATED,,
92116201,2023,2023-07-13,9150,2023-07-01,2243,023115,,6,3,9,2300,0,3,5,,2,002,"POWERHOUSE RD","FURBER LN",27.00,S,N,A,-,N,,,,,,,,,,N,2,0,1,2,A,-,01,23152,A,N,C,E,A,A,H,-,D,D,0,,,Y,,Y,Y,C,02,1,0,0,0,0,0,0,0,1,"- ","- ",39.323158264160156,-123.11305999755859,MENDOCINO,UNINCORPORATED,-123.11311340332031,39.323146820068359
92124747,2023,2023-07-24,9150,2023-07-15,"900 ",023140,,6,1,9,2300,0,3,5,,2,005,"MOUNTAIN VIEW ROAD","MPM 3.29",1056.00,E,N,A,-,N,,,,,,,,,,Y,1,1,0,1,A,-,08,22107,,N,E,8,A,A,H,-,A,D,0,,,,,Y,,D,22,0,0,0,0,0,0,0,0,0,"- ","- ",38.958290100097656,-123.63567352294922,MENDOCINO,UNINCORPORATED,,
92140964,2023,2023-08-10,9150,2023-07-26,2100,023115,,3,2,9,2300,0,3,5,,2,002,"EAST RD","COUNTY ROAD I",0.00,,Y,A,-,N,,,,,,,,,,N,2,0,1,1,A,-,08,22107,,N,E,I,A,A,H,-,B,D,0,,,Y,,Y,,C,02,1,0,0,0,0,0,0,0,1,"- ","- ",39.283199310302734,-123.20572662353516,MENDOCINO,UNINCORPORATED,,
92178362,2023,2023-09-25,9150,2023-09-17,1204,021816,,7,1,9,2300,0,3,5,,2,002,"COMPTCHE UKIAH","LOW GAP RD",6336.00,W,N,A,-,N,,,,,,,,,,Y,2,0,1,2,A,-,05,21460,A,N,B,C,A,A,H,-,A,D,0,,,Y,,Y,,C,02,1,0,0,0,0,0,0,0,1,"- ","- ",39.229850769042969,-123.49501800537109,MENDOCINO,UNINCORPORATED,-123.48039245605469,39.230075836181641
92223452,2023,2023-10-31,9126,2023-10-22,"950 ",021836,,7,1,9,2300,0,1,2,,2,011,US-101,SR-1,407.00,S,N,C,-,Y,,,,,,,,,,Y,2,0,1,1,A,-,03,22350,,N,E,8,A,B,H,-,A,D,0,,,,,Y,,D,22,1,0,0,0,0,0,0,0,0,"- ","- ",39.520210266113281,-123.42801666259766,MENDOCINO,UNINCORPORATED,-123.71339416503906,39.867092132568359
92226779,2023,2023-11-02,9150,2023-10-30,"820 ",016075,,1,1,9,2300,0,2,4,,2,026,"11101 PINE AVE.","PINE AVE.",528.00,S,N,A,-,N,,,,,,,,,,Y,2,0,1,1,A,-,08,22107,,N,E,I,A,A,H,-,A,D,0,,,,,Y,,A,07,1,0,0,0,0,0,0,0,0,"- ","- ",39.291851043701172,-123.09436798095703,MENDOCINO,UNINCORPORATED,-123.05886840820312,39.298812866210938
92227311,2023,2023-11-03,9150,2023-10-27,1800,019107,,5,2,9,2300,0,2,4,,2,026,"ROCKY CREEK","EEL RIVER ROAD",0.00,,Y,A,-,N,,,,,,,,,,N,2,0,1,1,B,-,22,,,N,F,A,A,A,H,-,B,D,0,,,Y,,Y,,C,02,1,0,0,0,0,0,0,0,1,"- ","- ",39.381938934326172,-123.09835815429688,MENDOCINO,UNINCORPORATED,,
92237875,2023,2023-11-16,9126,2023-05-14,1900,022747,,7,2,9,2300,0,3,5,,2,555,"MEXICO RIDGE ROAD (CRM1)","ETSEL RIDGE ROAD",3168.00,S,N,A,-,N,,,,,,,,,,Y,1,1,0,1,A,-,03,22350,,N,E,8,A,A,H,-,A,D,0,,,Y,,Y,,C,06,0,0,0,0,0,0,0,1,0,"- ","- ",39.811698913574219,-123.08001708984375,MENDOCINO,UNINCORPORATED,-123.07993316650391,39.811862945556641
92254373,2023,2023-12-06,9150,2023-11-24,2220,023008,,5,3,9,2300,0,1,3,,1,013,"SR-175 W/B","ADOBE CREEK RD",7392.00,E,N,A,-,N,,,,,,,,,,Y,2,0,1,1,A,-,01,23152,A,M,E,I,A,A,H,-,D,A,0,,,,,Y,Y,A,01,1,0,0,0,0,0,0,0,0,"- ","- ",38.988300323486328,-122.98919677734375,MENDOCINO,UNINCORPORATED,-122.98919677734375,38.988346099853516
92256155,2023,2023-12-07,9150,2023-11-13,"745 ",022150,,1,1,9,2300,0,3,5,,2,006,"ALBION RIDGE RD","MIDDLE RIDGE RD",3696.00,E,N,A,-,N,,,,,,,,,,Y,1,1,0,1,A,-,03,22350,,N,E,I,A,A,H,-,A,D,0,,,,,Y,,D,22,0,0,0,0,0,0,0,0,0,"- ","- ",39.206489562988281,-123.70069122314453,MENDOCINO,UNINCORPORATED,-123.70084381103516,39.206169128417969
92260138,2023,2023-12-12,9150,2023-12-04,1845,021958,,1,2,9,2300,0,1,3,,2,042,SR-128,"ROSSI RD",50.00,E,N,A,-,Y,MEN,,128," "," ",29.072,H,,R,N,2,0,1,2,A,-,10,21954,B,N,G,B,D,A,H,-,D,D,0,Y,,,,Y,,D,22,1,0,0,0,1,0,0,0,0,"- ","- ",39.005290985107422,-123.36376953125,MENDOCINO,UNINCORPORATED,-123.36378479003906,39.005283355712891
92271377,2023,2023-12-26,9126,2023-12-11,1750,022747,,1,2,9,2300,0,1,2,,1,077,US-101,"RYAN CREEK ROAD",528.00,N,N,B,-,Y,MEN,,101," "," ",52.669,H,,R,Y,2,0,1,2,A,-,01,23152,A,N,B,2,A,A,H,-,D,D,0,,,,,Y,Y,D,22,1,0,0,0,0,0,0,0,0,"- ","- ",39.486000061035156,-123.36061096191406,MENDOCINO,UNINCORPORATED,-123.360595703125,39.486003875732422
92283773,2023,2024-01-10,9126,2023-11-18,"110 ",022610,,6,3,9,2300,0,1,2,,1,077,US-101,"MPM 101 MEN 67.17",63.00,S,N,C,-,Y,MEN,,101," ",R,67.251,H,,R,Y,1,1,0,1,A,-,01,23152,F,N,E,8,A,B,H,-,D,D,0,,,,,Y,,A,07,0,0,0,0,0,0,0,0,0,"- ","- ",39.657680511474609,-123.47737884521484,MENDOCINO,UNINCORPORATED,-123.47731781005859,39.657703399658203
92304346,2024,2024-02-02,9150,2024-01-26,1305,022276,,5,1,9,2300,0,3,5,,2,006,"SHERWOOD RD","NOTTINGHAM CT",589.00,E,N,B,-,N,,,,,,,,,,Y,2,0,2,1,A,-,03,22350,,N,E,8,A,B,H,-,A,D,0,,,,,Y,,D,22,1,1,0,0,0,0,0,0,0,"- ","- ",39.442070007324219,-123.77213287353516,MENDOCINO,UNINCORPORATED,,
92384285,2024,2024-05-07,9150,2024-05-02,"738 ",021444,,4,1,9,2300,0,1,2,,1,012,US-101,CR-112A,4224.00,N,N,A,-,Y,MEN,,101," "," ",12.812,H,,R,Y,2,0,1,1,A,-,08,22107,,N,E,8,A,A,H,-,A,D,0,,,,,Y,,A,01,1,0,0,0,0,0,0,0,0,"- ","- ",38.998138427734375,-123.11785125732422,MENDOCINO,UNINCORPORATED,-123.11765289306641,38.998134613037109
92429777,2024,2024-07-03,9150,2024-06-26,"445 ",023008,,3,3,9,2300,0,1,3,,2,042,SR-128,"RAYS RD",1056.00,W,N,A,-,Y,MEN,,128," "," ",22.670,H,,R,Y,2,0,1,1,A,-,03,22350,,N,E,8,A,A,H,-,B,A,0,,,,,Y,Y,A,01,1,0,0,0,0,0,0,0,0,"- ","- ",39.067390441894531,-123.44551849365234,MENDOCINO,UNINCORPORATED,-123.44552612304688,39.067359924316406
92878263,2024,2024-07-30,9150,2024-07-19,"49  ",023109,,5,3,9,2300,0,1,2,,2,022,US-101,"RIVER STREET",300.00,N,N,A,-,Y,MEN,,101," ",R,25.227,H,,R,Y,2,0,1,2,A,-,03,22350,,N,C,C,A,A,H,-,C,D,0,,,,Y,Y,,D,22,1,0,0,0,0,0,0,0,0,"- ","- ",39.161659240722656,-123.19880676269531,MENDOCINO,UNINCORPORATED,-123.19891357421875,39.161632537841797
9324070,2020,2021-09-22,2304,2020-12-12,1301,3505,WPD,6,5,2,2304,0,0,0,,0,001,"RT 20","GREGORY LN",0.00,,Y,A,-,Y,MEN,1,20,-,L,33.848,I,6,W,Y,1,1,0,2,A,-,03,22350,,N,B,C,A,A,H,-,A,D,0,,,Y,Y,Y,,C,02,0,0,0,0,0,0,0,1,0,"- ","- ",,,MENDOCINO,WILLITS,,
93490898,2024,2024-08-05,9150,2024-07-24,1457,023835,,3,2,9,2300,0,1,3,,1,024,SR-20,"COUNTY ROAD 262",2112.00,E,N,A,-,Y,MEN,,20," ",R,39.737,H,,R,Y,2,0,4,2,A,-,09,21801,A,N,A,C,A,A,H,-,A,D,0,,,,,Y,,A,01,2,0,2,0,0,0,0,0,0,"- ","- ",39.231788635253906,-123.10067749023438,MENDOCINO,UNINCORPORATED,-123.10067749023438,39.231803894042969
94256704,2024,2024-08-13,9150,2024-07-25,1716,019107,,4,2,9,2300,0,1,3,,1,051,SR-1,"SCHOONER GULCH RD",35.00,N,N,A,-,Y,MEN,,1," "," ",11.413,H,,R,N,2,0,1,2,A,-,11,21950,B,N,G,B,D,A,H,-,A,D,0,Y,,,,Y,,N,60,1,0,0,0,1,0,0,0,0,"- ","- ",38.869140625,-123.65351104736328,MENDOCINO,UNINCORPORATED,-123.65349578857422,38.869144439697266
94390560,2024,2024-09-11,9150,2024-09-05,1054,023961,,4,1,9,2300,0,1,2,,1,010,"US 101","COMMISKY STATION RD",0.00,,Y,A,-,Y,MEN,,101," "," ",3.059,H,,L,Y,2,0,1,2,A,-,09,21802,,N,D,C,A,A,H,-,A,A,0,,,Y,,Y,,C,02,1,0,0,0,0,0,0,0,1,"- ","- ",38.887401580810547,-123.0535888671875,MENDOCINO,UNINCORPORATED,-123.05365753173828,38.887409210205078
94409950,2024,2024-09-26,9126,2024-07-01,2105,022628,,1,2,9,2300,0,2,4,,1,003,"HARMON DRIVE",US-101,1056.00,N,N,A,-,N,,,,,,,,,,Y,1,1,0,1,A,-,01,23152,A,N,E,I,A,A,H,-,B,D,0,,,Y,,Y,Y,C,02,0,0,0,0,0,0,0,1,0,"- ","- ",39.686248779296875,-123.47943115234375,MENDOCINO,UNINCORPORATED,-123.47969818115234,39.686679840087891
94415491,2024,2024-10-01,9126,2024-07-21,2026,023800,,7,2,9,2300,0,2,4,,2,005,SR-162,"FAIRBANKS LANE",521.00,E,N,A,-,Y,MEN,,162," "," ",26.846,H,,R,Y,2,0,1,1,A,-,08,22107,,F,E,8,A,A,H,-,D,D,0,,,,,Y,,A,01,1,0,0,0,0,0,0,0,0,"- ","- ",39.759731292724609,-123.24826049804688,MENDOCINO,UNINCORPORATED,-123.24830627441406,39.759731292724609
94474334,2024,2024-11-18,9126,2024-10-06,1857,023906,,7,2,9,2300,0,3,5,,2,007,"SHERWOOD ROAD","BIRCH STREET",2640.00,S,N,A,-,N,,,,,,,,,,Y,2,0,1,1,A,-,08,22107,,N,E,8,A,A,H,-,B,A,0,,,,,Y,,A,07,1,0,0,0,0,0,0,0,0,"- ","- ",39.427978515625,-123.36966705322266,MENDOCINO,UNINCORPORATED,-123.36823272705078,39.427402496337891
94474880,2024,2024-11-19,9150,2024-11-06,1709,023308,,3,2,9,2300,0,2,4,,2,014,"OLD RIVER ROAD","PARSONS CREEK",1848.00,S,N,A,-,N,,,,,,,,,,Y,2,0,1,1,A,-,03,22350,,N,F,0,A,A,H,-,B,D,0,,,,,Y,,-,"- ",1,0,0,0,0,0,0,0,0,"- ","- ",39.034370422363281,-123.12241363525391,MENDOCINO,UNINCORPORATED,,
94501912,2024,2024-12-13,9150,2024-11-27,"20  ",019107,,3,3,9,2300,0,3,5,,2,006,"SIMPSON LN","ELLISON WAY",60.00,W,N,E,-,N,,,,,,,,,,Y,2,0,2,1,A,-,08,22107,,N,E,I,A,B,H,-,D,D,0,,,,,Y,,A,01,1,1,0,0,0,0,0,0,0,"- ","- ",39.40679931640625,-123.79190063476562,MENDOCINO,UNINCORPORATED,-123.79177093505859,39.406730651855469