CASE_ID,ACCIDENT_YEAR,PROC_DATE,JURIS,COLLISION_DATE,COLLISION_TIME,OFFICER_ID,REPORTING_DISTRICT,DAY_OF_WEEK,CHP_SHIFT,POPULATION,CNTY_CITY_LOC,SPECIAL_COND,BEAT_TYPE,CHP_BEAT_TYPE,CITY_DIVISION_LAPD,CHP_BEAT_CLASS,BEAT_NUMBER,PRIMARY_RD,SECONDARY_RD,DISTANCE,DIRECTION,INTERSECTION,WEATHER_1,WEATHER_2,STATE_HWY_IND,CALTRANS_COUNTY,CALTRANS_DISTRICT,STATE_ROUTE,ROUTE_SUFFIX,POSTMILE_PREFIX,POSTMILE,LOCATION_TYPE,RAMP_INTERSECTION,SIDE_OF_HWY,TOW_AWAY,COLLISION_SEVERITY,NUMBER_KILLED,NUMBER_INJURED,PARTY_COUNT,PRIMARY_COLL_FACTOR,PCF_CODE_OF_VIOL,PCF_VIOL_CATEGORY,PCF_VIOLATION,PCF_VIOL_SUBSECTION,HIT_AND_RUN,TYPE_OF_COLLISION,MVIW,PED_ACTION,ROAD_SURFACE,ROAD_COND_1,ROAD_COND_2,LIGHTING,CONTROL_DEVICE,CHP_ROAD_TYPE,PEDESTRIAN_ACCIDENT,BICYCLE_ACCIDENT,MOTORCYCLE_ACCIDENT,TRUCK_ACCIDENT,NOT_PRIVATE_PROPERTY,ALCOHOL_INVOLVED,STWD_VEHTYPE_AT_FAULT,CHP_VEHTYPE_AT_FAULT,COUNT_SEVERE_INJ,COUNT_VISIBLE_INJ,COUNT_COMPLAINT_PAIN,COUNT_PED_KILLED,COUNT_PED_INJURED,COUNT_BICYCLIST_KILLED,COUNT_BICYCLIST_INJURED,COUNT_MC_KILLED,COUNT_MC_INJURED,PRIMARY_RAMP,SECONDARY_RAMP,LATITUDE,LONGITUDE,COUNTY,CITY,POINT_X,POINT_Y
94502450,2024,2024-12-13,9126,2024-09-04,2025,023987,,3,2,9,2300,0,1,2,,1,077,US-101,"SHAMROCK LANE",528.00,N,N,A,-,Y,MEN,,101," ",T,65.962,H,,R,Y,1,1,0,2,A,-,01,23152,A,N,E,J,A,A,H,-,D,D,0,,,,,Y,Y,D,22,0,0,0,0,0,0,0,0,0,"- ","- ",39.640178680419922,-123.47115325927734,MENDOCINO,UNINCORPORATED,-123.47117614746094,39.640167236328125
94552795,2025,2025-01-28,9150,2025-01-17,1640,023973,,5,2,9,2300,0,1,3,,1,013,"SR-175 E/B","HOOPER RANCH RD",2640.00,E,N,A,-,Y,MEN,,175," "," ",6.101,H,,R,Y,2,0,1,1,A,-,08,22107,,N,E,8,A,A,H,-,A,D,0,,,,,Y,,A,07,1,0,0,0,0,0,0,0,0,"- ","- ",38.970348358154297,-123.02436065673828,MENDOCINO,UNINCORPORATED,-123.02436828613281,38.970371246337891
94564734,2025,2025-02-04,9126,2025-01-23,"700 ",023855,,4,1,9,2300,0,1,2,,1,077,"US 101 S/B","MPM 101 MEN 59.41",5.00,S,N,A,-,Y,MEN,,101," "," ",59.412,H,,L,Y,2,0,1,1,A,-,03,22350,,N,E,I,A,C,H,-,A,D,0,,,,,Y,,D,22,1,0,0,0,0,0,0,0,0,"- ","- ",39.556331634521484,-123.43154907226562,MENDOCINO,UNINCORPORATED,-123.43154144287109,39.55633544921875
94585078,2024,2025-02-20,9150,2024-12-19,1917,023961,,4,2,9,2300,0,2,4,,2,014,"TALMAGE RD","RUDDICK CUNNINGHAM RD",930.00,E,N,A,-,Y,MEN,,222," "," ",1.111,H,,R,Y,1,1,0,2,A,-,03,22350,,M,D,C,A,A,H,-,D,D,0,,,,,Y,,A,01,0,0,0,0,0,0,0,0,0,"- ","- ",39.134059906005859,-123.18538665771484,MENDOCINO,UNINCORPORATED,-123.18537139892578,39.13409423828125
94738942,2025,2025-06-25,9150,2025-06-14,1821,024457,,6,2,9,2300,0,2,4,,2,014,"OLD RIVER ROAD","RUDDICK CUNNINGHAM RD",300.00,N,N,A,-,N,,,,,,,,,,Y,2,0,1,1,A,-,08,22107,,N,E,8,A,A,H,-,A,D,0,,,,,Y,,A,01,1,0,0,0,0,0,0,0,0,"- ","- ",39.113780975341797,-123.15823364257812,MENDOCINO,UNINCORPORATED,-123.16071319580078,39.104450225830078
94739846,2025,2025-06-25,9126,2025-06-19,"615 ",021929,,4,1,9,2300,0,1,2,,2,011,"US-101 N/B","101 MEN 82.07",5.00,S,N,A,-,Y,MEN,,101," "," ",82.090,H,,R,Y,2,0,2,1,C,-,18,,,N,F,0,A,A,H,-,A,D,0,,,,Y,Y,,-,"- ",1,1,0,0,0,0,0,0,0,"- ","- ",39.828159332275391,-123.58808135986328,MENDOCINO,UNINCORPORATED,-123.58806610107422,39.828125
9484757,2022,2022-08-29,2303,2022-07-09,1328,4C7,2303,6,5,3,2303,0,0,0,,0,002,"APPLE AV","CHERRY ST",160.00,N,N,A,-,N,,,,,,,,,,Y,2,0,1,1,A,-,03,22350,,N,F,J,A,A,H,-,A,D,0,,,Y,,Y,,C,02,1,0,0,0,0,0,0,0,1,"- ","- ",,,MENDOCINO,UKIAH,-123.20304107666016,39.139858245849609
9500485,2022,2022-10-06,2303,2022-08-07,2319,498,2303,7,5,3,2303,0,0,0,,0,001,"NORTH STATE ST","GARRETT DR",163.00,S,N,A,-,N,,,,,,,,,,Y,2,0,2,3,A,-,01,23153,A,N,G,B,D,A,H,-,C,D,0,Y,,,,Y,Y,A,01,1,1,0,0,2,0,0,0,0,"- ","- ",,,MENDOCINO,UKIAH,-123.21035766601562,39.164333343505859
9500579,2022,2022-10-10,2303,2022-09-09,1539,4C16,MTSAN,5,5,3,2303,0,0,0,,0,001,"SCOTT ST","N SCHOOL ST",0.00,,Y,A,-,N,,,,,,,,,,N,2,0,1,2,A,-,12,22450,A,N,H,G,A,A,H,-,A,A,0,,Y,,,Y,,L,04,1,0,0,0,0,0,1,0,0,"- ","- ",,,MENDOCINO,UKIAH,-123.20951080322266,39.153617858886719
9526711,2022,2023-03-14,2303,2022-10-21,2345,4B108,2303,5,5,3,2303,0,0,0,,0,NORTH1,"SOUTH ORCHARD AV","PEACH ST",44.00,N,N,A,-,N,,,,,,,,,,N,2,0,1,2,A,-,10,21950,C,F,G,B,D,A,H,-,C,D,0,Y,,,,Y,,-,99,1,0,0,0,1,0,0,0,0,"- ","- ",,,MENDOCINO,UKIAH,-123.19895172119141,39.148952484130859
9646860,2023,2024-01-18,2303,2023-09-02,2054,498,2303,6,5,3,2303,0,0,0,,0,002,"SOUTH STATE ST","OBSERVACORY AV",54.00,S,N,A,-,N,,,,,,,,,,Y,2,0,1,2,A,-,09,21801,A,N,D,J,A,A,H,-,C,D,0,,,Y,,Y,,A,01,1,0,0,0,0,0,0,0,1,"- ","- ",,,MENDOCINO,UKIAH,-123.20558929443359,39.137683868408203
9678337,2024,2024-04-12,2303,2024-02-08,1851,112,"MT SA",4,5,3,2303,0,0,0,,0,001,"SOUTH STATE ST","TALMAGE RD",344.00,S,N,A,-,N,,,,,,,,,,Y,2,0,1,2,A,-,01,23153,A,N,G,B,D,A,H,-,C,D,0,Y,,,,Y,Y,A,01,1,0,0,0,1,0,0,0,0,"- ","- ",,,MENDOCINO,UKIAH,-123.20520782470703,39.135391235351562
9705667,2024,2024-08-21,2303,2024-06-11,1016,4C16,SANHE,2,5,3,2303,0,0,0,,0,002,"GOBBI ST","ORCHARD AV",0.00,,Y,A,-,N,,,,,,,,,,Y,2,0,3,2,A,-,12,21453,A,N,D,C,A,A,H,-,A,A,0,,,,,Y,,A,07,1,0,2,0,0,0,0,0,0,"- ","- ",,,MENDOCINO,UKIAH,-123.19846343994141,39.144634246826172
9738947,2024,2024-10-25,2301,2024-08-13,1440,507,2301,2,5,2,2301,0,0,0,,0,,"MAIN ST","REDWOOD AV",0.00,,Y,A,-,Y,MEN,1,1,-,-,61.471,I,5,S,N,2,0,1,2,A,-,10,21950,A,N,G,B,B,A,H,-,A,A,0,Y,,,,Y,,A,01,1,0,0,0,1,0,0,0,0,"- ","- ",,,MENDOCINO,"FORT BRAGG",-123.80599212646484,39.444229125976562
9775136,2024,2025-01-27,2303,2024-10-04,1920,498,2303,5,5,3,2303,0,0,0,,0,002,"S STATE S","WASHINGTON AV",0.00,,Y,A,-,N,,,,,,,,,,N,2,0,1,2,A,-,10,21950,A,N,G,B,B,A,H,-,C,A,0,Y,,,,Y,,A,01,1,0,0,0,1,0,0,0,0,"- ","- ",,,MENDOCINO,UKIAH,-123.20500946044922,39.134170532226562
9779014,2024,2025-02-10,2303,2024-12-16,1315,498,2303,1,5,3,2303,0,0,0,,0,002,"SOUTH ORCHARD AV","GOBBI ST",0.00,,Y,A,-,N,,,,,,,,,,,2,0,1,2,A,-,11,21950,B,N,G,B,B,A,D,-,A,A,0,Y,,,,Y,,N,60,1,0,0,0,1,0,0,0,0,"- ","- ",,,MENDOCINO,UKIAH,-123.19846343994141,39.144634246826172
6290360,2014,2014-04-29,9126,2014-03-05,1730,20354,,3,2,9,2300,0,1,3,,2,050,"RT 162","DOS RIOS RD",16526.00,E,N,B,C,Y,MEN,1,162,-,-,18.410,H,-,E,Y,1,1,0,1,A,-,08,22107,,N,F,A,A,B,H,-,B,D,0,,,,,Y,,D,22,0,0,0,0,0,0,0,0,0,"- ","- ",39.423029999999997,-123.18446,MENDOCINO,UNINCORPORATED,-123.30696073999999,39.70513914
6290496,2014,2014-05-23,9150,2014-03-17,2000,20398,,1,2,9,2300,0,1,3,,1,062,"RT 1","OCEAN DR",325.00,S,N,A,-,Y,MEN,1,1,-,-,58.880,H,-,S,N,1,1,0,2,A,-,11,21956,,N,G,B,E,A,H,-,D,D,0,Y,,,,Y,,N,60,0,0,0,1,0,0,0,0,0,"- ","- ",39.406959999999998,-123.80874,MENDOCINO,UNINCORPORATED,-123.80874591,39.406985419999998
6290573,2014,2014-05-28,9150,2014-01-06,1743,17279,,1,2,9,2300,0,1,3,,1,051,"RT 1","CURLY LN",200.00,N,N,A,-,Y,MEN,1,1,-,-,14.410,H,-,N,Y,1,1,1,1,A,-,01,23152,A,N,F,A,A,A,H,-,D,D,0,,,,,Y,Y,A,08,1,0,0,0,0,0,0,0,0,"- ","- ",,,MENDOCINO,UNINCORPORATED,-123.68984868,38.900507810000001
6291113,2014,2014-08-19,9126,2014-04-30,0730,20354,,3,1,9,2300,0,1,3,,2,050,"RT 162","RODEO CREEK",2640.00,E,N,A,-,Y,MEN,1,162,-,-,10.580,H,-,W,Y,1,1,2,1,A,-,08,22107,,N,E,I,A,A,H,-,A,D,0,,,,,Y,,A,01,0,1,1,0,0,0,0,0,0,"- ","- ",39.39423,-123.20649,MENDOCINO,UNINCORPORATED,-123.34383415000001,39.65822644
6291243,2014,2015-12-30,9126,2014-07-02,2500,020592,,3,4,9,2300,0,1,2,,2,055,"RT 101","BELL SPRINGS RD",1056.00,S,N,A,-,Y,MEN,1,101,-,-,80.860,H,-,N,Y,1,1,0,1,A,-,08,22107,,N,E,I,A,A,H,-,D,D,0,,,,,Y,,A,01,0,0,0,0,0,0,0,0,0,"- ","- ",39.824179999999998,-123.56712,MENDOCINO,UNINCORPORATED,-123.56780908,39.824929179999998
6418120,2014,2015-11-14,9150,2014-03-04,0025,016030,,2,3,9,2300,0,1,2,,2,021,"RT 101","NORTH STATE ST",400.00,N,N,B,-,Y,MEN,1,101,-,R,26.020,R,2,N,Y,2,0,1,1,A,-,08,22107,,N,E,I,A,B,H,-,C,D,1,,,,,Y,,A,07,1,0,0,0,0,0,0,0,0,"- ","- ",,,MENDOCINO,UNINCORPORATED,-123.20908473,39.169836549999999
6455097,2014,2015-11-20,9126,2014-04-10,0215,020366,,4,3,9,2300,0,1,2,,1,077,"RT 101","STEELE LN",4752.00,N,N,A,-,Y,MEN,1,101,-,R,67.700,H,-,N,Y,2,0,2,1,A,-,08,22107,,N,E,I,A,A,H,-,D,D,0,,,,,Y,,A,07,2,0,0,0,0,0,0,0,0,"- ","- ",,,MENDOCINO,UNINCORPORATED,-123.47627959,39.663851770000001
6459990,2014,2014-07-11,9126,2014-04-21,1940,20366,,1,2,9,2300,0,2,4,,1,001,"BRANSCOMB RD","RT 101",44088.00,W,N,C,-,N,,,,,,,,,,Y,2,0,1,1,A,-,08,22107,,N,E,I,A,B,H,-,B,D,0,,,,,Y,,D,22,1,0,0,0,0,0,0,0,0,"- ","- ",39.631880000000002,-123.58601,MENDOCINO,UNINCORPORATED,-123.56705209,39.624036910000001
6473411,2014,2014-07-23,9126,2014-04-25,0150,020354,,5,3,9,2300,0,1,3,,2,050,"MINA RD","337D RD",485.00,N,N,A,-,N,,,,,,,,,,Y,2,0,1,1,A,-,01,23152,A,N,E,I,A,A,H,-,D,D,0,,,,,Y,Y,D,22,1,0,0,0,0,0,0,0,0,"- ","- ",39.47533,-123.4699,MENDOCINO,UNINCORPORATED,-123.24812204,39.81840553
6508447,2014,2015-09-23,9150,2014-05-30,2137,019435,,5,2,9,2300,0,2,4,,1,023,"NORTH STATE ST","BRICARELLI DR",49.00,N,N,A,-,N,,,,,,,,,,Y,2,0,2,3,A,-,01,23152,A,F,G,B,B,A,H,-,C,D,0,Y,,,,Y,Y,A,07,1,1,0,0,2,0,0,0,0,"- ","- ",39.166249999999998,-123.21073,MENDOCINO,UNINCORPORATED,-123.21093736,39.166301400000002
6514266,2014,2015-11-20,9150,2014-06-12,1700,019133,,4,2,9,2300,0,1,3,,1,065,"RT 20","CHAMBERLAIN CRK RD",10032.00,E,N,A,-,Y,MEN,1,20,-,-,19.200,H,-,W,Y,2,0,1,1,A,-,08,22107,,N,E,I,A,A,H,-,A,D,0,,,,,Y,,D,22,1,0,0,0,0,0,0,0,0,"- ","- ",,,MENDOCINO,UNINCORPORATED,-123.52535128,39.347303179999997
6517534,2014,2015-04-27,9150,2014-06-16,1828,19119,,1,2,9,2300,0,1,3,,1,024,"RT 20","COUNTY ROAD A",214.00,E,N,A,-,Y,MEN,1,20,-,-,34.930,H,-,W,Y,2,0,2,1,A,-,"- ",,,N,E,I,A,A,H,-,A,D,0,,,,,Y,,A,01,2,0,0,0,0,0,0,0,0,"- ","- ",39.239730000000002,-123.17882,MENDOCINO,UNINCORPORATED,-123.17977704,39.239816599999997
6531850,2014,2015-11-20,9126,2014-06-13,2310,20502,,5,3,9,2300,0,1,2,,2,011,"RT 101","S FORK EEL RIVER BR 10-9",986.00,S,N,A,-,Y,MEN,1,101,-,R,102.790,H,-,S,Y,2,0,1,1,A,-,08,22107,,N,E,I,A,A,H,-,D,D,1,,,,,Y,,D,22,1,0,0,0,0,0,0,0,0,"- ","- ",39.957369999999997,-123.78064999999999,MENDOCINO,UNINCORPORATED,-123.78048246,39.956789010000001
6534286,2014,2015-02-11,9150,2014-06-10,1810,019524,,2,2,9,2300,0,1,2,,2,022,"RT 101","POMO LN",528.00,S,N,A,-,Y,MEN,1,101,-,-,28.140,H,-,N,Y,2,0,2,2,A,-,07,21658,A,N,B,C,A,A,H,-,A,D,1,,,,,Y,,A,01,2,0,0,0,0,0,0,0,0,"- ","- ",39.203879999999998,-123.20706,MENDOCINO,UNINCORPORATED,-123.20798825,39.201564279999999
6537009,2014,2015-11-20,9150,2014-06-15,1810,019133,,7,2,9,2300,0,1,3,,1,062,"RT 1","CASPAR ST",0.00,,Y,B,-,Y,MEN,1,1,-,R,55.180,I,5,S,Y,2,0,4,3,A,-,01,23152,,N,A,C,A,A,H,-,A,D,0,,,,,Y,Y,A,01,1,3,0,0,0,0,0,0,0,"- ","- ",39.36542,-123.81019000000001,MENDOCINO,UNINCORPORATED,-123.80970727,39.364923509999997
6537838,2014,2014-07-25,9126,2014-05-29,1700,20431,,4,2,9,2300,0,2,4,,2,070,"SHERWOOD RD","BROOKTRAILS DR",0.00,,Y,A,-,N,,,,,,,,,,N,2,0,1,2,A,-,09,21801,A,N,D,C,A,A,H,-,A,D,0,,,Y,,Y,,M,47,1,0,0,0,0,0,0,0,1,"- ","- ",,,MENDOCINO,UNINCORPORATED,-123.37852998,39.435229890000002
6549529,2014,2016-04-23,9150,2014-07-08,0950,12930,,2,1,9,2300,0,1,3,,1,065,"RT 20","BENSON LN",9.00,W,N,B,-,Y,MEN,1,20,-,-,1.710,I,5,W,Y,2,0,2,2,A,-,09,21801,A,N,D,C,A,A,H,-,A,D,0,,,,,Y,,A,08,2,0,0,0,0,0,0,0,0,"- ","- ",39.415469999999999,-123.77803,MENDOCINO,UNINCORPORATED,-123.77793500999999,39.415480359999997
6568734,2014,2014-08-26,2303,2014-07-02,1219,480,2303,3,5,3,2303,0,0,0,,0,001,"SOUTH STATE ST","OBSERVATORY AV",123.00,N,N,A,-,N,,,,,,,,,,N,2,0,1,2,A,-,05,21202,,N,H,G,A,A,H,-,A,D,0,,Y,,,Y,Y,L,04,1,0,0,0,0,0,1,0,0,"- ","- ",,,MENDOCINO,UKIAH,-123.20566981,39.138165569999998
6588010,2014,2016-04-23,9150,2014-08-04,0240,019541,,1,3,9,2300,0,1,2,,1,012,"RT 101","CRAWFORD CREEK BRIDGE",2059.00,N,N,A,-,Y,MEN,1,101,-,-,14.810,H,-,S,Y,2,0,1,1,A,-,01,23152,A,N,E,I,A,A,H,-,D,D,0,,,,,Y,Y,A,01,1,0,0,0,0,0,0,0,0,"- ","- ",39.024700000000003,-123.13759,MENDOCINO,UNINCORPORATED,-123.13540073999999,39.023401710000002
6593389,2014,2016-04-23,9150,2014-08-05,2330,019133,,2,3,9,2300,0,1,3,,1,065,"RT 20","CHAMBERLAIN CREEK",23760.00,W,N,A,-,Y,MEN,1,20,-,-,12.840,H,-,E,Y,2,0,3,1,A,-,01,23152,E,N,E,I,A,A,H,-,D,D,0,,,,,Y,,A,01,2,1,0,0,0,0,0,0,0,"- ","- ",39.358110000000003,-123.62533999999999,MENDOCINO,UNINCORPORATED,-123.62817987,39.357013209999998
6593512,2014,2014-08-27,9150,2014-06-28,1910,20398,,6,2,9,2300,0,3,5,,2,006,"BRANSCOMB RD","RT 1",5280.00,E,N,A,-,N,,,,,,,,,,Y,2,0,1,2,A,-,06,21750,,N,B,C,A,A,H,-,A,D,0,,,,,Y,Y,A,07,1,0,0,0,0,0,0,0,0,"- ","- ",,,MENDOCINO,UNINCORPORATED,-123.77102211,39.659930000000003
6603414,2014,2014-09-12,9150,2014-08-14,1114,016680,,4,1,9,2300,0,2,4,,1,023,"NORTH STATE ST","EMPIRE DR",91.00,N,N,A,-,N,,,,,,,,,,Y,2,0,1,1,A,-,01,23152,A,N,E,I,A,A,H,-,A,D,0,,,,,Y,Y,D,23,1,0,0,0,0,0,0,0,0,"- ","- ",39.167819999999999,-123.21147000000001,MENDOCINO,UNINCORPORATED,-123.21133577000001,39.167999129999998
6622060,2014,2016-04-23,9150,2014-09-07,1115,19119,,7,1,9,2300,0,1,3,,1,037,"RT 20","MPM 20.21",86.00,W,N,A,-,Y,MEN,1,20,-,-,20.210,H,-,W,Y,2,0,1,2,A,-,03,22350,,N,F,A,A,A,H,-,A,D,0,,,Y,,Y,,C,02,1,0,0,0,0,0,0,0,1,"- ","- ",39.351059999999997,-123.51094999999999,MENDOCINO,UNINCORPORATED,-123.51064650000001,39.350707559999996
6642352,2014,2016-04-23,9150,2014-09-22,1035,020398,,1,1,9,2300,0,1,3,,1,065,"RT 20","WHISKEY SPRINGS",1584.00,E,N,A,-,Y,MEN,1,20,-,-,9.740,H,-,E,Y,2,0,2,2,A,-,03,22350,,N,B,C,A,A,H,-,A,D,0,,,,Y,Y,,M,47,1,0,1,0,0,0,0,0,0,"- ","- ",,,MENDOCINO,UNINCORPORATED,-123.67053337999999,39.363614079999998
6642566,2014,2014-10-30,9150,2014-09-20,0300,14929,,6,3,9,2300,0,3,5,,2,002,"VICHY SPRINGS RD","REDEMEYER RD",166.00,W,N,A,-,N,,,,,,,,,,Y,2,0,1,1,A,-,01,23153,A,F,E,I,A,A,H,-,D,D,0,,,,,Y,Y,A,01,1,0,0,0,0,0,0,0,0,"- ","- ",39.16046,-123.18616,MENDOCINO,UNINCORPORATED,-123.18608,39.160809999999998
6645925,2014,2016-04-23,9126,2014-09-20,0210,020482,,6,3,9,2300,0,1,2,,1,077,"RT 101","REYNOLDS HWY",2112.00,S,N,A,-,Y,MEN,1,101,-,-,50.300,H,-,N,Y,2,0,1,1,A,-,01,23152,A,N,E,I,A,A,H,-,D,D,0,,,,,Y,Y,A,07,1,0,0,0,0,0,0,0,0,"- ","- ",39.457549999999998,-123.34877,MENDOCINO,UNINCORPORATED,-123.34873356999999,39.45706972
6702050,2014,2016-06-16,9126,2014-11-06,1700,014469,,4,2,9,2300,0,1,2,,2,055,"RT 101","SPYROCK RD",1056.00,N,N,A,-,Y,MEN,1,101,-,-,78.710,H,-,S,Y,2,0,1,1,A,-,08,22107,,N,E,I,A,A,H,-,A,D,0,,,,,Y,,D,22,1,0,0,0,0,0,0,0,0,"- ","- ",39.48104,-123.32604000000001,MENDOCINO,UNINCORPORATED,-123.54347540000001,39.802645679999998
6702199,2014,2016-06-11,9126,2014-10-30,0430,020431,,4,3,9,2300,0,1,3,,2,050,"RT 162","DOS RIOS RD",26400.00,W,N,B,-,Y,MEN,1,162,-,-,10.440,H,-,E,Y,2,0,1,1,A,-,08,22107,,N,E,I,A,A,H,-,D,D,0,,,,,Y,,A,01,1,0,0,0,0,0,0,0,0,"- ","- ",,,MENDOCINO,UNINCORPORATED,-123.34416948000001,39.656101280000001
6718271,2014,2015-03-19,9150,2014-11-13,1240,17824,,4,1,9,2300,0,1,2,,1,031,"RT 101","HOLLANDS LN",404.00,S,N,B,-,Y,MEN,1,101,-,-,44.580,H,-,S,Y,1,3,0,3,A,-,08,22107,,N,A,C,A,A,H,-,A,D,0,,,,,Y,,A,01,0,0,0,0,0,0,0,0,0,"- ","- ",39.380270000000003,-123.34121,MENDOCINO,UNINCORPORATED,-123.34101144,39.379980689999996
6718280,2014,2016-01-14,9150,2014-12-18,2500,14435,,4,4,9,2300,0,1,3,,1,065,"RT 20","PARLIN FORK CAMP RD",4224.00,W,N,C,-,Y,MEN,1,20,-,-,9.690,H,-,E,Y,1,1,0,1,A,-,01,23152,E,N,E,I,A,B,H,-,D,D,0,,,,,Y,,A,07,0,0,0,0,0,0,0,0,0,"- ","- ",39.218600000000002,-123.4029,MENDOCINO,UNINCORPORATED,-123.67119142999999,39.364010690000001
6718290,2014,2015-03-27,9150,2014-12-27,0850,17824,,6,1,9,2300,0,1,2,,1,010,"RT 101","GEYSERS RD",11616.00,N,N,A,-,Y,MEN,1,101,-,-,2.660,H,-,N,Y,1,1,3,3,-,-,"- ",,,N,D,C,A,A,H,-,A,D,5,,,,,Y,,-,"- ",2,1,0,0,0,0,0,0,0,"- ","- ",38.88165,-123.05382,MENDOCINO,UNINCORPORATED,-123.05377262,38.881774120000003
6726507,2014,2016-06-11,2301,2014-11-22,1727,59,2301,6,5,2,2301,0,0,0,,0,,"RT 1","RT 20",22.00,S,N,B,-,Y,MEN,1,1,-,-,59.790,H,-,N,N,2,0,1,2,A,-,11,21954,A,N,G,B,E,A,H,-,C,A,0,Y,,,,Y,Y,N,60,1,0,0,0,1,0,0,0,0,"- ","- ",,,MENDOCINO,"FORT BRAGG",-123.80795565,39.419955979999997
6728492,2014,2015-01-16,9150,2014-11-25,2320,019541,,2,3,9,2300,0,3,5,,2,002,"EAST SIDE CALPELLA RD","MILANI DR",77.00,S,N,A,-,N,,,,,,,,,,Y,2,0,1,1,A,-,08,22107,,N,E,I,A,A,H,-,D,D,0,,,,,Y,,A,07,1,0,0,0,0,0,0,0,0,"- ","- ",39.204470000000001,-123.19337,MENDOCINO,UNINCORPORATED,-123.19732537,39.206136600000001
6739458,2014,2016-06-16,9126,2014-11-22,2030,020431,,6,2,9,2300,0,1,2,,1,077,"RT 101","RT 162",1320.00,N,N,B,-,Y,MEN,1,101,-,-,59.580,H,-,N,Y,2,0,1,1,A,-,03,22350,,N,E,I,A,B,H,-,D,D,0,,,,,Y,,A,01,1,0,0,0,0,0,0,0,0,"- ","- ",,,MENDOCINO,UNINCORPORATED,-123.43282403000001,39.558480350000004
6750332,2014,2016-04-23,2304,2014-09-21,1834,3315,,7,5,2,2304,0,0,0,,0,,"RT 101","RT 20",135.00,S,N,A,-,Y,MEN,1,101,-,-,46.330,H,-,N,Y,2,0,1,2,A,-,08,22107,,N,D,C,A,A,H,-,A,D,0,,,Y,,Y,,A,01,1,0,0,0,0,0,0,0,1,"- ","- ",,,MENDOCINO,WILLITS,-123.35122256,39.403604999999999
6772615,2015,2016-09-27,9126,2015-01-05,1150,20431,,1,1,9,2300,0,1,2,,1,077,"RT 101","REYNOLDS HWY",3168.00,N,N,A,-,Y,MEN,1,101,-,-,51.300,H,-,N,Y,2,0,1,1,A,-,08,22107,,N,E,I,A,B,H,-,A,D,0,,,,,Y,,D,22,1,0,0,0,0,0,0,0,0,"- ","- ",,,MENDOCINO,UNINCORPORATED,-123.3555994,39.46885116
6801759,2015,2016-09-19,9150,2015-01-30,0525,17824,,5,3,9,2300,0,1,2,,1,010,"RT 101","GEYSERS RD",106.00,S,N,A,-,Y,SON,4,101,-,R,56.210,H,-,N,Y,2,0,1,1,A,-,08,22107,,N,E,I,A,A,H,-,D,D,0,,,,Y,Y,,F,26,1,0,0,0,0,0,0,0,0,"- ","- ",38.8521,-123.03125,MENDOCINO,UNINCORPORATED,-123.03165211,38.852474960000002
6812062,2015,2015-03-04,2303,2015-01-13,1532,473,2303,2,5,3,2303,0,0,0,,0,002,"SOUTH STATE ST","WASHINGTON AV",0.00,,Y,A,-,N,,,,,,,,,,N,2,0,1,2,A,-,10,21950,A,N,G,B,B,A,H,-,A,A,0,Y,,,,Y,,-,,1,0,0,0,1,0,0,0,0,"- ","- ",,,MENDOCINO,UKIAH,-123.20500993,39.13416994
6815973,2015,2016-09-27,9150,2015-02-06,0200,014435,,5,3,9,2300,0,1,3,,1,065,"RT 20","JAMES CRK",7920.00,W,N,B,C,Y,MEN,1,20,-,-,18.540,H,-,E,Y,2,0,1,1,A,-,08,22107,,N,E,I,A,B,H,-,D,D,0,,,,,Y,,A,01,1,0,0,0,0,0,0,0,0,"- ","- ",39.346559999999997,-123.53636,MENDOCINO,UNINCORPORATED,-123.53596664,39.346809970000002
6833490,2015,2016-09-27,9150,2015-02-06,1307,20354,,5,1,9,2300,0,1,3,,1,024,"RT 20","COUNTY ROAD A",1584.00,W,N,C,-,Y,MEN,1,20,-,-,34.490,H,-,W,Y,2,0,2,2,A,-,01,23152,E,N,A,C,A,B,H,-,A,D,0,,,,,Y,,A,01,1,1,0,0,0,0,0,0,0,"- ","- ",39.24006,-123.18687,MENDOCINO,UNINCORPORATED,-123.18780078,39.239977089999996
6840573,2015,2016-09-27,9150,2015-03-02,2225,016030,,1,3,9,2300,0,1,2,,1,012,"RT 101","RT 175",21648.00,N,N,A,-,Y,MEN,1,101,-,-,14.990,H,-,N,N,2,0,1,1,C,-,18,,,N,H,A,A,A,H,-,D,D,0,,,,,Y,,-,"- ",1,0,0,0,0,0,0,0,0,"- ","- ",39.006749999999997,-123.12719,MENDOCINO,UNINCORPORATED,-123.13728934,39.02567011
6849446,2015,2015-03-26,9150,2015-01-15,1725,019524,,4,2,9,2300,0,3,5,,2,002,"EAST CALPELLA RD","COUNTY ROAD 144",279.00,S,N,A,-,N,,,,,,,,,,Y,2,0,1,1,A,-,08,22107,,N,E,I,A,B,H,-,B,D,0,,,,,Y,,D,22,1,0,0,0,0,0,0,0,0,"- ","- ",39.423430000000003,-123.1982,MENDOCINO,UNINCORPORATED,-123.19827229000001,39.243548189999998
6858084,2015,2015-04-06,9150,2015-01-30,1710,019524,,5,2,9,2300,0,2,4,,2,014,"OLD RIVER RD","MORRISON CRK",11616.00,S,N,A,-,N,,,,,,,,,,Y,2,0,6,6,A,-,01,23152,A,N,C,G,A,A,H,-,A,D,0,,Y,,,Y,Y,A,01,4,2,0,0,0,0,5,0,0,"- ","- ",39.519350000000003,-123.13800999999999,MENDOCINO,UNINCORPORATED,-123.14005315,39.054888589999997