CASE_ID,ACCIDENT_YEAR,PROC_DATE,JURIS,COLLISION_DATE,COLLISION_TIME,OFFICER_ID,REPORTING_DISTRICT,DAY_OF_WEEK,CHP_SHIFT,POPULATION,CNTY_CITY_LOC,SPECIAL_COND,BEAT_TYPE,CHP_BEAT_TYPE,CITY_DIVISION_LAPD,CHP_BEAT_CLASS,BEAT_NUMBER,PRIMARY_RD,SECONDARY_RD,DISTANCE,DIRECTION,INTERSECTION,WEATHER_1,WEATHER_2,STATE_HWY_IND,CALTRANS_COUNTY,CALTRANS_DISTRICT,STATE_ROUTE,ROUTE_SUFFIX,POSTMILE_PREFIX,POSTMILE,LOCATION_TYPE,RAMP_INTERSECTION,SIDE_OF_HWY,TOW_AWAY,COLLISION_SEVERITY,NUMBER_KILLED,NUMBER_INJURED,PARTY_COUNT,PRIMARY_COLL_FACTOR,PCF_CODE_OF_VIOL,PCF_VIOL_CATEGORY,PCF_VIOLATION,PCF_VIOL_SUBSECTION,HIT_AND_RUN,TYPE_OF_COLLISION,MVIW,PED_ACTION,ROAD_SURFACE,ROAD_COND_1,ROAD_COND_2,LIGHTING,CONTROL_DEVICE,CHP_ROAD_TYPE,PEDESTRIAN_ACCIDENT,BICYCLE_ACCIDENT,MOTORCYCLE_ACCIDENT,TRUCK_ACCIDENT,NOT_PRIVATE_PROPERTY,ALCOHOL_INVOLVED,STWD_VEHTYPE_AT_FAULT,CHP_VEHTYPE_AT_FAULT,COUNT_SEVERE_INJ,COUNT_VISIBLE_INJ,COUNT_COMPLAINT_PAIN,COUNT_PED_KILLED,COUNT_PED_INJURED,COUNT_BICYCLIST_KILLED,COUNT_BICYCLIST_INJURED,COUNT_MC_KILLED,COUNT_MC_INJURED,PRIMARY_RAMP,SECONDARY_RAMP,LATITUDE,LONGITUDE,COUNTY,CITY,POINT_X,POINT_Y
6860492,2015,2016-09-27,9126,2015-03-07,1755,020886,,6,2,9,2300,0,1,2,,1,077,"RT 101","CASTEEL LN",2112.00,N,N,A,-,Y,MEN,1,101,-,-,47.760,H,-,N,Y,2,0,4,2,A,-,08,22107,,N,E,I,F,A,H,-,A,D,0,Y,,,,Y,,A,01,1,2,1,0,1,0,0,0,0,"- ","- ",,,MENDOCINO,UNINCORPORATED,-123.35372556999999,39.42336616
6881431,2015,2016-09-23,9150,2015-03-31,1200,014435,,2,1,9,2300,0,1,3,,1,062,"RT 1","MAIN ST",0.00,,Y,A,-,Y,MEN,1,1,-,R,50.560,I,5,S,Y,2,0,1,2,A,-,09,21801,A,N,D,C,A,A,H,-,A,D,0,,,,,Y,,A,07,1,0,0,0,0,0,0,0,0,"- ","- ",39.306829999999998,-123.79649000000001,MENDOCINO,UNINCORPORATED,-123.79359397,39.306528829999998
6898870,2015,2016-09-27,9150,2015-03-17,1740,020398,,2,2,9,2300,0,1,3,,1,065,"RT 20","EGG STATION TAKING ROAD",792.00,E,N,A,-,Y,MEN,1,20,-,-,6.020,H,-,E,Y,2,0,1,1,A,-,01,23152,A,N,F,A,A,A,H,-,A,D,0,,,,,Y,Y,D,22,1,0,0,0,0,0,0,0,0,"- ","- ",,,MENDOCINO,UNINCORPORATED,-123.71405036,39.397649479999998
6899144,2015,2016-09-27,9126,2015-03-29,1527,014469,,7,2,9,2300,0,1,2,,2,055,"RT 101","BRANSCOMB RD",1056.00,N,N,B,-,Y,MEN,1,101,-,-,69.910,H,-,S,Y,2,0,3,1,A,-,08,22107,,F,E,I,A,A,H,-,A,D,0,,,,,Y,,A,07,1,0,2,0,0,0,0,0,0,"- ","- ",39.415709999999997,-123.29025,MENDOCINO,UNINCORPORATED,-123.48396402,39.693417279999998
6904385,2015,2015-06-01,2303,2015-04-07,0740,454,2303,2,5,3,2303,0,0,0,,0,002,"NORTH STATE ST","GARRETT DR",245.00,S,N,B,-,N,,,,,,,,,,Y,2,0,1,2,A,-,03,22350,,N,G,B,B,B,H,-,A,A,0,Y,,,Y,Y,,F,26,1,0,0,0,1,0,0,0,0,"- ","- ",,,MENDOCINO,UKIAH,-123.210292,39.164113200000003
6923938,2015,2015-05-29,2304,2015-03-26,1600,3420,,4,5,2,2304,0,0,0,,0,,"MAIN ST","COMMERCIAL ST",0.00,,Y,A,-,N,,,,,,,,,,N,2,0,1,2,A,-,08,22107,,N,G,G,A,A,H,-,A,A,0,,Y,,,Y,,A,01,1,0,0,0,0,0,1,0,0,"- ","- ",,,MENDOCINO,WILLITS,-123.35451988,39.412439980000002
6949011,2015,2016-11-05,9150,2015-05-24,1755,020927,,7,2,9,2300,0,1,3,,2,041,"RT 128","MOUNTAIN HOUSE RD",4832.00,E,N,A,-,Y,MEN,1,128,-,-,49.370,H,-,W,Y,2,0,5,2,A,-,01,23152,A,N,A,C,A,A,H,-,A,D,0,,,,,Y,Y,D,22,2,2,1,0,0,0,0,0,0,"- ","- ",38.868549999999999,-123.09378,MENDOCINO,UNINCORPORATED,-123.09386284,38.868464009999997
6953860,2015,2016-11-05,9126,2015-05-29,1800,20982,,5,2,9,2300,0,1,3,,2,050,"RT 162","DOS RIOS RD",15840.00,E,N,A,-,Y,MEN,1,162,-,-,18.350,H,-,E,N,2,0,1,1,A,-,08,22107,,N,E,I,A,A,H,-,A,D,0,,,,,Y,,D,22,1,0,0,0,0,0,0,0,0,"- ","- ",39.705019999999998,-123.307,MENDOCINO,UNINCORPORATED,-123.30785659,39.705458020000002
6957682,2015,2015-06-26,9150,2015-05-23,1054,19735,,6,1,9,2300,0,3,5,,2,002,"LAKE MENDOCINO DR","RT 101",528.00,E,N,A,-,N,,,,,,,,,,Y,2,0,1,2,A,-,09,21801,A,N,D,C,A,A,H,-,A,D,0,,,Y,,Y,,A,01,1,0,0,0,0,0,0,0,1,"- ","- ",39.19117,-123.2088,MENDOCINO,UNINCORPORATED,-123.21047,39.191330000000001
6958311,2015,2015-06-30,9150,2015-05-09,2230,20700,,6,3,9,2300,0,2,4,,1,023,"NORTH STATE ST","AGNES LN",1056.00,S,N,A,-,N,,,,,,,,,,Y,2,0,2,1,A,-,08,22107,,N,E,I,A,A,H,-,A,D,0,,,,,Y,,A,01,1,0,1,0,0,0,0,0,0,"- ","- ",39.219520000000003,-123.20542,MENDOCINO,UNINCORPORATED,-123.20559449,39.217153750000001
6964444,2015,2015-07-10,9126,2015-06-02,1300,014435,,2,1,9,2300,0,2,4,,1,001,"BRANSCOMB RD","BAUER RD",254.00,W,N,A,-,N,,,,,,,,,,Y,2,0,1,1,A,-,08,22107,,N,E,I,A,A,H,-,A,D,0,,,,,Y,,M,46,1,0,0,0,0,0,0,0,0,"- ","- ",39.688020000000002,-123.49275,MENDOCINO,UNINCORPORATED,-123.49440194,39.687466039999997
6967128,2015,2016-11-05,9150,2015-06-11,1715,20900,,4,2,9,2300,0,1,3,,1,065,"RT 20","SOUTH HARBOR DR",200.00,E,N,A,-,Y,MEN,1,20,-,R,0.360,H,-,E,Y,2,0,1,1,A,-,03,22350,,N,E,I,A,A,H,-,A,D,0,,,Y,,Y,,C,02,1,0,0,0,0,0,0,0,1,"- ","- ",39.419130000000003,-123.80195999999999,MENDOCINO,UNINCORPORATED,-123.80140924,39.419091899999998
6967136,2015,2016-11-05,9150,2015-06-10,1550,19524,,3,2,9,2300,0,1,3,,1,065,"RT 20","CHAMBERLAIN CREEK",1214.00,W,N,A,-,Y,MEN,1,20,-,-,17.040,H,-,W,Y,2,0,2,1,A,-,08,22107,,N,E,I,A,A,H,-,A,D,0,,,,,Y,,A,07,1,0,1,0,0,0,0,0,0,"- ","- ",39.352350000000001,-123.56091000000001,MENDOCINO,UNINCORPORATED,-123.56086447,39.352402859999998
6971971,2015,2016-11-05,9150,2015-05-30,2230,020354,,6,3,9,2300,0,1,3,,2,042,"RT 128","INDIAN CREEK RD",1056.00,E,N,A,-,Y,MEN,1,128,-,-,23.570,H,-,E,Y,2,0,2,2,A,-,01,23152,A,N,A,C,A,A,H,-,D,D,0,,,,,Y,,A,01,2,0,0,0,0,0,0,0,0,"- ","- ",39.059289999999997,-123.43331000000001,MENDOCINO,UNINCORPORATED,-123.43325398,39.059184020000004
6975900,2015,2016-11-04,9150,2015-06-16,0650,16075,,2,1,9,2300,0,1,2,,2,022,"RT 101","FORSYTHE CREEK BR",2640.00,S,N,A,-,Y,MEN,1,101,-,R,31.120,H,-,N,Y,2,0,1,2,A,-,07,21658,A,N,B,C,A,A,H,-,A,D,1,,,,,Y,,A,01,1,0,0,0,0,0,0,0,0,"- ","- ",39.244990000000001,-123.20780000000001,MENDOCINO,UNINCORPORATED,-123.20756744000001,39.244216780000002
6980209,2015,2016-11-04,9150,2015-06-14,0700,19403,,7,1,9,2300,0,1,3,,1,051,"RT 1","BIG GULCH RD",2112.00,N,N,A,-,Y,MEN,1,1,-,-,2.600,H,-,S,Y,2,0,1,1,A,-,01,23152,A,N,E,I,A,A,H,-,A,D,0,,,,,Y,Y,A,07,1,0,0,0,0,0,0,0,0,"- ","- ",38.784779999999998,-123.55387,MENDOCINO,UNINCORPORATED,-123.55376687,38.784711870000002
7002053,2015,2017-01-12,9126,2015-07-06,0620,20502,,1,1,9,2300,0,1,2,,2,011,"RT 101","CUMMINGS RD",10560.00,S,N,A,-,Y,MEN,1,101,-,-,82.670,H,-,S,Y,2,0,1,1,A,-,08,22107,,N,E,I,A,A,H,-,A,D,1,,,,,Y,,A,01,1,0,0,0,0,0,0,0,0,"- ","- ",39.827710000000003,-123.59811999999999,MENDOCINO,UNINCORPORATED,-123.59710289,39.827675300000003
7006061,2015,2015-08-04,9150,2015-05-20,1607,20671,,3,2,9,2300,0,1,3,,2,042,"RT 128","WHIPPLE RIDGE RD",1056.00,W,N,A,-,Y,MEN,1,128,-,-,21.490,H,-,E,Y,1,1,0,1,A,-,08,22107,,N,E,I,A,A,H,-,A,D,0,,,,,Y,,A,01,0,0,0,0,0,0,0,0,0,"- ","- ",39.07629,-123.46226,MENDOCINO,UNINCORPORATED,-123.46194373,39.076197039999997
7152090,2015,2017-02-01,2304,2015-10-20,1315,3235,,2,5,2,2304,0,0,0,,0,,"RT 101","COMMERCIAL ST",0.00,,Y,A,-,Y,MEN,1,101,-,-,46.990,I,5,S,N,2,0,1,2,A,-,10,21950,A,N,G,B,B,A,H,-,A,A,0,Y,,,,Y,,D,22,1,0,0,0,1,0,0,0,0,"- ","- ",,,MENDOCINO,WILLITS,-123.35458122,39.412419980000003
7166663,2016,2016-01-26,2303,2016-01-15,0532,479,2303,5,5,3,2303,0,0,0,,0,001,"NORTH ORCHARD AV","EAST PERKINS ST",197.00,N,N,B,-,N,,,,,,,,,,N,2,0,1,3,A,-,03,22350,,N,G,B,E,B,H,-,C,D,0,Y,,,,Y,,A,01,1,0,0,0,1,0,0,0,0,"- ","- ",,,MENDOCINO,UKIAH,-123.19907832,39.151971039999999
8204769,2016,2017-04-04,2301,2016-12-29,2150,52,2301,4,5,2,2301,0,0,0,,0,001,"RT 1","E REDWOOD AV",0.00,,Y,A,-,Y,MEN,1,1,-,-,61.471,I,5,S,Y,2,0,2,2,A,-,08,22107,,F,G,B,B,A,H,-,C,A,0,Y,,,,Y,Y,A,01,1,1,0,0,1,0,0,0,0,"- ","- ",,,MENDOCINO,"FORT BRAGG",-123.80598893,39.444203780000002
8371331,2017,2017-06-16,2303,2017-04-20,1936,482,2303,4,5,3,2303,0,0,0,,0,002,"MARSHALL ST","SOUTH MAIN ST",240.00,E,N,A,-,N,,,,,,,,,,Y,2,0,3,3,A,-,01,23152,A,N,E,I,A,A,H,-,A,D,0,,,,,Y,,A,08,1,0,2,0,0,0,0,0,0,"- ","- ",,,MENDOCINO,UKIAH,-123.20439038000001,39.144853959999999
8372865,2017,2017-05-31,2303,2017-04-28,1410,4C7,2303,5,5,3,2303,0,0,0,,0,002,"STATE ST","MILL ST",271.00,S,N,A,-,N,,,,,,,,,,N,2,0,1,1,A,-,08,22107,,N,E,I,A,A,H,-,A,D,0,,Y,,,Y,,L,04,1,0,0,0,0,0,1,0,0,"- ","- ",,,MENDOCINO,UKIAH,-123.20673341,39.145059490000001
8416062,2017,2017-07-31,2303,2017-06-30,0957,4C7,2303,5,5,3,2303,0,0,0,,0,001,"EAST PERKINS ST","WARREN DR",103.00,E,N,A,-,N,,,,,,,,,,N,2,0,1,2,A,-,05,21202,A,N,H,G,A,A,H,-,A,D,0,,Y,,,Y,,L,04,1,0,0,0,0,0,1,0,0,"- ","- ",,,MENDOCINO,UKIAH,-123.20089458,39.151128700000001
8416070,2017,2017-07-31,2303,2017-06-08,1241,491,2303,4,5,3,2303,0,0,0,,0,001,"SOUTH STATE ST","WABASH AV",147.00,N,N,A,-,N,,,,,,,,,,Y,2,0,1,3,A,-,03,22350,,N,C,C,A,A,H,-,A,A,0,,,,,Y,,D,22,1,0,0,0,0,0,0,0,0,"- ","- ",,,MENDOCINO,UKIAH,-123.20478457,39.13251151
8438348,2017,2017-08-28,2303,2017-07-16,2122,492,2303,7,5,3,2303,0,0,0,,0,001,"NORTH STATE ST","FORD ST",0.00,,Y,A,-,N,,,,,,,,,,N,2,0,1,2,A,-,10,21950,A,N,G,B,B,A,H,-,C,D,0,Y,,,,Y,Y,A,01,1,0,0,0,1,0,0,0,0,"- ","- ",,,MENDOCINO,UKIAH,-123.20840989,39.156679939999997
8507996,2017,2017-12-14,2303,2017-10-12,1527,4C7,2303,4,5,3,2303,0,0,0,,0,002,"EAST GOBBI ST","SOUTH ORCHARD AV",0.00,,Y,A,-,N,,,,,,,,,,N,2,0,1,2,A,-,17,21451,A,N,G,B,B,A,H,-,A,A,0,Y,,,,Y,,D,22,1,0,0,0,1,0,0,0,0,"- ","- ",,,MENDOCINO,UKIAH,-123.19845986,39.144639959999999
8649431,2018,2018-07-30,2303,2018-04-15,1856,95,2303,7,5,3,2303,0,0,0,,0,001,"NORTH STATE ST","STANDLEY ST",0.00,,Y,B,-,N,,,,,,,,,,N,2,0,1,2,A,-,01,23153,A,F,B,E,A,B,H,-,B,A,0,,,,,Y,Y,D,23,1,0,0,0,0,0,0,0,0,"- ","- ",,,MENDOCINO,UKIAH,-123.20783233642578,39.150600433349609
8660586,2018,2018-12-18,2301,2018-07-05,1310,62,2301,4,5,2,2301,0,0,0,,0,,"SOUTH MAIN ST","SOUTH ST",46.00,S,N,A,-,Y,MEN,1,1,-,-,60.530,H,-,N,Y,2,0,1,2,A,-,09,21802,A,N,D,C,A,A,H,-,A,A,0,,,Y,,Y,,C,02,1,0,0,0,0,0,0,0,1,"- ","- ",,,MENDOCINO,"FORT BRAGG",-123.80635833740234,39.430568695068359
8668714,2018,2018-09-10,2303,2018-07-17,1926,479,2303,2,5,3,2303,0,0,0,,0,001,"SOUTH MAIN ST","EAST PERKINS ST",0.00,,Y,A,-,N,,,,,,,,,,Y,2,0,3,2,A,-,01,23153,F,N,D,C,A,A,H,-,A,D,0,,,,,Y,,A,01,1,2,0,0,0,0,0,0,0,"- ","- ",,,MENDOCINO,UKIAH,-123.20667266845703,39.150188446044922
8746014,2018,2018-11-29,2303,2018-09-08,2229,496,2303,6,5,3,2303,0,0,0,,0,,"SOUTH STATE ST","GOBBI ST",0.00,,Y,A,-,N,,,,,,,,,,N,2,0,1,2,A,-,11,21954,A,N,G,B,B,A,H,-,C,A,0,Y,,,,Y,,N,60,1,0,0,0,1,0,0,0,0,"- ","- ",,,MENDOCINO,UKIAH,-123.20649719238281,39.143180847167969
90005567,2015,2015-10-19,9150,2015-07-10,1755,020900,,5,2,9,2300,0,1,3,,1,051,SR-1,"HAVENS NECK RD",2112.00,N,N,B,-,Y,,,1,,,,,,,Y,2,0,2,2,A,-,08,22107,,N,A,C,A,B,H,-,A,D,0,,,,,Y,,A,08,1,1,0,0,0,0,0,0,0,"- ","- ",38.819589999999998,-123.601,MENDOCINO,UNINCORPORATED,-123.60095941,38.819618009999999
90006048,2015,2015-10-19,9150,2015-07-16,1214,019403,,4,1,9,2300,0,1,3,,1,064,SR-1,"CHADBOURNE GULCH",686.00,S,N,B,-,Y,,,1,,,,,,,Y,2,0,1,1,C,-,18,,,N,F,A,A,A,H,-,A,D,0,,,Y,,Y,,-,"- ",1,0,0,0,0,0,0,0,1,"- ","- ",39.612540000000003,-123.78013,MENDOCINO,UNINCORPORATED,-123.78013029,39.612541729999997
90006575,2015,2015-10-19,9150,2015-07-18,1940,020517,,6,2,9,2300,0,3,5,,2,004,"MOUNTAIN VIEW RD",SR-128,7392.00,W,N,A,-,N,,,,,,,,,,Y,2,0,1,1,A,-,01,23152,A,N,E,I,A,A,H,-,A,D,0,,,,,Y,Y,A,01,1,0,0,0,0,0,0,0,0,"- ","- ",39.010370000000002,-123.38717,MENDOCINO,UNINCORPORATED,-123.3923594,39.00925977
90007947,2015,2015-10-19,9126,2015-08-09,1540,020482,,7,2,9,2300,0,1,3,,2,030,SR-271,SR-1,3168.00,S,N,A,-,Y,,,,,,,,,,Y,2,0,1,1,A,-,03,22350,,N,F,A,A,A,H,-,A,D,0,,,Y,,Y,,C,02,1,0,0,0,0,0,0,0,1,"- ","- ",,,MENDOCINO,UNINCORPORATED,-123.71627975,39.859888400000003
90011715,2015,2015-10-19,9126,2015-08-07,0730,020886,,5,1,9,2300,0,2,4,,2,005,"HILL ROAD","EAST LANE",103.00,S,N,A,-,N,,,,,,,,,,N,2,0,1,1,C,-,18,,,N,F,A,A,A,B,-,A,D,0,,,Y,,Y,,-,"- ",1,0,0,0,0,0,0,0,1,"- ","- ",,,MENDOCINO,UNINCORPORATED,-123.18537526,39.793995099999997
90015564,2015,2015-10-19,9126,2015-08-26,1220,020886,,3,1,9,2300,0,1,3,,2,050,SR-162,"SHIMMONS RIDGE RD.",6283.00,W,N,A,-,Y,,,,,,,,,,Y,2,0,1,1,A,-,08,22107,,N,E,I,A,A,H,-,A,D,0,,,,,Y,,A,01,1,0,0,0,0,0,0,0,0,"- ","- ",,,MENDOCINO,UNINCORPORATED,-123.38149349,39.593657110000002
90023367,2015,2015-10-19,9150,2015-08-31,1517,020927,,1,2,9,2300,0,1,3,,1,062,"SR-1 N/B","ROAD 500B",700.00,N,N,A,-,Y,,,1,,,,,,N,Y,2,0,1,2,A,-,01,23152,A,N,B,C,A,A,H,-,A,D,0,,,Y,,Y,Y,D,22,1,0,0,0,0,0,0,0,1,"- ","- ",39.301189999999998,-123.79242000000001,MENDOCINO,UNINCORPORATED,-123.79249586,39.301223839999999
90027742,2015,2015-10-19,9126,2015-09-29,1100,020886,,2,1,9,2300,0,2,4,,2,070,"SHERWOOD ROAD","NORTH MAIN STREET",3696.00,N,N,A,-,N,,,,,,,,,,Y,2,0,1,1,A,-,08,22107,,N,E,I,A,A,H,-,A,D,0,,,,,Y,,D,23,1,0,0,0,0,0,0,0,0,"- ","- ",,,MENDOCINO,UNINCORPORATED,-123.36115658,39.423402029999998
90027818,2015,2015-10-19,9150,2015-09-26,1430,020927,,6,2,9,2300,0,3,5,,2,005,"MOUNTAIN VIEW RD.",SR-1,46306.00,E,N,A,-,N,,,,,,,,,,Y,2,0,1,1,A,-,08,22107,,N,F,A,A,A,H,-,A,D,0,,,Y,,Y,,C,02,1,0,0,0,0,0,0,0,1,"- ","- ",38.94453,-123.55224,MENDOCINO,UNINCORPORATED,-123.55050394,38.943800779999997
90032533,2015,2015-10-19,9150,2015-09-12,1105,019524,,6,1,9,2300,0,1,3,,1,024,SR-20,"EAST SIDE POTTER VALLEY RD",1109.00,W,N,A,-,Y,,,20,,,,,,,Y,2,0,2,2,A,-,03,22350,,N,C,C,A,A,H,-,A,D,0,,,Y,,Y,,C,02,1,1,0,0,0,0,0,0,2,"- ","- ",39.24577,-123.12969,MENDOCINO,UNINCORPORATED,-123.12968256000001,39.245750149999999
90032545,2015,2015-10-19,9150,2015-10-02,2112,013172,,5,2,9,2300,0,1,3,,1,065,"SR 20 W/B","LAHMON LN",205.00,E,N,A,-,Y,,,20,,,,,,W,N,2,0,1,2,A,-,11,21954,A,N,G,B,E,A,D,-,D,D,0,Y,,,,Y,Y,N,60,1,0,0,0,1,0,0,0,0,"- ","- ",39.415570000000002,-123.77879,MENDOCINO,UNINCORPORATED,-123.77878889,39.415473759999998
90048975,2015,2015-11-17,9150,2015-10-31,1314,021012,,6,1,9,2300,0,1,3,,1,062,SR-1,"BRUHEL POINT RD.",1584.00,N,N,A,-,Y,,,1,,,,,,,Y,1,1,0,1,A,-,03,22350,,N,E,I,A,A,H,-,A,D,0,,,Y,,Y,,C,02,0,0,0,0,0,0,0,1,0,"- ","- ",39.612639999999999,-123.78214,MENDOCINO,UNINCORPORATED,-123.78211238,39.61260833
90051622,2015,2015-11-16,9150,2015-11-01,1005,016075,,7,1,9,2300,0,2,4,,1,023,"N. STATE ST.","CENTRAL AVE.",528.00,N,N,B,C,N,,,,,,,,,,Y,2,0,1,1,A,-,08,22107,,N,E,I,A,B,H,-,A,D,0,,,,,Y,,A,01,1,0,0,0,0,0,0,0,0,"- ","- ",39.231520000000003,-123.20327,MENDOCINO,UNINCORPORATED,-123.2033587,39.226684679999998
90056331,2015,2015-11-20,9150,2015-10-28,0825,020354,,3,1,9,2300,0,1,3,,1,037,US-101,"BLACK BART DRIVE",6336.00,N,N,C,-,Y,,,101,,,,,,,Y,1,1,0,1,A,-,08,22107,,N,E,I,A,B,H,-,A,D,0,,,,Y,Y,,F,26,0,0,0,0,0,0,0,0,0,"- ","- ",39.35492,-123.32043,MENDOCINO,UNINCORPORATED,-123.32014264999999,39.35473812
90063552,2015,2015-12-02,9126,2015-11-21,0050,014469,,6,3,9,2300,0,1,2,,1,077,"US-101 (REDWOOD HIGHWAY)","REYNOLDS HWY.",528.00,N,N,E,-,Y,,,,,,,,,,Y,2,0,2,1,A,-,01,23152,A,N,F,A,A,A,H,-,D,D,0,,,,,Y,Y,A,01,1,1,0,0,0,0,0,0,0,"- ","- ",39.279229999999998,-123.21117,MENDOCINO,UNINCORPORATED,-123.35162491,39.465421980000002
90071530,2015,2015-12-11,9150,2015-12-04,1649,021012,,5,2,9,2300,0,1,3,,1,051,SR-1,"COLLINS LANDING RD.",1056.00,N,N,A,-,Y,,,1,,,,,,,Y,2,0,1,1,A,-,08,22107,,N,E,I,A,B,H,-,B,D,0,,,,,Y,,A,01,1,0,0,0,0,0,0,0,0,"- ","- ",38.796669999999999,-123.56918,MENDOCINO,UNINCORPORATED,-123.56917014,38.796686510000001
90084999,2015,2015-12-30,9150,2015-12-23,1748,021012,,3,2,9,2300,0,3,5,,2,005,"TEN MILE CUTOFF RD.","IVERSEN RD",6864.00,N,N,C,-,N,,,,,,,,,,Y,2,0,2,2,A,-,01,23152,A,N,A,C,A,B,H,-,D,D,0,,,,,Y,Y,D,22,1,1,0,0,0,0,0,0,0,"- ","- ",38.870669999999997,-123.59344,MENDOCINO,UNINCORPORATED,-123.59227645999999,38.870211230000002
90087123,2015,2016-01-04,9150,2015-12-20,1405,020927,,7,2,9,2300,0,3,5,,2,005,"EUREKA HILL RD","HAY RANCH RD",422.00,E,N,C,-,N,,,,,,,,,,Y,2,0,2,1,A,-,21,22106,,N,E,I,A,B,H,-,A,D,0,,,,,Y,,D,22,1,0,1,0,0,0,0,0,0,"- ","- ",38.90222,-123.59688,MENDOCINO,UNINCORPORATED,-123.60773562999999,38.903293380000001
90089201,2015,2016-01-06,9150,2015-12-08,2500,020517,,2,4,9,2300,0,3,5,,2,003,"CENTER VALLEY RD","SAWYERS LN",870.00,W,N,B,C,N,,,,,,,,,,N,1,1,0,2,A,-,03,22350,,F,G,B,E,B,H,-,D,D,0,Y,,,,Y,,-,99,0,0,0,1,0,0,0,0,0,"- ","- ",39.405970000000003,-123.33034000000001,MENDOCINO,UNINCORPORATED,-123.32970971,39.405953590000003
90098358,2016,2016-01-19,9150,2016-01-06,1140,020090,,3,1,9,2300,0,1,3,,1,062,SR-1,"PEARL DR",37.00,N,N,C,-,Y,,,1,,,,,,,Y,2,0,5,3,A,-,03,22350,,N,C,C,A,B,H,-,A,D,0,,,,,Y,,E,22,1,2,2,0,0,0,0,0,0,"- ","- ",39.39273,-123.81071,MENDOCINO,UNINCORPORATED,-123.81074630000001,39.392743320000001
90108464,2016,2016-02-03,9150,2016-01-25,2300,020927,,1,3,9,2300,0,1,3,,1,065,SR-20,"ROAD 310",7392.00,W,N,B,-,Y,,,20,,,,,,,Y,2,0,1,1,A,-,01,23152,A,N,E,I,A,B,H,-,D,A,0,,,,,Y,Y,A,08,1,0,0,0,0,0,0,0,0,"- ","- ",39.355809999999998,-123.62942,MENDOCINO,UNINCORPORATED,-123.62941938,39.355823559999997
90120706,2016,2016-02-22,9150,2016-02-16,2010,020517,,2,2,9,2300,0,1,3,,1,013,SR-175,"NOKOMIS RD",1860.00,E,N,A,-,Y,,,175,,,,,,,Y,2,0,1,1,A,-,08,22107,,N,E,I,A,A,H,-,D,D,0,,,,,Y,,A,01,1,0,0,0,0,0,0,0,0,"- ","- ",38.972409999999996,-123.02117,MENDOCINO,UNINCORPORATED,-123.02118977000001,38.97238093
90135563,2016,2016-03-14,9150,2016-02-28,0041,021012,,7,3,9,2300,0,1,3,,1,051,SR-1,"BILL OWENS RD.",3696.00,N,N,A,-,Y,,,1,,,,,,,Y,2,0,1,1,A,-,01,23152,A,N,E,I,A,A,H,-,D,D,0,,,,,Y,Y,D,22,1,0,0,0,0,0,0,0,0,"- ","- ",38.879770000000001,-123.66913,MENDOCINO,UNINCORPORATED,-123.66916191,38.879694819999997
9013559,2019,2020-01-10,2303,2019-10-04,1012,469,2303,5,5,3,2303,0,0,0,,0,001,"EAST PERKINS ST","MAIN ST",0.00,,Y,A,-,N,,,,,,,,,,N,2,0,1,2,A,-,12,22450,A,F,D,C,A,A,H,-,A,A,0,,,,,Y,,A,01,1,0,0,0,0,0,0,0,0,"- ","- ",,,MENDOCINO,UKIAH,-123.20667266845703,39.150188446044922
90158979,2016,2016-04-15,9150,2016-04-01,1920,021014,,5,2,9,2300,0,2,4,,2,025,"E. SCHOOL WAY","EAST ROAD",306.00,S,N,A,-,N,,,,,,,,,,N,2,0,1,1,A,-,03,22350,,N,F,A,A,A,H,-,A,D,0,,,Y,,Y,,C,02,1,0,0,0,0,0,0,0,1,"- ","- ",39.265169999999998,-123.20522,MENDOCINO,UNINCORPORATED,-123.20517569,39.265135639999997
90173154,2016,2016-05-04,9150,2016-04-21,1655,013172,,4,2,9,2300,0,1,3,,1,062,"SR-1 S/B","BAYWOOD DR",127.00,N,N,B,-,Y,,,1,,,,,,S,Y,2,0,1,1,A,-,08,22107,,N,E,I,A,A,H,-,A,D,0,,,,,Y,,A,07,1,0,0,0,0,0,0,0,0,"- ","- ",39.32508,-123.803,MENDOCINO,UNINCORPORATED,-123.80299615,39.325081949999998
90173497,2016,2016-05-05,9126,2016-03-17,1125,021168,,4,1,9,2300,0,1,2,,2,011,US-101,SR-1,0.00,,Y,A,-,Y,,,101,,,,,,,Y,1,1,1,2,A,-,09,21802,A,N,D,C,A,A,H,-,A,A,0,,,,Y,Y,,A,01,1,0,0,0,0,0,0,0,0,"- ","- ",39.86815,-123.71353999999999,MENDOCINO,UNINCORPORATED,-123.71357627,39.86815387
90173821,2016,2016-05-05,9150,2016-04-15,2130,019524,,5,2,9,2300,0,1,3,,1,024,SR-20,"COUNTY ROAD A",340.00,W,N,A,-,Y,,,20,,,,,,,Y,2,0,2,2,A,-,07,21658,A,F,F,I,A,A,H,-,D,D,0,,,,,Y,,A,01,1,1,0,0,0,0,0,0,0,"- ","- ",39.239870000000003,-123.18335999999999,MENDOCINO,UNINCORPORATED,-123.18335745,39.239923740000002