CASE_ID,ACCIDENT_YEAR,PROC_DATE,JURIS,COLLISION_DATE,COLLISION_TIME,OFFICER_ID,REPORTING_DISTRICT,DAY_OF_WEEK,CHP_SHIFT,POPULATION,CNTY_CITY_LOC,SPECIAL_COND,BEAT_TYPE,CHP_BEAT_TYPE,CITY_DIVISION_LAPD,CHP_BEAT_CLASS,BEAT_NUMBER,PRIMARY_RD,SECONDARY_RD,DISTANCE,DIRECTION,INTERSECTION,WEATHER_1,WEATHER_2,STATE_HWY_IND,CALTRANS_COUNTY,CALTRANS_DISTRICT,STATE_ROUTE,ROUTE_SUFFIX,POSTMILE_PREFIX,POSTMILE,LOCATION_TYPE,RAMP_INTERSECTION,SIDE_OF_HWY,TOW_AWAY,COLLISION_SEVERITY,NUMBER_KILLED,NUMBER_INJURED,PARTY_COUNT,PRIMARY_COLL_FACTOR,PCF_CODE_OF_VIOL,PCF_VIOL_CATEGORY,PCF_VIOLATION,PCF_VIOL_SUBSECTION,HIT_AND_RUN,TYPE_OF_COLLISION,MVIW,PED_ACTION,ROAD_SURFACE,ROAD_COND_1,ROAD_COND_2,LIGHTING,CONTROL_DEVICE,CHP_ROAD_TYPE,PEDESTRIAN_ACCIDENT,BICYCLE_ACCIDENT,MOTORCYCLE_ACCIDENT,TRUCK_ACCIDENT,NOT_PRIVATE_PROPERTY,ALCOHOL_INVOLVED,STWD_VEHTYPE_AT_FAULT,CHP_VEHTYPE_AT_FAULT,COUNT_SEVERE_INJ,COUNT_VISIBLE_INJ,COUNT_COMPLAINT_PAIN,COUNT_PED_KILLED,COUNT_PED_INJURED,COUNT_BICYCLIST_KILLED,COUNT_BICYCLIST_INJURED,COUNT_MC_KILLED,COUNT_MC_INJURED,PRIMARY_RAMP,SECONDARY_RAMP,LATITUDE,LONGITUDE,COUNTY,CITY,POINT_X,POINT_Y
90191221,2016,2016-05-31,9150,2016-04-23,0127,020803,,6,3,9,2300,0,2,4,,1,023,"N. STATE ST.","KUNZLER RANCH ROAD",137.00,S,N,B,-,N,,,,,,,,,,Y,2,0,1,1,A,-,01,23152,A,N,E,I,A,A,H,-,C,D,0,,,,,Y,Y,A,07,1,0,0,0,0,0,0,0,0,"- ","- ",39.177579999999999,-123.21021,MENDOCINO,UNINCORPORATED,-123.21034451,39.177410979999998
90193057,2016,2016-06-02,9126,2016-05-13,1123,021216,,5,1,9,2300,0,1,2,,2,011,"US-101 N/B",SR-271,5280.00,S,N,A,-,Y,,,101,,,,,,N,Y,2,0,2,1,A,-,08,22107,,N,F,A,A,A,H,-,A,D,0,,,,,Y,,E,22,1,1,0,0,0,0,0,0,0,"- ","- ",39.832970000000003,-123.67841,MENDOCINO,UNINCORPORATED,-123.67831266,39.833133850000003
90194296,2016,2016-06-03,9150,2016-05-26,1434,020671,,4,2,9,2300,0,1,2,,1,010,US-101,"GEYSERS ROAD",475.00,N,N,A,-,Y,,,101,,,,,,,N,2,0,1,2,A,-,21,22106,,N,D,G,A,A,H,-,A,D,0,,Y,,,Y,,L,04,1,0,0,0,0,0,1,0,0,"- ","- ",38.870170000000002,-123.04421000000001,MENDOCINO,UNINCORPORATED,-123.04417614,38.870178410000001
90197056,2016,2016-06-08,9150,2016-05-28,1643,020722,,6,2,9,2300,0,2,4,,2,026,"MAIN ST W/B","EEL RIVER RD",1056.00,E,N,A,-,N,,,,,,,,,,N,2,0,2,2,A,-,06,21750,,N,D,C,A,A,H,-,A,D,0,,,Y,,Y,,C,02,2,0,0,0,0,0,0,0,2,"- ","- ",39.321800000000003,-123.10162,MENDOCINO,UNINCORPORATED,-123.09540201,39.321779280000001
90202267,2016,2016-06-15,9150,2016-05-29,2159,019119,,7,2,9,2300,0,1,3,,1,024,SR-20,US-101,528.00,E,N,A,-,Y,,,20,,,,,,,Y,2,0,2,3,A,-,05,21460,A,N,A,C,A,A,H,-,D,D,0,,,Y,,Y,,D,22,2,0,0,0,0,0,0,0,1,"- ","- ",39.242310000000003,-123.20269,MENDOCINO,UNINCORPORATED,-123.20266929,39.242269129999997
90204829,2016,2016-06-20,9150,2016-02-26,1945,020700,,5,2,9,2300,0,3,5,,2,002,"VICHY SPRINGS ROAD","REDEMEYER RD",567.00,W,N,B,-,N,,,,,,,,,,Y,1,1,2,2,A,-,01,23152,A,N,E,I,A,A,H,-,D,D,0,,,,,Y,Y,D,22,1,1,0,0,0,0,0,0,0,"- ","- ",39.159390000000002,-123.18589,MENDOCINO,UNINCORPORATED,-123.18608,39.160809999999998
90204986,2016,2016-06-20,9150,2016-06-05,0012,020722,,7,3,9,2300,0,1,2,,1,010,"US-101 S/B","GEYSERS RD",306.00,S,N,A,-,Y,,,101,,,,,,S,Y,2,0,2,2,A,-,01,23152,A,N,A,C,A,A,H,-,C,D,0,,,,,Y,Y,A,01,1,1,0,0,0,0,0,0,0,"- ","- ",38.857410000000002,-123.03784,MENDOCINO,UNINCORPORATED,-123.03789571,38.857376680000002
90205139,2016,2016-06-20,9150,2016-06-09,2313,021014,,4,3,9,2300,0,1,2,,2,022,"US-101 N/B","ORR SPRINGS RD",463.00,N,N,A,-,Y,,,101,,,,,,N,Y,2,0,1,4,A,-,01,23152,A,N,A,C,A,A,H,-,D,D,0,,,,,Y,Y,A,01,1,0,0,0,0,0,0,0,0,"- ","- ",39.177950000000003,-123.21238,MENDOCINO,UNINCORPORATED,-123.21245734,39.177957290000002
90206526,2016,2016-06-21,9150,2016-06-19,1010,020200,,7,1,9,2300,0,1,3,,1,015,SR-253,SR-128,21120.00,E,N,A,-,Y,,,,,,,,,,Y,2,0,1,1,A,-,08,22107,,N,E,I,A,A,H,-,A,D,0,,,Y,,Y,,C,02,1,0,0,0,0,0,0,0,1,"- ","- ",,,MENDOCINO,UNINCORPORATED,,
90208432,2016,2016-06-23,9126,2016-03-29,0255,014469,,2,3,9,2300,0,1,2,,1,077,"US-101 (REDWOOD HIGHWAY)","HELL'S HALF ACRE",5808.00,S,N,A,-,Y,,,101,,,,,,,Y,1,1,0,1,A,-,01,23152,E,N,E,I,A,A,H,-,D,D,0,,,,,Y,,A,01,0,0,0,0,0,0,0,0,0,"- ","- ",39.608809999999998,-123.45738,MENDOCINO,UNINCORPORATED,-123.45738882000001,39.608797969999998
90208540,2016,2016-06-23,9150,2016-06-11,2003,020722,,6,2,9,2300,0,1,2,,1,010,"US-101 S/B","MOUNTAIN HOUSE RD",1056.00,S,N,A,-,Y,,,101,,,,,,S,Y,2,0,1,2,A,-,06,21755,,N,B,C,A,A,H,-,A,D,0,,,Y,,Y,Y,C,02,1,0,0,0,0,0,0,0,1,"- ","- ",38.967269999999999,-123.1156,MENDOCINO,UNINCORPORATED,-123.11558401000001,38.967275970000003
90212039,2016,2016-06-29,9150,2016-06-17,2156,021012,,5,2,9,2300,0,1,3,,1,062,SR-1,"LANSING ST.",31.00,S,N,B,-,Y,,,1,,,,,,,Y,2,0,2,2,A,-,01,23152,A,N,A,C,A,A,H,-,D,D,0,,,,,Y,Y,A,01,2,0,0,0,0,0,0,0,0,"- ","- ",39.318779999999997,-123.79962,MENDOCINO,UNINCORPORATED,-123.79963074,39.31877412
90213326,2016,2016-06-30,9150,2016-05-21,1645,020090,,6,2,9,2300,0,1,3,,1,065,SR-20,"LITTLE LAKE RD",1109.00,W,N,A,-,Y,,,20,,,,,,,Y,1,1,0,2,A,-,01,23152,A,N,D,C,A,B,H,-,A,D,0,,,Y,,Y,Y,D,22,0,0,0,0,0,0,0,1,0,"- ","- ",39.377220000000001,-123.68774000000001,MENDOCINO,UNINCORPORATED,-123.68774732,39.37712629
90225080,2016,2016-07-18,9126,2016-07-01,1737,021243,,5,2,9,2300,0,1,3,,2,050,SR-162,"BIGGAR LANE",845.00,W,N,A,-,Y,,,162,,,,,,,N,2,0,1,2,A,-,17,21200,,N,H,G,A,A,H,-,A,D,0,,Y,,,Y,Y,L,04,1,0,0,0,0,0,1,0,0,"- ","- ",39.807429999999997,-123.24812,MENDOCINO,UNINCORPORATED,-123.24812532999999,39.80742996
90231185,2016,2016-07-27,9150,2016-07-02,1240,016680,,6,1,9,2300,0,3,5,,2,001,"FELIZ CREEK ROAD","COUNTY ROAD 110",1584.00,N,N,A,-,N,,,,,,,,,,Y,2,0,1,1,A,-,03,22350,,N,E,I,A,A,H,-,A,D,0,,,,,Y,,A,01,1,0,0,0,0,0,0,0,0,"- ","- ",38.97728,-123.14221999999999,MENDOCINO,UNINCORPORATED,-123.14216852,38.977330719999998
90240161,2016,2016-08-08,9150,2016-06-12,1330,019181,,7,1,9,2300,0,1,2,,1,010,US-101,"COMMINSKI STATION ROAD",10560.00,N,N,A,-,Y,,,101,,,,,,,Y,1,1,1,1,A,-,08,22107,,N,F,A,A,A,H,-,A,D,0,,,,,Y,,A,07,1,0,0,0,0,0,0,0,0,"- ","- ",38.914239999999999,-123.05489,MENDOCINO,UNINCORPORATED,-123.05485757,38.914290039999997
90245917,2016,2016-08-16,9126,2016-08-02,0735,014469,,2,1,9,2300,0,1,2,,1,077,"US-101 (REDWOOD HIGHWAY)","APACHE JUNCTION",2640.00,S,N,A,-,Y,,,101,,,,,,,N,2,0,1,2,A,-,03,22350,,N,C,C,A,A,H,-,A,A,0,,,Y,,Y,,C,02,1,0,0,0,0,0,0,0,1,"- ","- ",39.422199999999997,-123.35428,MENDOCINO,UNINCORPORATED,-123.3542928,39.422208699999999
90246820,2016,2016-08-17,9150,2016-08-05,1105,020090,,5,1,9,2300,0,3,5,,2,006,"LITTLE LAKE RD","CUMMINGS ST",440.00,W,N,A,-,N,,,,,,,,,,N,2,0,1,1,D,-,00,,,N,F,A,A,A,H,-,A,D,0,,Y,,,Y,,-,"- ",1,0,0,0,0,0,1,0,0,"- ","- ",39.312710000000003,-123.78122,MENDOCINO,UNINCORPORATED,-123.78110044,39.312694780000001
90252320,2016,2016-08-25,9150,2016-08-12,1917,020848,,5,2,9,2300,0,2,4,,2,026,"POTTER VALLEY RD","BURRIS LN",499.00,S,N,A,-,N,,,,,,,,,,Y,2,0,3,3,A,-,01,23152,A,N,C,C,F,A,H,-,A,D,0,Y,,,,Y,Y,A,01,1,2,0,0,1,0,0,0,0,"- ","- ",39.276479999999999,-123.09455,MENDOCINO,UNINCORPORATED,-123.09455930999999,39.276479790000003
90256610,2016,2016-08-30,9126,2016-08-27,2100,014469,,6,2,9,2300,0,1,2,,1,077,"US-101 (REDWOOD HIGHWAY)","REYNOLDS HWY.",3168.00,S,N,A,-,Y,,,101,,,,,,,Y,2,0,2,1,C,-,18,,,N,E,I,A,A,H,-,D,D,0,,,,,Y,,-,"- ",2,0,0,0,0,0,0,0,0,"- ","- ",39.454689999999999,-123.34833999999999,MENDOCINO,UNINCORPORATED,-123.34835918,39.454687939999999
90259586,2016,2016-09-02,9126,2016-03-22,1800,021223,,2,2,9,2300,0,1,3,,2,030,SR-271,"US-101 O/C #10-172",10560.00,N,N,B,-,Y,,,271,,,,,,,Y,1,1,2,1,A,-,01,23152,A,N,F,A,A,A,H,-,A,D,0,,,,,Y,Y,A,07,2,0,0,0,0,0,0,0,0,"- ","- ",39.826599999999999,-123.66445,MENDOCINO,UNINCORPORATED,-123.66450002000001,39.826672279999997
90269386,2016,2016-11-21,9126,2016-09-02,2230,021314,,5,3,9,2300,0,1,3,,2,050,SR-162,"8 MILE BRIDGE",24288.00,E,N,A,-,Y,,,,,,,,,,N,2,0,1,1,A,-,08,22107,,N,E,I,A,A,H,-,D,D,0,,,Y,,Y,,C,02,1,0,0,0,0,0,0,0,1,"- ","- ",,,MENDOCINO,UNINCORPORATED,,
90273195,2016,2016-09-21,9150,2016-09-10,1505,019524,,6,2,9,2300,0,2,4,,1,023,"N. STATE ST.","ELLIS LN",259.00,N,N,A,-,N,,,,,,,,,,Y,2,0,2,2,A,-,01,23152,E,N,A,D,A,A,H,-,A,D,0,,,,,Y,,A,01,1,1,0,0,0,0,0,0,0,"- ","- ",39.183120000000002,-123.2094,MENDOCINO,UNINCORPORATED,-123.20944415,39.182549469999998
90273965,2016,2016-09-22,9126,2016-09-05,0900,021329,,1,1,9,2300,0,3,5,,2,111,"FORT BRAGG-SHERWOOD ROAD","SHERWOOD ROAD",2112.00,W,N,A,-,N,,,,,,,,,,Y,2,0,1,1,A,-,08,22107,,N,F,A,A,A,H,-,A,D,0,,,Y,,Y,,C,02,1,0,0,0,0,0,0,0,1,"- ","- ",39.528950000000002,-123.46227,MENDOCINO,UNINCORPORATED,-123.46223999999999,39.528992180000003
90277398,2016,2016-09-27,9150,2016-08-14,2039,020517,,7,2,9,2300,0,1,2,,1,012,US-101,"NELSON RANCH RD",573.00,S,N,A,-,Y,,,101,,,,,,,Y,1,2,3,3,A,-,06,21751,,N,B,C,A,A,H,-,D,D,0,,,,,Y,,A,01,1,1,1,0,0,0,0,0,0,"- ","- ",39.052529999999997,-123.15599,MENDOCINO,UNINCORPORATED,-123.15600796,39.052517559999998
90301648,2016,2016-10-26,9150,2016-10-01,1948,021012,,6,2,9,2300,0,1,3,,1,052,SR-1,"LIGHTHOUSE RD.",596.00,N,N,A,-,Y,,,1,,,,,,,Y,2,0,9,2,A,-,01,23152,A,N,A,C,A,A,H,-,D,D,0,,,,,Y,Y,D,22,4,1,4,0,0,0,0,0,0,"- ","- ",38.931910000000002,-123.70896,MENDOCINO,UNINCORPORATED,-123.70895523999999,38.931891380000003
90302719,2016,2016-10-27,9126,2016-10-23,2340,021109,,7,3,9,2300,0,1,2,,2,011,"US-101 NORHTBOUND",SR-1,1584.00,S,N,A,-,Y,,,,,,,,,,Y,2,0,2,1,A,-,08,22107,,N,F,A,A,A,H,-,D,D,0,,,,,Y,,A,01,1,0,1,0,0,0,0,0,0,"- ","- ",,,MENDOCINO,UNINCORPORATED,,
90302860,2016,2016-10-27,9150,2016-10-25,0436,020517,,2,3,9,2300,0,1,3,,2,042,SR-128,"INDIAN CREEK RD",14784.00,W,N,B,-,Y,,,128,,,,,,,Y,2,0,2,1,A,-,08,22107,,N,E,I,A,B,H,-,D,D,0,,,,,Y,,A,01,1,0,1,0,0,0,0,0,0,"- ","- ",39.084769999999999,-123.47427999999999,MENDOCINO,UNINCORPORATED,-123.47441557000001,39.084776349999999
90308145,2016,2016-11-01,9150,2016-10-23,2320,020517,,7,3,9,2300,0,1,2,,1,010,US-101,"GEYSERS RD",385.00,S,N,B,-,Y,,,101,,,,,,,Y,2,0,1,1,A,-,08,22107,,N,E,I,A,A,H,-,D,D,0,,,,,Y,,A,01,1,0,0,0,0,0,0,0,0,"- ","- ",38.857190000000003,-123.03767999999999,MENDOCINO,UNINCORPORATED,-123.03763927999999,38.85721556
90309329,2016,2016-11-02,9126,2016-09-23,1320,021314,,5,1,9,2300,0,1,3,,2,050,SR-162,"BARNES LANE",1056.00,W,N,A,-,Y,,,,,,,,,,N,2,0,1,1,A,-,17,23109,C,N,F,A,A,A,H,-,A,D,0,,,Y,,Y,,C,02,1,0,0,0,0,0,0,0,1,"- ","- ",,,MENDOCINO,UNINCORPORATED,,
90315236,2016,2016-11-09,9150,2016-10-29,1633,020581,,6,2,9,2300,0,1,2,,2,022,"US 101 S/B",SR-20,47.00,N,N,B,-,Y,,,,,,,,,,Y,2,0,1,1,A,-,01,23152,F,N,E,I,A,B,H,-,A,D,0,,,,,Y,Y,D,22,1,0,0,0,0,0,0,0,0,"- ","- ",39.240130000000001,-123.20738,MENDOCINO,UNINCORPORATED,,
90317085,2016,2016-11-23,9126,2016-11-02,1504,021329,,3,2,9,2300,0,1,2,,1,077,"U.S. 101","SHIMMINS RIDGE ROAD",6389.00,S,N,A,-,Y,,,,,,,,,,Y,2,0,2,1,A,-,08,22107,,N,E,I,A,A,H,-,A,D,0,,,,,Y,,A,01,1,1,0,0,0,0,0,0,0,"- ","- ",39.499070000000003,-123.37308,MENDOCINO,UNINCORPORATED,-123.37838818,39.502749600000001
90317447,2016,2016-12-28,9150,2016-09-18,1059,021208,,7,1,9,2300,0,1,3,,2,061,SR-128,"FLYNN CREEK RD",2640.00,W,N,A,-,Y,,,128,,,,,,,Y,1,1,0,2,A,-,05,21460,A,N,A,C,A,A,H,-,A,D,0,,,Y,,Y,,C,02,0,0,0,0,0,0,0,1,0,"- ","- ",39.156840000000003,-123.58623,MENDOCINO,UNINCORPORATED,-123.58622699999999,39.156835610000002
90324553,2016,2016-11-18,9150,2016-11-09,1739,021012,,3,2,9,2300,0,3,5,,2,006,"HEESER DR.","KELLY ST.",710.00,N,N,A,-,N,,,,,,,,,,Y,2,0,2,1,A,-,03,22350,,N,E,I,A,A,H,-,D,D,0,,,,,Y,Y,A,01,1,1,0,0,0,0,0,0,0,"- ","- ",39.305979999999998,-123.80911,MENDOCINO,UNINCORPORATED,-123.8065,39.306199999999997
90340815,2016,2016-12-08,9150,2016-11-16,1243,018977,,3,1,9,2300,0,1,3,,1,024,SR-20,"EASTSIDE POTTER VALLEY RD.",5280.00,E,N,A,-,Y,,,20,,,,,,,Y,2,0,2,2,A,-,05,21460,A,N,B,C,A,A,H,-,A,D,0,,,,Y,Y,,A,01,1,1,0,0,0,0,0,0,0,"- ","- ",39.23574,-123.1097,MENDOCINO,UNINCORPORATED,-123.10970836,39.235732779999999
90344033,2016,2017-03-16,9150,2016-10-30,0300,020200,,7,3,9,2300,0,1,2,,1,010,US-101,"LA FRANCHI RD",753.00,S,N,B,C,Y,,,101,,,,,,,Y,1,1,0,1,A,-,01,23152,A,N,E,I,A,B,H,-,D,D,0,,,,,Y,Y,A,01,0,0,0,0,0,0,0,0,0,"- ","- ",38.956539999999997,-123.10769999999999,MENDOCINO,UNINCORPORATED,-123.10781246000001,38.956381559999997
90356783,2016,2016-12-28,9150,2016-12-23,1735,013172,,5,2,9,2300,0,1,3,,1,062,"SR-20 W/B","SANGRA LA LANE",16368.00,E,N,B,-,Y,,,20,,,,,,W,Y,2,0,1,1,A,-,08,22107,,N,E,I,A,B,H,-,D,D,0,,,,,Y,,A,07,1,0,0,0,0,0,0,0,0,"- ","- ",39.39114,-123.7058,MENDOCINO,UNINCORPORATED,-123.70579734,39.39114696
90361616,2016,2017-01-05,9150,2016-10-24,0330,020722,,1,3,9,2300,0,3,5,,2,002,"UVA DR","US-101 S/B",121.00,W,N,B,-,N,,,,,,,,,,Y,1,1,1,1,A,-,01,23152,A,N,E,I,A,A,H,-,C,D,0,,,,,Y,Y,A,07,1,0,0,0,0,0,0,0,0,"- ","- ",39.270829999999997,-123.24356,MENDOCINO,UNINCORPORATED,-123.24306428,39.270915090000003
90364934,2016,2017-01-09,9150,2016-12-29,2154,021012,,4,2,9,2300,0,1,3,,1,062,SR-1,"HAPPY LN.",1056.00,S,N,A,-,Y,,,1,,,,,,,Y,2,0,1,1,A,-,01,23152,A,N,E,I,A,A,H,-,D,D,0,,,,,Y,Y,A,01,1,0,0,0,0,0,0,0,0,"- ","- ",39.472859999999997,-123.79786,MENDOCINO,UNINCORPORATED,-123.79781752,39.472859980000003
90371403,2017,2017-01-18,9150,2017-01-09,1739,021012,,1,2,9,2300,0,1,3,,1,062,SR-1,"ALBION LITTLE RIVER RD.",4224.00,N,N,C,-,Y,,,1,,,,,,,Y,2,0,2,2,A,-,03,22350,,N,A,C,A,B,H,-,D,D,0,,,,,Y,,A,01,2,0,0,0,0,0,0,0,0,"- ","- ",39.238210000000002,-123.77212,MENDOCINO,UNINCORPORATED,-123.77212830000001,39.238212650000001
90373374,2017,2017-01-19,9150,2017-01-11,1910,021208,,3,2,9,2300,0,1,3,,1,062,"SR 1","OLD COAST HWY",0.00,,Y,C,-,Y,,,1,,,,,,,Y,2,0,1,2,A,-,11,21950,B,N,G,B,D,B,H,-,D,D,0,Y,,,,Y,,N,60,1,0,0,0,1,0,0,0,0,"- ","- ",39.410760000000003,-123.8085,MENDOCINO,UNINCORPORATED,-123.80849983,39.410759990000003
90378235,2016,2017-01-26,9126,2016-08-30,1930,021081,,2,2,9,2300,0,1,2,,2,011,"US-101 S/B","BELL SPRINGS ROAD",2640.00,N,N,A,-,Y,,,,,,,,,,Y,1,1,0,1,A,-,01,23152,F,N,E,I,A,A,H,-,B,D,0,,,,,Y,Y,A,01,0,0,0,0,0,0,0,0,0,"- ","- ",,,MENDOCINO,UNINCORPORATED,-123.58074242000001,39.826968239999999
90384574,2017,2017-02-02,9126,2017-01-23,1101,014469,,1,1,9,2300,0,1,2,,2,055,"US-101 (REDWOOD HIGHWAY)","BLACK OAK RANCH",4224.00,N,N,B,-,Y,,,,,,,,,,Y,2,0,1,2,A,-,01,23152,F,N,B,C,A,B,H,-,A,D,0,,,,Y,Y,,D,23,1,0,0,0,0,0,0,0,0,"- ","- ",,,MENDOCINO,UNINCORPORATED,,
90393511,2017,2017-02-15,9150,2017-01-28,1157,021419,,6,1,9,2300,0,1,2,,2,022,"S/B US-101","CENTRAL AVE",4752.00,S,N,A,-,Y,,,101,,,,,,,Y,2,0,2,1,A,-,08,22107,,N,E,I,A,A,H,-,A,D,0,,,,,Y,,A,07,1,1,0,0,0,0,0,0,0,"- ","- ",39.212629999999997,-123.20474,MENDOCINO,UNINCORPORATED,-123.20486031999999,39.212599920000002
90394291,2017,2017-02-15,9150,2017-02-06,1620,021012,,1,2,9,2300,0,3,5,,2,005,"PACIFIC WOODS RD.","FRIENDLY AVE.",16.00,W,N,C,-,N,,,,,,,,,,Y,1,1,0,1,A,-,08,22107,,N,E,I,A,B,H,-,A,D,0,,,,,Y,,D,22,0,0,0,0,0,0,0,0,0,"- ","- ",38.777729999999998,-123.53404999999999,MENDOCINO,UNINCORPORATED,-123.53376985,38.777769790000001
90397441,2017,2017-02-21,9150,2017-02-10,1310,021444,,5,1,9,2300,0,1,3,,1,024,SR-20,US-101,653.00,W,N,B,C,Y,,,,,,,,,,Y,2,0,4,2,A,-,08,22107,,N,A,C,A,B,H,-,A,D,0,,,,,Y,,A,01,2,1,1,0,0,0,0,0,0,"- ","- ",39.238169999999997,-123.20896,MENDOCINO,UNINCORPORATED,,
90398326,2017,2017-02-22,9150,2017-02-11,0718,019107,,6,1,9,2300,0,1,3,,1,024,SR-20,"VISTA DEL LAGO RD",2006.00,E,N,A,-,Y,,,20,,,,,,,Y,2,0,3,3,A,-,05,21460,A,N,B,C,A,B,H,-,A,D,0,,,,,Y,,A,01,1,0,2,0,0,0,0,0,0,"- ","- ",39.239870000000003,-123.14404,MENDOCINO,UNINCORPORATED,-123.14400907,39.239844759999997
90402148,2016,2017-02-28,9150,2016-09-30,1337,020700,,5,1,9,2300,0,1,2,,1,010,US-101,"LA FRANCHI RD.",2479.00,N,N,A,B,Y,,,101,,,,,,,N,1,1,0,2,A,-,08,22107,,N,C,G,A,A,H,-,A,D,0,,Y,,,Y,,A,01,0,0,0,0,0,1,0,0,0,"- ","- ",38.963120000000004,-123.11402,MENDOCINO,UNINCORPORATED,-123.11398905999999,38.963136349999999
90408308,2017,2017-03-08,9150,2017-02-25,0045,017824,,6,3,9,2300,0,1,2,,1,010,"US-101 NORTHBOUND TO GEYSERS RD","GEYSERS RD",22.00,W,N,A,-,Y,,,101,,,,R,,N,Y,2,0,1,1,A,-,08,22107,,N,F,A,A,A,B,-,C,A,0,,,Y,,Y,,C,02,1,0,0,0,0,0,0,0,1,"- ","- ",38.858069999999998,-123.03796,MENDOCINO,UNINCORPORATED,-123.03796,38.858069999999998
90411698,2017,2017-03-14,9126,2017-03-07,2205,021168,,2,3,9,2300,0,1,2,,2,011,US-101,"CONFUSION HILL",528.00,S,N,B,-,Y,,,101,,,,,,,Y,2,0,1,1,A,-,01,23152,A,N,E,I,A,B,H,-,D,D,0,,,,,Y,Y,A,07,1,0,0,0,0,0,0,0,0,"- ","- ",39.916969999999999,-123.76715,MENDOCINO,UNINCORPORATED,-123.76711612,39.917001820000003
90411898,2017,2017-03-14,9126,2017-03-05,1915,020482,,7,2,9,2300,0,1,2,,1,077,US-101,"RYAN CREEK ROAD",321.00,N,N,B,-,Y,,,,,,,,,,Y,1,1,0,1,A,-,08,22107,,N,E,I,A,B,H,-,D,D,0,,,,,Y,,A,01,0,0,0,0,0,0,0,0,0,"- ","- ",39.058840000000004,-121.36136,MENDOCINO,UNINCORPORATED,-123.36218727000001,39.480987679999998
90419971,2017,2017-04-03,9150,2017-03-05,2106,021012,,7,2,9,2300,0,1,3,,1,062,SR-1,"NAVARRO RIDGE RD",1056.00,S,N,F,-,Y,,,1,,,,,,,Y,1,1,1,1,A,-,03,22350,,N,E,I,A,C,H,-,D,D,0,,,,,Y,,E,22,0,1,0,0,0,0,0,0,0,"- ","- ",39.202910000000003,-123.76904999999999,MENDOCINO,UNINCORPORATED,-123.76907136,39.202910180000003
90423843,2017,2017-03-29,9150,2017-03-17,0350,020848,,5,3,9,2300,0,1,2,,1,012,US-101,"CENTER ST",115.00,N,N,A,-,Y,,,101,,,,,,,Y,2,0,1,1,A,-,08,22107,,N,E,I,A,A,H,-,C,D,0,,,,Y,Y,,G,25,1,0,0,0,0,0,0,0,0,"- ","- ",38.973399999999998,-123.11613,MENDOCINO,UNINCORPORATED,-123.11623428,38.973447839999999
90423850,2017,2017-03-29,9150,2017-03-18,0415,020090,,6,3,9,2300,0,1,3,,1,064,SR-1,"NAMELESS LN",199.00,N,N,B,C,Y,,,1,,,,,,,Y,2,0,4,1,A,-,01,23152,A,N,E,I,A,B,H,-,D,D,0,,,,,Y,Y,A,01,1,2,1,0,0,0,0,0,0,"- ","- ",39.493760000000002,-123.78106,MENDOCINO,UNINCORPORATED,-123.78116314,39.493793420000003
90425385,2017,2017-04-03,9150,2017-03-17,1341,019107,,5,1,9,2300,0,1,3,,1,024,SR-20,"POTTER VALLEY ROAD",332.00,E,N,A,-,Y,,,20,,,,,,,Y,2,0,2,2,A,-,09,21802,A,N,F,A,A,A,H,-,A,A,0,,,,,Y,,A,07,1,1,0,0,0,0,0,0,0,"- ","- ",39.245100000000001,-123.12548,MENDOCINO,UNINCORPORATED,-123.12541586,39.245202499999998
90427833,2017,2017-04-05,9126,2017-03-31,1055,021314,,5,1,9,2300,0,1,2,,1,077,"US-101 N/B",SR-162,5280.00,S,N,A,-,Y,,,101,,,,,,N,Y,2,0,1,1,A,-,03,22350,,N,E,I,A,A,H,-,A,D,0,,,,,Y,,A,01,1,0,0,0,0,0,0,0,0,"- ","- ",39.543979999999998,-123.42315000000001,MENDOCINO,UNINCORPORATED,-123.42322109,39.543889219999997
90432872,2017,2017-04-12,9150,2017-04-04,1430,019181,,2,2,9,2300,0,1,2,,2,021,US-101,"WEST ROAD",20.00,S,N,A,-,Y,,,101,,,,,,,Y,2,0,4,1,A,-,03,22350,,N,F,A,A,A,H,-,A,D,0,,,,,Y,,A,07,2,1,1,0,0,0,0,0,0,"- ","- ",39.260820000000002,-123.22304,MENDOCINO,UNINCORPORATED,-123.22247486000001,39.261395469999997
90434518,2017,2017-04-14,9150,2017-04-06,1607,021589,,4,2,9,2300,0,1,3,,1,015,SR-253,"SOUTHBOUND US-101 ON RAMP",0.00,,Y,B,C,Y,,,253,,,,,,,Y,2,0,4,2,A,-,09,21802,A,N,D,C,A,B,H,-,A,A,0,,,,,Y,,A,01,1,0,3,0,0,0,0,0,0,"- ","- ",39.106059999999999,-123.19499999999999,MENDOCINO,UNINCORPORATED,-123.19500290000001,39.10606962
90436089,2017,2017-04-17,9150,2017-03-30,1620,021527,,4,2,9,2300,0,3,5,,2,005,"SR-1 N/B","IVERSON RD",1584.00,N,N,A,-,Y,,,1,,,,,,N,Y,2,0,1,1,A,-,08,22107,,N,E,I,A,A,H,-,A,D,0,,,,,Y,Y,A,01,1,0,0,0,0,0,0,0,0,"- ","- ",38.852139999999999,-123.64792,MENDOCINO,UNINCORPORATED,-123.64788747,38.85216157