CASE_ID,ACCIDENT_YEAR,PROC_DATE,JURIS,COLLISION_DATE,COLLISION_TIME,OFFICER_ID,REPORTING_DISTRICT,DAY_OF_WEEK,CHP_SHIFT,POPULATION,CNTY_CITY_LOC,SPECIAL_COND,BEAT_TYPE,CHP_BEAT_TYPE,CITY_DIVISION_LAPD,CHP_BEAT_CLASS,BEAT_NUMBER,PRIMARY_RD,SECONDARY_RD,DISTANCE,DIRECTION,INTERSECTION,WEATHER_1,WEATHER_2,STATE_HWY_IND,CALTRANS_COUNTY,CALTRANS_DISTRICT,STATE_ROUTE,ROUTE_SUFFIX,POSTMILE_PREFIX,POSTMILE,LOCATION_TYPE,RAMP_INTERSECTION,SIDE_OF_HWY,TOW_AWAY,COLLISION_SEVERITY,NUMBER_KILLED,NUMBER_INJURED,PARTY_COUNT,PRIMARY_COLL_FACTOR,PCF_CODE_OF_VIOL,PCF_VIOL_CATEGORY,PCF_VIOLATION,PCF_VIOL_SUBSECTION,HIT_AND_RUN,TYPE_OF_COLLISION,MVIW,PED_ACTION,ROAD_SURFACE,ROAD_COND_1,ROAD_COND_2,LIGHTING,CONTROL_DEVICE,CHP_ROAD_TYPE,PEDESTRIAN_ACCIDENT,BICYCLE_ACCIDENT,MOTORCYCLE_ACCIDENT,TRUCK_ACCIDENT,NOT_PRIVATE_PROPERTY,ALCOHOL_INVOLVED,STWD_VEHTYPE_AT_FAULT,CHP_VEHTYPE_AT_FAULT,COUNT_SEVERE_INJ,COUNT_VISIBLE_INJ,COUNT_COMPLAINT_PAIN,COUNT_PED_KILLED,COUNT_PED_INJURED,COUNT_BICYCLIST_KILLED,COUNT_BICYCLIST_INJURED,COUNT_MC_KILLED,COUNT_MC_INJURED,PRIMARY_RAMP,SECONDARY_RAMP,LATITUDE,LONGITUDE,COUNTY,CITY,POINT_X,POINT_Y
90452636,2017,2017-05-10,9150,2017-04-25,1339,021012,,2,1,9,2300,0,1,3,,1,062,SR-1,"SIMPSON RD.",215.00,S,N,B,-,Y,,,1,,,,,,,Y,2,0,2,2,A,-,03,22350,,N,B,C,A,B,H,-,A,D,0,,,,,Y,,A,07,1,1,0,0,0,0,0,0,0,"- ","- ",39.510440000000003,-123.76468,MENDOCINO,UNINCORPORATED,-123.76468878,39.510440320000001
90453514,2017,2017-05-10,9150,2017-04-19,1925,021589,,3,2,9,2300,0,2,4,,2,026,"EASTSIDE POTTER VALLEY RD","WESTSIDE POTTER VALLEY RD",1916.00,S,N,C,-,N,,,,,,,,,,Y,2,0,3,2,A,-,01,23152,A,N,A,C,A,B,H,-,B,D,0,,,,,Y,Y,A,01,1,1,1,0,0,0,0,0,0,"- ","- ",39.267330000000001,-123.10759,MENDOCINO,UNINCORPORATED,-123.10759,39.267330000000001
90453525,2017,2017-05-11,9150,2017-04-29,1900,020700,,6,2,9,2300,0,1,2,,2,021,"US-101 NORTHBOUND","NORTH STATE STREET",584.00,N,N,A,-,Y,,,101,,,,,,N,Y,2,0,1,1,A,-,01,23152,A,N,E,I,A,A,H,-,A,D,0,,,Y,,Y,Y,C,02,1,0,0,0,0,0,0,0,1,"- ","- ",39.173729999999999,-123.21276,MENDOCINO,UNINCORPORATED,-123.21279131,39.173726950000002
90462737,2017,2017-05-24,9126,2017-05-14,0231,014469,,7,3,9,2300,0,1,2,,1,077,"US-101 (REDWOOD HIGHWAY)","S. RYAN CREEK ROAD",1056.00,N,N,B,-,Y,,,101,,,,,,,Y,1,1,1,1,A,-,08,22107,,N,F,A,A,A,H,-,D,D,0,,,,,Y,,A,07,0,1,0,0,0,0,0,0,0,"- ","- ",39.474609999999998,-123.36329000000001,MENDOCINO,UNINCORPORATED,-123.36338384,39.474606479999998
90463029,2017,2017-05-24,9150,2017-05-02,1105,019181,,2,1,9,2300,0,1,3,,2,042,SR-128,SR-1,19008.00,E,N,A,-,Y,,,128,,,,,,,Y,2,0,1,1,A,-,03,22350,,N,E,I,A,A,H,-,A,D,0,,,,,Y,Y,D,22,1,0,0,0,0,0,0,0,0,"- ","- ",39.177549999999997,-123.69131,MENDOCINO,UNINCORPORATED,-123.69146945,39.176724749999998
90463500,2017,2017-05-25,9150,2017-05-13,2500,019107,,6,4,9,2300,0,1,3,,1,015,SR-253,"SOUTH STATE STREET",7286.00,W,N,A,-,Y,,,253,,,,,,,Y,2,0,1,1,A,-,01,23152,F,N,E,I,A,A,H,-,D,D,0,,,,,Y,,A,01,1,0,0,0,0,0,0,0,0,"- ","- ",39.093420000000002,-123.21563999999999,MENDOCINO,UNINCORPORATED,-123.215648,39.09349229
90465043,2017,2018-03-15,9150,2017-04-07,0135,020700,,5,3,9,2300,0,2,4,,1,023,"NORTH STATE STREET","HENSLEY CREEK RD",446.00,N,N,B,C,Y,,,,,,,,,,Y,1,2,3,5,A,-,03,22350,,N,A,C,A,B,H,-,C,D,0,,,,,Y,,A,01,1,1,1,0,0,0,0,0,0,"- ","- ",39.186880000000002,-123.21014,MENDOCINO,UNINCORPORATED,-123.20999738,39.186678090000001
90466894,2017,2017-05-30,9150,2017-05-12,2146,021444,,5,2,9,2300,0,1,3,,2,042,SR-128,"GREENWOOD ROAD",3168.00,W,N,A,-,Y,,,128,,,,,,,Y,2,0,2,2,A,-,01,23152,A,N,A,C,A,A,H,-,D,D,0,,,,,Y,Y,A,01,1,0,1,0,0,0,0,0,0,"- ","- ",39.098080000000003,-123.48541,MENDOCINO,UNINCORPORATED,-123.4853931,39.098097099999997
90467385,2017,2017-05-30,9150,2017-05-29,1118,015775,,1,1,9,2300,0,1,3,,1,015,SR-253,"ROBINSON CREEK RD",12038.00,W,N,A,-,Y,,,253,,,,,,,Y,2,0,1,1,A,-,03,22350,,N,E,I,A,A,H,-,A,D,0,,,Y,,Y,,C,02,1,0,0,0,0,0,0,0,1,"- ","- ",39.059179999999998,-123.24187999999999,MENDOCINO,UNINCORPORATED,-123.24187717,39.059173029999997
90473132,2017,2017-09-21,9126,2017-05-26,0030,020431,,5,3,9,2300,0,1,2,,1,077,US-101,"REYNOLDS HIGHWAY",1320.00,N,N,B,-,Y,,,101,,,,,,,Y,1,2,5,2,A,-,01,23152,F,N,A,C,A,B,H,-,D,D,0,,,,,Y,,A,07,3,2,0,0,0,0,0,0,0,"- ","- ",39.466299999999997,-123.3531,MENDOCINO,UNINCORPORATED,-123.35315185,39.466206659999997
90473629,2017,2017-06-08,9150,2017-05-19,1400,017824,,5,2,9,2300,0,1,2,,1,012,US-101,"WESTWILL ROAD",1047.00,S,N,A,-,Y,,,101,,,,,,,Y,2,0,1,2,A,-,08,22107,,N,A,D,A,A,H,-,A,D,0,,,Y,,Y,,A,01,1,0,0,0,0,0,0,0,1,"- ","- ",38.97701,-123.11476999999999,MENDOCINO,UNINCORPORATED,-123.11473004,38.977012539999997
90479250,2017,2017-06-15,9150,2017-06-02,1709,021419,,5,2,9,2300,0,1,3,,1,015,SR-253,SR-128,5016.00,E,N,A,-,Y,,,253,,,,,,,Y,2,0,1,1,A,-,01,23152,A,N,F,A,A,A,H,-,A,D,0,,,Y,,Y,Y,C,02,1,0,0,0,0,0,0,0,1,"- ","- ",38.999809999999997,-123.34226,MENDOCINO,UNINCORPORATED,-123.34223691,38.999757410000001
90480437,2017,2017-06-19,9126,2017-06-08,1230,020431,,4,1,9,2300,0,2,4,,2,070,"SHERWOOD ROAD","BIRCH STREET",2112.00,S,N,B,C,N,,,,,,,,,,Y,2,0,2,2,A,-,05,21460,A,N,A,C,A,B,H,-,A,D,0,,,,,Y,,D,22,2,0,0,0,0,0,0,0,0,"- ","- ",,,MENDOCINO,UNINCORPORATED,-123.36977958999999,39.428181430000002
90492825,2017,2017-07-03,9150,2017-06-10,1600,020581,,6,2,9,2300,0,3,5,,2,002,"RUSSIAN RIVER ACCESS ROAD","RT 222",50.00,N,N,A,-,N,,,,,,,,,,Y,1,1,0,2,C,-,18,,,N,G,B,E,A,H,-,A,D,0,Y,,,,Y,,-,"- ",0,0,0,1,0,0,0,0,0,"- ","- ",39.135039999999996,-123.18764,MENDOCINO,UNINCORPORATED,,
90494606,2017,2017-07-17,9150,2017-06-03,0435,020700,,6,3,9,2300,0,2,4,,1,023,"NORTH STATE STREET","CENTRAL AVE",383.00,N,N,A,-,N,,,,,,,,,,Y,1,1,0,1,A,-,01,23152,A,N,E,I,A,A,H,-,D,D,0,,,,,Y,Y,A,01,0,0,0,0,0,0,0,0,0,"- ","- ",39.226329999999997,-123.20325,MENDOCINO,UNINCORPORATED,-123.20330396999999,39.226288719999999
90499697,2017,2017-07-13,9126,2017-07-05,0615,021102,,3,1,9,2300,0,2,4,,1,001,"BRANSCOMB ROAD","TAYLOR CREEK",620.00,W,N,A,-,N,,,,,,,,,,Y,2,0,1,1,A,-,08,22107,,N,E,I,A,A,H,-,A,D,0,,,,,Y,,A,01,1,0,0,0,0,0,0,0,0,"- ","- ",39.64226,-123.6046,MENDOCINO,UNINCORPORATED,-123.60595644,39.642141420000002
90502279,2017,2017-07-17,9150,2017-07-03,1443,021804,,1,2,3,2303,0,1,3,,2,042,SR-128,"MOUNTAIN HOUSE RD",1056.00,E,N,A,-,Y,,,,,,,,,,Y,2,0,1,1,A,-,03,22350,,N,F,A,A,A,H,-,A,D,0,,,Y,,Y,,C,02,1,0,0,0,0,0,0,0,1,"- ","- ",38.874920000000003,-123.10254,MENDOCINO,UKIAH,-123.10200193,38.874625960000003
90513330,2017,2017-07-31,9150,2017-07-23,2147,021012,,7,2,9,2300,0,3,5,,2,005,"WINDY HOLLOW RD","HARRIS RANCH RD",1056.00,S,N,E,-,N,,,,,,,,,,Y,2,0,1,1,A,-,08,22107,,N,F,A,A,B,H,-,D,D,0,,,,,Y,,D,22,1,0,0,0,0,0,0,0,0,"- ","- ",38.930770000000003,-123.69515,MENDOCINO,UNINCORPORATED,-123.69517193,38.930696390000001
90518577,2017,2017-08-08,9126,2017-07-15,1415,020482,,6,2,9,2300,0,1,2,,1,077,US-101,"N. MAIN STREET",1320.00,N,N,A,-,Y,,,,,,,,,,Y,2,0,1,2,A,-,05,21460,A,N,A,C,A,A,H,-,A,D,0,,,,,Y,,A,01,1,0,0,0,0,0,0,0,0,"- ","- ",,,MENDOCINO,UNINCORPORATED,-123.35463722,39.41606393
90519134,2017,2017-12-05,9150,2017-07-30,1046,021012,,7,1,9,2300,0,3,5,,2,006,"COMPTCHE UKIAH RD.","SOUTH BIG RIVER ROAD",0.00,,Y,B,-,N,,,,,,,,,,N,2,0,2,2,A,-,03,22350,,N,C,G,A,A,H,-,A,D,0,,Y,,,Y,,L,04,1,1,0,0,0,0,2,0,0,"- ","- ",39.299160000000001,-123.79234,MENDOCINO,UNINCORPORATED,-123.79216988,39.299129980000004
90529659,2017,2017-08-23,9126,2017-08-11,2155,021314,,5,2,9,2300,0,1,2,,2,055,US-101,"SPYROCK ROAD",845.00,S,N,A,-,Y,,,101,,,,,,,N,2,0,1,1,A,-,13,22515,A,N,H,A,A,A,D,-,D,D,0,,,,,Y,,D,22,1,0,0,0,0,0,0,0,0,"- ","- ",39.796550000000003,-123.54208,MENDOCINO,UNINCORPORATED,-123.54214046,39.796553529999997
90534392,2017,2017-08-25,9150,2017-08-10,1540,021527,,4,2,9,2300,0,3,5,,2,005,SR-1,"NAVARRO BLUFF RD",12144.00,S,N,B,-,Y,,,1,,,,,,,Y,2,0,1,1,A,-,03,22350,,N,E,I,A,A,H,-,A,D,0,,,Y,,Y,,C,02,1,0,0,0,0,0,0,0,1,"- ","- ",39.156529999999997,-123.73425,MENDOCINO,UNINCORPORATED,-123.73423385,39.156523239999999
90535427,2017,2017-08-28,9126,2017-08-02,1145,020886,,3,1,9,2300,0,1,2,,2,055,US-101,"SPYROCK ROAD",327.00,N,N,A,-,Y,,,101,,,,,,,Y,1,1,0,1,A,-,08,22107,,N,E,I,A,A,H,-,A,D,0,,,,,Y,,A,01,0,0,0,0,0,0,0,0,0,"- ","- ",39.798609999999996,-123.54261,MENDOCINO,UNINCORPORATED,-123.54254625,39.798627439999997
90536022,2017,2017-08-29,9150,2017-08-26,0049,021419,,6,3,9,2300,0,1,2,,1,031,"S/B US-101","SR-20 W/B",528.00,N,N,A,-,Y,,,,,,,,,,Y,2,0,2,1,A,-,01,23152,A,N,E,I,A,A,H,-,C,D,0,,,,,Y,Y,A,01,1,1,0,0,0,0,0,0,0,"- ","- ",39.378509999999999,-123.32866,MENDOCINO,UNINCORPORATED,,
90538818,2017,2017-09-01,9150,2017-08-11,0035,021527,,5,3,9,2300,0,3,5,,2,006,"SIMPSON LANE","GEORGES LN",40.00,W,N,A,-,N,,,,,,,,,,Y,2,0,3,1,A,-,01,23152,F,F,E,I,A,A,H,-,D,D,0,,,,,Y,,A,01,3,0,0,0,0,0,0,0,0,"- ","- ",39.412059999999997,-123.79915,MENDOCINO,UNINCORPORATED,-123.79909119,39.412058500000001
90544341,2017,2017-12-06,9126,2017-08-13,1228,020482,,7,1,9,2300,0,1,2,,1,077,US-101,"STEELE LANE",2112.00,N,N,A,-,Y,,,101,,,,,,,Y,1,1,2,2,A,-,08,22107,,F,A,C,A,A,H,-,A,D,0,,,,,Y,,D,22,1,1,0,0,0,0,0,0,0,"- ","- ",39.656849999999999,-123.47693,MENDOCINO,UNINCORPORATED,-123.47681523999999,39.656914819999997
90556406,2017,2017-09-26,9150,2017-09-14,1230,015775,,4,1,9,2300,0,1,3,,1,015,SR-253,"ROBINSON CREEK RD",29040.00,W,N,A,-,Y,,,253,,,,,,,Y,2,0,1,1,A,-,08,22107,,N,F,A,A,A,H,-,A,D,0,,,Y,,Y,,C,02,1,0,0,0,0,0,0,0,1,"- ","- ",39.055880000000002,-123.2439,MENDOCINO,UNINCORPORATED,-123.24392413,39.055895579999998
90570497,2017,2018-03-02,9150,2017-09-29,2238,021444,,5,3,9,2300,0,1,3,,1,024,SR-20,"OLD LAKE COUNTY ROAD",11616.00,W,N,A,-,Y,,,20,,,,,,,Y,1,1,0,1,A,-,03,22350,,N,E,I,A,A,H,-,D,D,0,,,Y,,Y,,C,02,0,0,0,0,0,0,0,1,0,"- ","- ",39.215510000000002,-123.07818,MENDOCINO,UNINCORPORATED,-123.0781594,39.215546230000001
90570502,2017,2017-10-16,9150,2017-10-01,1927,021012,,7,2,9,2300,0,1,3,,1,065,SR-20,"LITTLE LAKE RD.",31152.00,E,N,A,-,Y,,,20,,,,,,,Y,1,1,0,1,A,-,08,22107,,N,E,I,A,A,H,-,B,D,0,,,Y,,Y,,C,02,0,0,0,0,0,0,0,1,0,"- ","- ",39.348039999999997,-123.60132,MENDOCINO,UNINCORPORATED,-123.60136727,39.347885490000003
90570525,2017,2017-10-16,9150,2017-10-04,1540,021804,,3,2,9,2300,0,1,2,,1,010,US-101,"LA FRANCHI RD",18.00,S,N,A,-,Y,,,101,,,,,,,Y,2,0,3,2,A,-,03,22350,,N,C,C,A,A,H,-,A,D,0,,,,,Y,,A,07,1,1,1,0,0,0,0,0,0,"- ","- ",38.957819999999998,-123.10951,MENDOCINO,UNINCORPORATED,-123.1094612,38.957863840000002
90572629,2017,2017-10-18,9150,2017-10-08,1643,019181,,7,2,9,2300,0,1,3,,2,042,SR-128,"WHIPPLE RIDGE RD",55.00,E,N,A,-,Y,,,128,,,,,,,Y,2,0,4,2,A,-,05,21460,A,N,A,C,A,A,H,-,A,D,0,,,,,Y,,A,01,1,3,0,0,0,0,0,0,0,"- ","- ",39.071980000000003,-123.45724,MENDOCINO,UNINCORPORATED,-123.45721961,39.071996310000003
90583106,2017,2017-10-30,9150,2017-10-11,1802,021419,,3,2,9,2300,0,1,2,,1,031,US-101,"WATERSHED ROAD",10.00,N,N,A,-,Y,,,101,,,,,,,Y,2,0,8,4,A,-,03,22350,,N,C,C,A,A,H,-,A,D,0,,,,,Y,,A,07,1,2,5,0,0,0,0,0,0,"- ","- ",39.358310000000003,-123.31775,MENDOCINO,UNINCORPORATED,-123.31770616999999,39.358277940000001
90584134,2017,2017-10-31,9126,2017-10-19,1945,020886,,4,2,9,2300,0,1,3,,2,050,SR-162,"DOS RIOS ROAD",20064.00,E,N,C,-,Y,,,162,,,,,,,N,2,0,1,1,A,-,03,22350,,N,F,A,A,B,H,-,D,D,0,,,Y,,Y,,C,02,1,0,0,0,0,0,0,0,1,"- ","- ",39.710149999999999,-123.29958000000001,MENDOCINO,UNINCORPORATED,-123.29968368,39.710178999999997
90586399,2017,2017-11-14,9150,2017-08-01,1800,021804,,2,2,9,2300,0,1,2,,1,010,"US-101 N/B","GEYSERS RD",5280.00,N,N,A,-,Y,,,101,,,,,,N,Y,1,1,3,1,A,-,08,22107,,N,F,A,A,A,H,-,A,D,0,,,,,Y,,A,07,3,0,0,0,0,0,0,0,0,"- ","- ",38.869070000000001,-123.04382,MENDOCINO,UNINCORPORATED,-123.04383552,38.869063769999997
90590095,2017,2017-11-08,9126,2017-10-30,0150,021329,,1,3,9,2300,0,1,2,,2,011,"US-101 SOUTHBOUND","CUMMINGS ROAD",6864.00,S,N,B,-,Y,,,101,,,,,,S,Y,2,0,1,1,A,-,08,22107,,N,E,I,A,A,H,-,D,D,0,,,,,Y,,A,07,1,0,0,0,0,0,0,0,0,"- ","- ",39.830640000000002,-123.61436999999999,MENDOCINO,UNINCORPORATED,-123.61441413999999,39.830426090000003
90593861,2017,2017-11-14,9126,2017-11-02,1430,020431,,4,2,9,2300,0,2,4,,1,001,"BRANSCOMB ROAD (CR 429)","CAHTO PEAK ROAD",2112.00,W,N,B,C,N,,,,,,,,,,Y,2,0,1,1,A,-,08,22107,,N,E,I,A,B,H,-,A,D,0,,,,,Y,,A,08,1,0,0,0,0,0,0,0,0,"- ","- ",39.666440000000001,-123.51406,MENDOCINO,UNINCORPORATED,-123.51413368999999,39.666458149999997
90595567,2017,2017-11-16,9150,2017-11-03,0725,020744,,5,1,9,2300,0,1,3,,1,024,"SR-20 WB","COUNTY ROAD 144",1900.00,E,N,C,-,Y,,,20,,,,,,W,Y,2,0,3,3,A,-,03,22350,,N,A,C,A,B,H,-,A,D,0,,,,,Y,,A,01,2,0,1,0,0,0,0,0,0,"- ","- ",39.23939,-123.19015,MENDOCINO,UNINCORPORATED,-123.19013957999999,39.239353899999998
90596264,2017,2017-11-16,9126,2017-11-10,1030,020431,,5,1,9,2300,0,1,2,,2,055,US-101,"SPY ROCK ROAD",50.00,N,N,B,C,Y,,,101,,,,,,,Y,2,0,2,2,A,-,03,22350,,N,D,C,A,B,H,-,A,D,0,,,,,Y,,A,07,2,0,0,0,0,0,0,0,0,"- ","- ",39.797930000000001,-123.54237000000001,MENDOCINO,UNINCORPORATED,-123.54235722,39.797933469999997
90596379,2017,2017-11-17,9150,2017-11-05,1511,021804,,7,2,9,2300,0,2,4,,2,014,"OLD RIVER RD",US-101,1056.00,E,N,B,-,N,,,,,,,,,,Y,2,0,1,1,A,-,08,22107,,N,E,I,A,A,H,-,A,D,0,,,,,Y,,A,01,1,0,0,0,0,0,0,0,0,"- ","- ",38.95288,-123.09854,MENDOCINO,UNINCORPORATED,-123.10064256,38.95508856
90599748,2017,2017-11-21,9150,2017-11-03,1336,018977,,5,1,9,2300,0,1,3,,1,024,SR-20,"COUNTY ROAD 144",1584.00,E,N,C,-,Y,,,20,,,,,,,Y,2,0,2,3,A,-,00,23153,E,N,B,C,A,B,H,-,A,D,0,,,,Y,Y,,G,25,1,1,0,0,0,0,0,0,0,"- ","- ",39.239510000000003,-123.19235,MENDOCINO,UNINCORPORATED,-123.19239605,39.239408939999997
90600218,2017,2017-11-22,9126,2017-11-12,1816,014469,,7,2,9,2300,0,3,5,,2,007,"TULIP DRIVE","BUCKEYE DRIVE",0.00,,Y,B,-,N,,,,,,,,,,Y,2,0,2,2,A,-,12,22450,A,N,D,C,A,B,H,-,D,A,0,,,,,Y,,A,01,1,1,0,0,0,0,0,0,0,"- ","- ",39.47898,-123.39286,MENDOCINO,UNINCORPORATED,-123.39276996,39.429129930000002
90610608,2017,2017-12-05,9150,2017-11-23,0115,021208,,4,3,9,2300,0,3,5,,2,006,"COMPTCHE UKIAH RD",SR-1,35482.00,E,N,C,-,N,,,,,,,,,,Y,2,0,1,1,A,-,03,22350,,N,E,I,A,B,H,-,D,D,0,,,,,Y,,A,01,1,0,0,0,0,0,0,0,0,"- ","- ",39.292929999999998,-123.6508,MENDOCINO,UNINCORPORATED,-123.74396,39.281289999999998
90613415,2017,2017-12-08,9150,2017-11-22,1255,020744,,3,1,9,2300,0,1,2,,1,031,US-101,"REEVES CANYON RD",8765.00,N,N,A,-,Y,,,101,,,,,,,Y,2,0,2,2,A,-,03,22350,,N,C,C,A,A,D,H,A,D,0,,,,,Y,,A,08,1,0,1,0,0,0,0,0,0,"- ","- ",39.293520000000001,-123.27388999999999,MENDOCINO,UNINCORPORATED,-123.2738897,39.293523020000002
90617784,2017,2017-12-14,9126,2017-11-25,0920,021838,,6,1,9,2300,0,2,4,,2,070,"CR 311 (SHERWOOD ROAD)","BIRCH TERRACE",2270.00,S,N,A,-,N,,,,,,,,,,Y,2,0,1,1,A,-,03,22350,,N,F,A,A,B,H,-,A,D,0,,,Y,,Y,,C,02,1,0,0,0,0,0,0,0,1,"- ","- ",39.427669999999999,-123.36899,MENDOCINO,UNINCORPORATED,-123.36899,39.427669999999999
90618694,2017,2017-12-15,9150,2017-12-03,0223,021444,,7,3,9,2300,0,1,3,,2,041,SR-128,"YORKVILLE RANCH RD",528.00,E,N,C,-,Y,,,128,,,,,,,Y,2,0,2,1,A,-,08,22107,,N,E,I,A,B,H,-,D,D,0,,,,,Y,,A,08,1,1,0,0,0,0,0,0,0,"- ","- ",38.913049999999998,-123.2698,MENDOCINO,UNINCORPORATED,-123.26978712,38.913020289999999
90619187,2017,2017-12-18,9150,2017-12-09,1843,020225,,6,2,9,2300,0,1,S,,2,904,"US-101 N/B","ORR SPRINGS RD",2200.00,N,N,A,-,Y,,,101,,,,,,N,N,2,0,1,2,A,-,11,21954,A,N,G,B,E,A,H,-,D,D,0,Y,,,,Y,Y,N,60,1,0,0,0,1,0,0,0,0,"- ","- ",39.182470000000002,-123.21173,MENDOCINO,UNINCORPORATED,-123.21198937,39.182503490000002
90619596,2017,2017-12-18,9126,2017-12-11,0625,021314,,1,1,9,2300,0,1,3,,2,050,SR-162,US-101,9504.00,E,N,A,B,Y,,,162,,,,,,,Y,2,0,2,2,A,-,05,21460,A,N,A,C,A,A,H,-,B,D,0,,,,,Y,,A,01,1,1,0,0,0,0,0,0,0,"- ","- ",39.57497,-123.38739,MENDOCINO,UNINCORPORATED,-123.38734857999999,39.574941010000003
90627965,2017,2017-12-27,9126,2017-08-25,1700,021314,,5,2,9,2300,0,3,5,,2,555,"SPYROCK ROAD",US-101,3274.00,E,N,A,-,N,,,,,,,,,,Y,1,1,1,1,A,-,03,22350,,N,F,A,A,A,H,-,A,D,0,,,,,Y,,A,07,1,0,0,0,0,0,0,0,0,"- ","- ",39.800890000000003,-123.52582,MENDOCINO,UNINCORPORATED,-123.53192382,39.800602060000003
90628041,2017,2018-04-06,9150,2017-11-03,2500,020090,,5,4,9,2300,0,1,3,,1,065,SR-20,"QUAIL CT.",10032.00,E,N,B,C,Y,,,20,,,,,,,Y,1,1,0,1,A,-,03,22350,,N,E,I,A,B,H,-,D,D,0,,,,,Y,,A,01,0,0,0,0,0,0,0,0,0,"- ","- ",39.406219999999998,-123.73220999999999,MENDOCINO,UNINCORPORATED,-123.73216693000001,39.406325989999999
90628730,2017,2017-12-28,9150,2017-12-22,1915,018977,,5,2,9,2300,0,2,4,,1,023,"N. STATE ST.","COYOTE VALLEY BLVD.",1584.00,S,N,A,-,N,,,,,,,,,,N,2,0,1,1,D,-,00,,,N,B,C,A,A,H,-,D,D,0,,,Y,,Y,,-,"- ",1,0,0,0,0,0,0,0,1,"- ","- ",39.244729999999997,-123.20742,MENDOCINO,UNINCORPORATED,-123.21149991999999,39.251668670000001
90631204,2017,2018-01-19,9150,2017-12-18,1515,021890,,1,2,9,2300,0,1,3,,1,015,"E/B SR-253","ROBINSEN CREEK RD",1584.00,E,N,A,-,Y,,,253,,,,,,,Y,2,0,1,1,A,-,03,22350,,N,E,I,A,A,H,-,A,D,0,,,,,Y,,A,01,1,0,0,0,0,0,0,0,0,"- ","- ",39.101190000000003,-123.20608,MENDOCINO,UNINCORPORATED,-123.20612647999999,39.101287399999997
90631571,2018,2018-01-02,9150,2018-01-01,1148,021890,,1,1,9,2300,0,3,5,,2,003,"ORR SPRINGS RD","PINOLEVILLE RD",38544.00,W,N,A,B,N,,,,,,,,,,N,2,0,1,1,A,-,03,22350,,N,F,A,A,A,H,-,A,D,0,,Y,,,Y,,L,04,1,0,0,0,0,0,1,0,0,"- ","- ",39.194469451904297,-123.27034759521484,MENDOCINO,UNINCORPORATED,-123.32640838623047,39.218765258789062
90637847,2017,2018-01-11,9126,2017-12-29,2000,021838,,5,2,9,2300,0,1,2,,1,077,US-101,"SHIMMINS RIDGE RD",100.00,S,N,A,-,Y,,,101,,,,,,,Y,2,0,1,1,A,-,01,23152,A,N,E,I,A,A,H,-,D,D,0,,,,,Y,Y,A,01,1,0,0,0,0,0,0,0,0,"- ","- ",39.516959999999997,-123.39102,MENDOCINO,UNINCORPORATED,-123.39097142,39.516981610000002
90638970,2017,2018-01-12,9150,2017-12-30,0945,021527,,6,1,9,2300,0,1,3,,1,052,SR-1,"PHILO GREENWOOD RD",4224.00,N,N,A,-,Y,,,1,,,,,,,Y,2,0,2,1,A,-,03,22350,,N,F,A,A,B,H,-,A,D,0,,,,,Y,,A,07,2,0,0,0,0,0,0,0,0,"- ","- ",39.136800000000001,-123.72148,MENDOCINO,UNINCORPORATED,-123.72147849,39.136778739999997
90644339,2018,2018-01-22,9126,2018-01-14,1050,021331,,7,1,9,2300,0,1,3,,2,050,SR-162,"RODEO CREEK",2640.00,E,N,B,-,Y,,,162,,,,,,,Y,2,0,1,1,A,-,08,22107,,N,E,I,A,A,H,-,A,D,0,,,,,Y,,A,01,1,0,0,0,0,0,0,0,0,"- ","- ",39.658409118652344,-123.34393310546875,MENDOCINO,UNINCORPORATED,-123.34386444091797,39.658424377441406
90646982,2018,2018-01-24,9150,2018-01-11,1505,020090,,4,2,9,2300,0,3,5,,2,006,"NAVARRO RIDGE RD",SR-1,8976.00,E,N,B,C,N,,,,,,,,,,Y,2,0,1,2,A,-,06,21750,,N,B,C,A,B,E,H,A,D,0,,,Y,Y,Y,,C,02,1,0,0,0,0,0,0,0,1,"- ","- ",39.1986083984375,-123.73638916015625,MENDOCINO,UNINCORPORATED,-123.76629638671875,39.202480316162109
90652900,2018,2018-02-01,9126,2018-01-25,0905,020706,,4,1,9,2300,0,1,2,,2,011,US-101,"BRIDGES CREEK",5280.00,N,N,C,-,Y,,,,,,,,,,Y,2,0,1,1,A,-,03,22350,,N,E,I,A,B,H,-,A,D,0,,,,,Y,Y,A,07,1,0,0,0,0,0,0,0,0,"- ","- ",39.917999267578125,-123.75788879394531,MENDOCINO,UNINCORPORATED,-123.20574188232422,39.167579650878906
90653638,2018,2018-02-02,9150,2018-01-25,1220,021527,,4,1,9,2300,0,3,5,,2,005,SR-1,"PHILO GREENWOOD RD",11616.00,N,N,B,C,Y,,,1,,,,,,,Y,2,0,1,1,A,-,08,22107,,N,F,A,A,B,H,-,A,D,0,,,,,Y,,A,07,1,0,0,0,0,0,0,0,0,"- ","- ",39.152500152587891,-123.73445892333984,MENDOCINO,UNINCORPORATED,-123.73447418212891,39.152519226074219