CASE_ID,ACCIDENT_YEAR,PROC_DATE,JURIS,COLLISION_DATE,COLLISION_TIME,OFFICER_ID,REPORTING_DISTRICT,DAY_OF_WEEK,CHP_SHIFT,POPULATION,CNTY_CITY_LOC,SPECIAL_COND,BEAT_TYPE,CHP_BEAT_TYPE,CITY_DIVISION_LAPD,CHP_BEAT_CLASS,BEAT_NUMBER,PRIMARY_RD,SECONDARY_RD,DISTANCE,DIRECTION,INTERSECTION,WEATHER_1,WEATHER_2,STATE_HWY_IND,CALTRANS_COUNTY,CALTRANS_DISTRICT,STATE_ROUTE,ROUTE_SUFFIX,POSTMILE_PREFIX,POSTMILE,LOCATION_TYPE,RAMP_INTERSECTION,SIDE_OF_HWY,TOW_AWAY,COLLISION_SEVERITY,NUMBER_KILLED,NUMBER_INJURED,PARTY_COUNT,PRIMARY_COLL_FACTOR,PCF_CODE_OF_VIOL,PCF_VIOL_CATEGORY,PCF_VIOLATION,PCF_VIOL_SUBSECTION,HIT_AND_RUN,TYPE_OF_COLLISION,MVIW,PED_ACTION,ROAD_SURFACE,ROAD_COND_1,ROAD_COND_2,LIGHTING,CONTROL_DEVICE,CHP_ROAD_TYPE,PEDESTRIAN_ACCIDENT,BICYCLE_ACCIDENT,MOTORCYCLE_ACCIDENT,TRUCK_ACCIDENT,NOT_PRIVATE_PROPERTY,ALCOHOL_INVOLVED,STWD_VEHTYPE_AT_FAULT,CHP_VEHTYPE_AT_FAULT,COUNT_SEVERE_INJ,COUNT_VISIBLE_INJ,COUNT_COMPLAINT_PAIN,COUNT_PED_KILLED,COUNT_PED_INJURED,COUNT_BICYCLIST_KILLED,COUNT_BICYCLIST_INJURED,COUNT_MC_KILLED,COUNT_MC_INJURED,PRIMARY_RAMP,SECONDARY_RAMP,LATITUDE,LONGITUDE,COUNTY,CITY,POINT_X,POINT_Y
90655899,2018,2018-02-06,9126,2018-01-06,2500,020431,,6,4,9,2300,0,1,2,,2,055,US-101,"RATTLESNAKE SUMMIT",10032.00,S,N,A,-,Y,,,101,,,,,,,Y,1,1,0,1,A,-,01,23152,G,N,E,I,A,A,H,-,D,D,0,,,,,Y,Y,D,22,0,0,0,0,0,0,0,0,0,"- ","- ",39.762371063232422,-123.54148864746094,MENDOCINO,UNINCORPORATED,-123.54143524169922,39.762447357177734
90657200,2018,2018-02-07,9126,2018-01-29,1700,021838,,1,2,9,2300,0,1,2,,1,077,US-101,"OLD SHERWOOD ROAD",1320.00,N,N,A,-,Y,,,101,,,,,,,Y,2,0,1,1,A,-,01,23152,A,N,E,I,A,A,H,-,A,D,0,,,,,Y,Y,D,22,1,0,0,0,0,0,0,0,0,"- ","- ",39.627891540527344,-123.46221923828125,MENDOCINO,UNINCORPORATED,-123.46231079101562,39.627887725830078
90660823,2017,2018-02-13,9126,2017-12-17,1105,021331,,7,1,9,2300,0,1,2,,2,055,"US-101 N/B","WOODRUFF ROAD",2640.00,N,N,A,-,Y,,,101,,,,,,N,Y,1,1,0,1,A,-,01,23152,F,N,E,I,A,A,H,-,A,D,0,,,,,Y,,A,07,0,0,0,0,0,0,0,0,0,"- ","- ",39.717199999999998,-123.49947,MENDOCINO,UNINCORPORATED,-123.49972691000001,39.71708263
90660851,2017,2018-02-13,9126,2017-12-19,2225,021314,,2,3,9,2300,0,1,2,,1,077,"US-101 N/B",SR-162,1584.00,N,N,A,-,Y,,,101,,,,,,N,Y,1,1,1,1,A,-,01,23152,F,N,E,I,A,B,H,-,D,D,0,,,,,Y,,A,01,1,0,0,0,0,0,0,0,0,"- ","- ",39.558540000000001,-123.43267,MENDOCINO,UNINCORPORATED,-123.43282370999999,39.558540800000003
90665263,2018,2018-02-21,9126,2018-02-11,1325,021331,,7,1,9,2300,0,2,4,,2,070,"SHERWOOD ROAD","BIRCH STREET",1320.00,S,N,B,-,N,,,,,,,,,,Y,2,0,1,2,A,-,05,21460,A,N,A,C,A,A,H,-,A,D,0,,,,,Y,,D,22,1,0,0,0,0,0,0,0,0,"- ","- ",39.43048095703125,-123.37184143066406,MENDOCINO,UNINCORPORATED,-123.37109375,39.430030822753906
90671459,2017,2018-02-28,9126,2017-12-21,1315,020706,,4,1,9,2300,0,1,2,,2,011,US-101,"DORA CREEK BRIDGE",2323.00,S,N,A,-,Y,,,101,,,,,,,Y,1,1,0,3,A,-,05,21460,A,N,B,C,A,A,H,-,A,D,0,,,,Y,Y,,F,27,0,0,0,0,0,0,0,0,0,"- ","- ",39.894289999999998,-123.75395,MENDOCINO,UNINCORPORATED,-123.75403043,39.894293449999999
90684085,2018,2018-03-19,9150,2018-03-10,0855,020744,,6,1,9,2300,0,3,5,,2,002,"CHABLIS DR.","CARRIGAN LN.",0.00,,Y,A,-,N,,,,,,,,,,Y,2,0,4,2,A,-,09,21802,A,N,D,C,A,A,H,-,A,A,0,,,,,Y,Y,A,07,1,1,2,0,0,0,0,0,0,"- ","- ",39.169109344482422,-123.21897888183594,MENDOCINO,UNINCORPORATED,-123.21900177001953,39.169078826904297
90685938,2017,2018-03-23,9126,2017-12-22,2000,021838,,5,2,9,2300,0,1,2,,2,055,US-101,"SPYROCK ROAD",4594.00,N,N,A,-,Y,,,101,,,,,,,Y,1,1,0,1,A,-,01,23152,F,N,E,I,A,A,H,-,D,D,0,,,,,Y,,A,01,0,0,0,0,0,0,0,0,0,"- ","- ",39.808700000000002,-123.5492,MENDOCINO,UNINCORPORATED,-123.54923524,39.808640050000001
90686205,2017,2018-03-23,9150,2017-12-11,2500,021804,,1,4,9,2300,0,1,3,,1,037,HWY-20,"IRMULCO RD",2904.00,W,N,B,-,N,,,,,,,,,,Y,1,1,0,1,A,-,08,22107,,N,E,I,A,B,H,-,D,D,0,,,,,Y,,A,07,0,0,0,0,0,0,0,0,0,"- ","- ",39.396619999999999,-123.45093,MENDOCINO,UNINCORPORATED,-123.46559624,39.39348468
90686219,2018,2018-04-13,9150,2018-02-22,2032,021012,,4,2,9,2300,0,3,5,,2,006,"MITCHELL CREEK DR.","TURNER RD.",2534.00,S,N,A,-,N,,,,,,,,,,Y,1,1,0,1,A,-,03,22350,,N,E,I,A,B,H,-,D,D,0,,,,,Y,Y,A,07,0,0,0,0,0,0,0,0,0,"- ","- ",39.378910064697266,-123.17317962646484,MENDOCINO,UNINCORPORATED,-123.77323913574219,39.378902435302734
90695857,2018,2018-04-02,9150,2018-03-25,1300,019181,,7,1,9,2300,0,1,3,,1,037,SR-20,"ROAD 100",1267.00,W,N,B,-,Y,,,20,,,,,,,Y,2,0,5,2,A,-,08,22107,,N,A,C,A,B,H,-,A,D,0,,,,,Y,,D,22,2,1,2,0,0,0,0,0,0,"- ","- ",39.359611511230469,-123.50830841064453,MENDOCINO,UNINCORPORATED,-123.50830078125,39.359565734863281
90698009,2018,2018-06-20,9150,2018-03-13,0140,021751,,2,3,9,2300,0,3,5,,2,003,"STATE ROUTE 20","HOLLANDS LN",210.00,W,N,C,-,Y,,,,,,,,,,Y,1,1,0,1,A,-,03,22350,,N,E,I,A,B,H,-,D,D,0,,,,,Y,,A,01,0,0,0,0,0,0,0,0,0,"- ","- ",39.377521514892578,-123.33724975585938,MENDOCINO,UNINCORPORATED,,
90698013,2018,2018-04-03,9150,2018-01-30,0515,021659,,2,3,3,2303,0,1,2,,1,012,"US 101 S/B FROM TALMAGE ROAD","TALMAGE RD",22.10,S,N,A,-,Y,,,,,,,,,,N,1,1,0,2,A,-,10,21950,A,F,G,B,D,A,H,-,C,D,0,Y,,,,Y,,D,22,0,0,0,1,0,0,0,0,0,"- ","- ",39.13568115234375,-123.1973876953125,MENDOCINO,UKIAH,-123.19583892822266,39.135879516601562
90699813,2018,2018-06-27,9150,2018-03-29,1537,022018,,4,2,9,2300,0,3,5,,2,001,SR-128,"WENDLING STREET",250.00,W,N,A,-,Y,,,128,,,,,,,Y,2,0,2,1,A,-,08,22107,,N,E,I,A,A,H,-,A,D,0,,,,,Y,,A,07,1,1,0,0,0,0,0,0,0,"- ","- ",39.153099060058594,-123.54540252685547,MENDOCINO,UNINCORPORATED,-123.54536437988281,39.153144836425781
90704551,2018,2018-04-12,9150,2018-03-31,1501,020671,,6,2,9,2300,0,1,3,,2,041,"STATE ROUTE 128","ROSSI RD",108.00,E,N,A,-,Y,,,128,,,,,,,Y,2,0,1,2,A,-,09,21804,A,N,D,C,A,A,H,-,A,D,0,,,,,Y,,A,07,1,0,0,0,0,0,0,0,0,"- ","- ",39.005180358886719,-123.36370849609375,MENDOCINO,UNINCORPORATED,-123.36370849609375,39.005180358886719
90728014,2018,2018-06-28,9150,2018-04-06,1733,021659,,5,2,9,2300,0,3,5,,2,005,"SR 1","LIGHTHOUSE RD",850.00,N,N,C,-,Y,,,1,,,,,,,Y,2,0,1,2,A,-,08,22107,,F,A,C,A,B,H,-,A,D,0,,,,,Y,,A,07,1,0,0,0,0,0,0,0,0,"- ","- ",38.931838989257812,-123.70828247070312,MENDOCINO,UNINCORPORATED,-123.70828247070312,38.931831359863281
90730695,2018,2018-05-21,9126,2018-05-19,0130,020431,,6,3,9,2300,0,2,4,,2,005,"HENDERSON LANE","PRATHER COURT",1700.00,N,N,A,-,N,,,,,,,,,,Y,2,0,1,1,A,-,03,22350,,N,E,I,A,A,H,-,D,D,0,,,,,Y,,A,07,1,0,0,0,0,0,0,0,0,"- ","- ",39.802608489990234,-123.2576904296875,MENDOCINO,UNINCORPORATED,-123.25772857666016,39.802547454833984
90741358,2018,2018-06-05,9126,2018-04-20,0140,021331,,5,3,9,2300,0,1,2,,1,077,US-101,"RYAN CREEK ROAD (NORTH)",0.00,,Y,A,-,Y,,,,,,,,,,N,1,1,0,2,A,-,11,21956,,N,G,B,E,A,H,-,D,D,0,Y,,,,Y,,N,60,0,0,0,1,0,0,0,0,0,"- ","- ",39.454250335693359,-123.33219909667969,MENDOCINO,UNINCORPORATED,-123.36254119873047,39.480148315429688
90743724,2018,2018-06-07,9126,2018-05-29,1242,014469,,2,1,9,2300,0,1,3,,2,050,"SR-162 (COVELO ROAD)","MINA ROAD",0.00,,Y,A,-,Y,,,,,,,,,,Y,2,0,1,2,A,-,09,21802,A,N,D,C,A,A,H,-,A,A,0,,,,,Y,,D,23,1,0,0,0,0,0,0,0,0,"- ","- ",39.659431457519531,-123.47769165039062,MENDOCINO,UNINCORPORATED,-123.24810791015625,39.817031860351562
90755901,2018,2018-06-26,9150,2018-05-20,0006,021890,,7,3,9,2300,0,1,2,,1,012,US-101,101MEN12.86,9.00,N,N,A,-,Y,,,101,,,,,,,Y,2,0,3,1,A,-,01,23152,A,N,E,I,A,A,H,-,D,D,0,,,,,Y,Y,D,22,2,0,1,0,0,0,0,0,0,"- ","- ",39.002029418945312,-123.11830902099609,MENDOCINO,UNINCORPORATED,-123.11856079101562,39.001911163330078
90756856,2018,2018-06-27,9150,2018-06-07,0855,022018,,4,1,9,2300,0,3,5,,2,006,SR-1,"ROCKPORT ST",3696.00,S,N,A,-,Y,,,1,,,,,,,Y,2,0,1,2,A,-,03,22350,,N,B,C,A,A,H,-,A,D,0,,,Y,,Y,,C,02,1,0,0,0,0,0,0,0,1,"- ","- ",39.733898162841797,-123.80999755859375,MENDOCINO,UNINCORPORATED,-123.81004333496094,39.733913421630859
90757184,2018,2018-06-27,9150,2018-06-10,1944,021659,,7,2,9,2300,0,1,2,,1,010,"US 101 S/B","OLD RIVER RD",4699.00,S,N,A,-,Y,,,,,,,,,,Y,2,0,2,1,A,-,08,22107,,N,F,I,A,A,H,-,A,D,0,,,,,Y,,A,08,2,0,0,0,0,0,0,0,0,"- ","- ",38.948528289794922,-123.08416748046875,MENDOCINO,UNINCORPORATED,,
90758093,2018,2018-06-28,9126,2018-06-27,1755,021827,,3,2,9,2300,0,1,3,,2,010,SR-1,US-101,26400.00,S,N,A,-,Y,,,1,,,,,,,Y,2,0,2,1,A,-,08,22107,,N,F,A,A,A,H,-,A,D,0,,,Y,,Y,,C,02,1,1,0,0,0,0,0,0,2,"- ","- ",39.857189178466797,-123.76278686523438,MENDOCINO,UNINCORPORATED,-123.76274108886719,39.857139587402344
90760324,2018,2018-07-02,9150,2018-06-23,2025,021659,,6,2,9,2300,0,3,5,,2,002,"ORR SPRINGS ROAD","PINOLEVILLE RD",33053.00,W,N,A,-,N,,,,,,,,,,N,2,0,1,1,A,-,08,22107,,N,E,I,A,A,H,-,B,D,0,,,Y,,Y,,C,02,1,0,0,0,0,0,0,0,1,"- ","- ",39.213771820068359,-123.31275177001953,MENDOCINO,UNINCORPORATED,-123.31028747558594,39.213314056396484
90768298,2018,2018-07-13,9150,2018-05-04,0355,021890,,5,3,9,2300,0,3,5,,2,004,SR-128,"WENDLING ST",2640.00,E,N,A,-,Y,,,,,,,,,,Y,1,1,0,1,A,-,08,22107,,N,E,I,A,A,H,-,D,D,0,,,,,Y,,A,01,0,0,0,0,0,0,0,0,0,"- ","- ",39.173011779785156,-123.21315002441406,MENDOCINO,UNINCORPORATED,-123.54274749755859,39.145313262939453
90771749,2018,2018-07-18,9150,2018-07-16,1015,014435,,1,1,9,2300,0,1,3,,1,062,SR-1,"ALBION LITTLE RIVER RD",5280.00,N,N,A,-,Y,,,1,,,,,,,N,2,0,1,1,A,-,08,22107,,N,F,A,A,A,H,-,A,D,0,,,Y,,Y,,C,02,1,0,0,0,0,0,0,0,1,"- ","- ",39.238288879394531,-123.772216796875,MENDOCINO,UNINCORPORATED,-123.77211761474609,39.238254547119141
90776049,2018,2018-07-25,9126,2018-07-19,1700,021102,,4,2,9,2300,0,1,3,,2,010,SR-1,"WESTSIDE ROAD",8976.00,S,N,A,-,Y,,,1,,,,,,,Y,2,0,1,2,A,-,03,22350,,N,A,C,A,A,H,-,A,D,0,,,Y,,Y,,C,02,1,0,0,0,0,0,0,0,1,"- ","- ",39.81011962890625,-123.80619049072266,MENDOCINO,UNINCORPORATED,-123.80619049072266,39.810123443603516
90776643,2018,2018-07-25,9126,2018-07-15,2050,022033,,7,2,9,2300,0,3,5,,2,555,"HEARST WILLITS ROAD","TOMKI ROAD",528.00,W,N,A,-,N,,,,,,,,,,Y,2,0,1,1,A,-,01,23152,A,N,F,A,A,A,H,-,B,D,0,,,Y,,Y,Y,C,06,1,0,0,0,0,0,0,0,1,"- ","- ",39.461460113525391,-123.31678771972656,MENDOCINO,UNINCORPORATED,-123.24648284912109,39.456192016601562
90789744,2018,2018-08-13,9126,2018-06-04,2500,021838,,1,4,9,2300,0,1,2,,1,077,"US-101 S/B","UNDERPASS ROAD",6336.00,S,N,A,-,Y,,,101,,,,,,S,Y,1,1,0,1,A,-,16,24002,A,N,H,A,A,A,H,-,D,D,0,,,Y,,Y,,C,02,0,0,0,0,0,0,0,1,0,"- ","- ",39.527400970458984,-123.40171813964844,MENDOCINO,UNINCORPORATED,-123.40167999267578,39.527450561523438
90790389,2018,2018-08-14,9150,2018-08-08,1514,021890,,3,2,9,2300,0,1,2,,1,012,US-101,"101 MEN 13.25",0.00,,N,A,-,Y,,,101,,,,,,,Y,2,0,1,1,A,-,08,22107,,N,E,I,A,A,H,-,A,D,0,,,,,Y,,D,22,1,0,0,0,0,0,0,0,0,"- ","- ",39.003570556640625,-123.11985778808594,MENDOCINO,UNINCORPORATED,-123.11967468261719,39.003681182861328
90796708,2018,2018-08-23,9150,2018-08-12,0328,021444,,7,3,9,2300,0,1,2,,1,012,US-101,SR-253,49.00,S,N,A,-,Y,,,101,,,,,,,Y,2,0,2,1,A,-,08,22107,,N,E,I,A,A,H,-,C,A,0,,,,,Y,,A,01,1,1,0,0,0,0,0,0,0,"- ","- ",39.109039306640625,-123.19493103027344,MENDOCINO,UNINCORPORATED,-123.19500732421875,39.109027862548828
90796803,2018,2018-08-23,9126,2018-08-14,2220,021838,,2,3,9,2300,0,2,4,,2,005,"CRAWFORD ROAD (CR337H)","BIGGAR LANE",1320.00,S,N,A,-,N,,,,,,,,,,N,2,0,1,2,A,-,11,21954,A,N,G,B,D,A,H,-,D,D,0,Y,,,,Y,,N,60,1,0,0,0,1,0,0,0,0,"- ","- ",39.806350708007812,-123.26233673095703,MENDOCINO,UNINCORPORATED,-123.26232147216797,39.806224822998047
90799228,2018,2018-08-27,9126,2018-06-22,1035,021102,,5,1,9,2300,0,1,3,,2,010,SR-1,"PAGE AND GATES ROAD",9504.00,S,N,A,-,Y,,,1,,,,,,,Y,1,1,0,1,A,-,08,22107,,N,E,I,A,A,H,-,A,D,0,,,Y,,Y,,C,02,0,0,0,0,0,0,0,1,0,"- ","- ",39.849250793457031,-123.73448181152344,MENDOCINO,UNINCORPORATED,-123.73453521728516,39.849239349365234
90801503,2018,2018-08-30,9150,2018-08-22,0015,014435,,3,3,9,2300,0,1,3,,1,064,"SR-1 N/B","CAMP ONE TEN MILE RD",528.00,N,N,A,-,Y,,,1,,,,,,N,Y,2,0,1,1,A,-,01,23152,A,N,E,I,A,A,H,-,D,D,0,,,,,Y,Y,D,22,1,0,0,0,0,0,0,0,0,"- ","- ",39.533008575439453,-123.75868225097656,MENDOCINO,UNINCORPORATED,-123.75856018066406,39.532852172851562
90801695,2018,2018-08-30,9150,2018-08-24,2210,020581,,5,3,9,2300,0,2,4,,2,026,"WESTSIDE POTTER VALLEY ROAD","SPRING VALLEY ROAD",7392.00,S,N,A,-,N,,,,,,,,,,Y,2,0,1,1,A,-,01,23152,A,N,E,I,A,A,H,-,D,D,0,,,,,Y,Y,D,22,1,0,0,0,0,0,0,0,0,"- ","- ",39.288360595703125,-123.10855865478516,MENDOCINO,UNINCORPORATED,-123.10851287841797,39.288383483886719
90810239,2018,2018-09-11,9126,2018-08-03,1630,020706,,5,2,9,2300,0,1,2,,2,055,US-101,"BELL SPRINGS ROAD",950.00,S,N,A,-,Y,,,101,,,,,,,Y,1,1,1,1,A,-,01,23152,F,N,E,I,A,A,H,-,A,D,0,,,,,Y,,A,01,1,0,0,0,0,0,0,0,0,"- ","- ",39.826381683349609,-123.56945037841797,MENDOCINO,UNINCORPORATED,-123.56944274902344,39.826385498046875
90820770,2018,2018-10-01,9126,2018-09-16,1948,020886,,7,2,9,2300,0,1,2,,2,055,US-101,"WOODMAN CREEK",1848.00,N,N,A,-,Y,,,,,,,,,,Y,2,0,2,2,A,-,01,23152,A,N,A,C,A,A,H,-,B,D,0,,,,,Y,Y,A,01,1,1,0,0,0,0,0,0,0,"- ","- ",39.312320709228516,-123.49401092529297,MENDOCINO,UNINCORPORATED,,
90826277,2018,2018-10-02,9150,2018-09-18,2159,021659,,2,2,9,2300,0,1,2,,2,022,"US 101 S/B","MPM 101 MEN 21.75",391.00,S,N,A,-,Y,,,,,,,,,,Y,2,0,3,2,A,-,01,23152,A,N,C,C,A,A,H,-,D,D,0,,,,,Y,Y,A,01,2,0,1,0,0,0,0,0,0,"- ","- ",39.194301605224609,-123.21018981933594,MENDOCINO,UNINCORPORATED,,
90830098,2018,2018-10-05,9150,2018-09-25,0859,022150,,2,1,9,2300,0,1,3,,1,013,"SR 175 W/B","BUCKMAN DR",20592.00,E,N,A,-,Y,,,175,,,,,,W,Y,2,0,1,1,A,-,03,22350,,N,E,I,A,A,H,-,A,D,0,,,,,Y,,A,01,1,0,0,0,0,0,0,0,0,"- ","- ",38.979389190673828,-123.00897216796875,MENDOCINO,UNINCORPORATED,-123.00900268554688,38.979423522949219
90834493,2018,2018-10-12,9150,2018-10-08,1240,021972,,1,1,9,2300,0,1,3,,1,065,"SR-20 W/B",20MEN13.92,47.00,W,N,A,-,Y,,,20,,,,,,W,Y,2,0,3,1,A,-,08,22107,,N,E,I,A,A,H,-,A,D,0,,,,,Y,,A,01,1,0,2,0,0,0,0,0,0,"- ","- ",39.353000640869141,-123.60880279541016,MENDOCINO,UNINCORPORATED,-123.6087646484375,39.353050231933594
90838214,2018,2018-10-17,9150,2018-10-09,0043,021972,,2,3,9,2300,0,3,5,,2,006,"PUDDING CREEK RD","COUNTRY RD",35.00,N,N,A,-,N,,,,,,,,,,Y,2,0,1,1,A,-,01,23152,A,N,E,I,A,A,H,-,D,D,0,,,,,Y,Y,A,01,1,0,0,0,0,0,0,0,0,"- ","- ",39.451000213623047,-123.77870178222656,MENDOCINO,UNINCORPORATED,-123.77916717529297,39.450908660888672
90839135,2018,2018-10-18,9150,2018-10-14,1020,016075,,7,1,9,2300,0,1,2,,2,022,"US-101 S/B","UVA DR.",2112.00,N,N,A,-,Y,,,101,,,,,,S,Y,2,0,1,1,C,-,18,,,N,E,H,A,A,H,-,A,D,0,,,Y,,Y,,-,"- ",1,0,0,0,0,0,0,0,1,"- ","- ",39.272941589355469,-123.2490234375,MENDOCINO,UNINCORPORATED,-123.24903106689453,39.272914886474609
90839281,2018,2018-10-18,9150,2018-08-05,0035,022018,,7,3,9,2300,0,1,3,,1,062,SR-1,"OLD COAST HWY",81.00,S,N,A,-,Y,,,1,,,,,,,N,1,1,0,2,A,-,11,21954,A,N,G,B,D,A,H,-,D,D,0,Y,,,,Y,,N,60,0,0,0,1,0,0,0,0,0,"- ","- ",39.408298492431641,-123.80860137939453,MENDOCINO,UNINCORPORATED,-123.80865478515625,39.408302307128906
90846777,2018,2018-10-26,9150,2018-08-31,0835,021751,,5,1,9,2300,0,1,3,,2,041,"SR-128 E/B","MOUNTAIN HOUSE RD",4118.00,E,N,A,-,Y,,,128,,,,,,E,Y,1,1,0,1,A,-,13,22515,A,N,H,A,A,A,H,-,A,D,0,,,,Y,Y,,G,27,0,0,0,0,0,0,0,0,0,"- ","- ",38.869701385498047,-123.09378814697266,MENDOCINO,UNINCORPORATED,-123.09376525878906,38.869697570800781
90846789,2018,2018-10-26,9150,2018-09-09,1747,020581,,7,2,9,2300,0,3,5,,2,002,"EASTSIDE CALPELLA RD","RT 20",750.00,S,N,A,-,N,,,,,,,,,,Y,1,1,1,1,A,-,01,23152,A,N,E,I,A,A,H,-,A,D,0,,,,,Y,Y,A,01,0,1,0,0,0,0,0,0,0,"- ","- ",39.241279602050781,-123.19831848144531,MENDOCINO,UNINCORPORATED,-123.19826507568359,39.241386413574219
90849145,2018,2018-11-19,9150,2018-10-20,1503,021444,,6,2,9,2300,0,1,3,,1,037,SR-20,"IRMULCO RD",12672.00,W,N,A,-,Y,,,20,,,,,,,Y,2,0,3,2,A,-,05,21460,A,N,A,C,A,A,H,-,A,A,0,,,,,Y,,A,01,1,2,0,0,0,0,0,0,0,"- ","- ",39.375171661376953,-123.49575805664062,MENDOCINO,UNINCORPORATED,-123.49575805664062,39.375171661376953
90854328,2018,2018-11-06,9150,2018-10-25,0131,021890,,4,3,9,2300,0,3,5,,2,002,"EAST SIDE CALPELLA RD","MARINA DR",141.00,N,N,A,-,N,,,,,,,,,,Y,2,0,1,3,A,-,01,23152,A,N,D,C,A,A,H,-,D,D,0,,,,,Y,Y,A,01,1,0,0,0,0,0,0,0,0,"- ","- ",39.231258392333984,-123.199951171875,MENDOCINO,UNINCORPORATED,-123.19985961914062,39.231426239013672
90865613,2018,2018-11-22,9150,2018-11-12,0530,016030,,1,3,9,2300,0,1,3,,1,037,"S.R. 20",SR-1,26242.00,W,N,A,-,Y,,,,,,,,,,Y,2,0,1,1,A,-,01,23152,A,N,E,I,A,A,H,-,D,D,0,,,,,Y,Y,D,22,1,0,0,0,0,0,0,0,0,"- ","- ",39.403251647949219,-123.73989105224609,MENDOCINO,UNINCORPORATED,,
90866150,2018,2018-11-26,9150,2018-11-16,1230,022165,,5,1,9,2300,0,3,5,,2,002,"GIBSON LN","HAWN CREEK RD",2112.00,W,N,A,-,N,,,,,,,,,,N,2,0,2,1,A,-,08,22107,,N,E,I,A,A,H,-,A,D,0,,,Y,,Y,,C,02,1,1,0,0,0,0,0,0,2,"- ","- ",39.336151123046875,-123.13925170898438,MENDOCINO,UNINCORPORATED,-123.13880920410156,39.336128234863281
90867941,2018,2018-11-27,9150,2018-11-13,0055,021958,,2,3,9,2300,0,1,2,,2,022,"101 S/B NORTH OF LAKE MENDOCINO","101 MEN 28.58",500.00,N,N,A,-,Y,,,,,,,,,,Y,2,0,1,1,A,-,08,22107,,N,F,J,A,A,H,-,D,D,0,,,,,Y,,A,07,1,0,0,0,0,0,0,0,0,"- ","- ",39.208671569824219,-123.205322265625,MENDOCINO,UNINCORPORATED,,
90876973,2018,2018-12-06,9150,2018-11-29,1501,021659,,4,2,9,2300,0,1,3,,1,013,"SR 175","MPM 175 MEN 3.08",231.00,W,N,A,-,Y,,,175,,,,,,,Y,2,0,2,2,A,-,08,22107,,N,D,C,A,B,H,-,A,D,0,,,,,Y,,A,01,2,0,0,0,0,0,0,0,0,"- ","- ",38.979061126708984,-123.06730651855469,MENDOCINO,UNINCORPORATED,-123.06730651855469,38.979057312011719
90877656,2018,2018-12-06,9126,2018-11-29,1055,020431,,4,1,9,2300,0,1,2,,1,077,US-101,SR-162,2640.00,N,N,B,C,Y,,,101,,,,,,,Y,2,0,1,1,A,-,08,22107,,N,F,A,A,B,H,-,A,D,0,,,,,Y,,A,01,1,0,0,0,0,0,0,0,0,"- ","- ",39.564910888671875,-123.43485260009766,MENDOCINO,UNINCORPORATED,-123.43478393554688,39.564937591552734
90881099,2018,2018-12-12,9150,2018-12-10,0455,021659,,1,3,9,2300,0,1,2,,1,012,"US 101 S/B","RD 122A",2482.00,N,N,B,-,Y,,,,,,,,,,Y,2,0,1,1,A,-,08,22107,,N,E,I,A,B,H,-,C,D,0,,,,,Y,,A,01,1,0,0,0,0,0,0,0,0,"- ","- ",38.993381500244141,-123.11865234375,MENDOCINO,UNINCORPORATED,,
90881999,2018,2019-03-28,9150,2018-12-04,1129,022150,,2,1,9,2300,0,1,2,,1,031,US-101,"BLACK BART DR",3696.00,N,N,A,-,Y,,,101,,,,,,,Y,1,1,0,1,A,-,08,22107,,N,E,I,A,A,H,-,A,D,0,,,,,Y,,D,22,0,0,0,0,0,0,0,0,0,"- ","- ",39.347381591796875,-123.32148742675781,MENDOCINO,UNINCORPORATED,-123.32147979736328,39.347385406494141
90884976,2018,2018-12-18,9150,2018-12-06,1558,022018,,4,2,9,2300,0,1,3,,1,064,SR-1,"ROCKPORT ST",3696.00,S,N,A,-,Y,,,1,,,,,,,N,2,0,1,1,A,-,03,22350,,N,F,J,A,B,H,-,A,D,0,,,Y,,Y,,C,02,1,0,0,0,0,0,0,0,1,"- ","- ",39.733898162841797,-123.80999755859375,MENDOCINO,UNINCORPORATED,-123.81004333496094,39.733913421630859
90886675,2018,2019-07-16,9150,2018-08-15,0855,016075,,3,1,9,2300,0,1,2,,2,022,"US-101 S/B","REEVES CANYON RD",528.00,N,N,A,-,Y,,,101,,,,,,S,Y,1,2,0,2,A,-,05,21460,A,N,A,C,A,A,H,-,A,D,0,,,,,Y,Y,A,01,0,0,0,0,0,0,0,0,0,"- ","- ",39.276809692382812,-123.25615692138672,MENDOCINO,UNINCORPORATED,-123.25616455078125,39.276798248291016