CASE_ID,ACCIDENT_YEAR,PROC_DATE,JURIS,COLLISION_DATE,COLLISION_TIME,OFFICER_ID,REPORTING_DISTRICT,DAY_OF_WEEK,CHP_SHIFT,POPULATION,CNTY_CITY_LOC,SPECIAL_COND,BEAT_TYPE,CHP_BEAT_TYPE,CITY_DIVISION_LAPD,CHP_BEAT_CLASS,BEAT_NUMBER,PRIMARY_RD,SECONDARY_RD,DISTANCE,DIRECTION,INTERSECTION,WEATHER_1,WEATHER_2,STATE_HWY_IND,CALTRANS_COUNTY,CALTRANS_DISTRICT,STATE_ROUTE,ROUTE_SUFFIX,POSTMILE_PREFIX,POSTMILE,LOCATION_TYPE,RAMP_INTERSECTION,SIDE_OF_HWY,TOW_AWAY,COLLISION_SEVERITY,NUMBER_KILLED,NUMBER_INJURED,PARTY_COUNT,PRIMARY_COLL_FACTOR,PCF_CODE_OF_VIOL,PCF_VIOL_CATEGORY,PCF_VIOLATION,PCF_VIOL_SUBSECTION,HIT_AND_RUN,TYPE_OF_COLLISION,MVIW,PED_ACTION,ROAD_SURFACE,ROAD_COND_1,ROAD_COND_2,LIGHTING,CONTROL_DEVICE,CHP_ROAD_TYPE,PEDESTRIAN_ACCIDENT,BICYCLE_ACCIDENT,MOTORCYCLE_ACCIDENT,TRUCK_ACCIDENT,NOT_PRIVATE_PROPERTY,ALCOHOL_INVOLVED,STWD_VEHTYPE_AT_FAULT,CHP_VEHTYPE_AT_FAULT,COUNT_SEVERE_INJ,COUNT_VISIBLE_INJ,COUNT_COMPLAINT_PAIN,COUNT_PED_KILLED,COUNT_PED_INJURED,COUNT_BICYCLIST_KILLED,COUNT_BICYCLIST_INJURED,COUNT_MC_KILLED,COUNT_MC_INJURED,PRIMARY_RAMP,SECONDARY_RAMP,LATITUDE,LONGITUDE,COUNTY,CITY,POINT_X,POINT_Y
90897665,2018,2019-01-04,9126,2018-10-11,1730,021838,,4,2,9,2300,0,3,5,,2,555,"SPYROCK ROAD (COUNTY ROAD 323)",US-101,30096.00,E,N,A,-,N,,,,,,,,,,Y,1,1,0,2,A,-,01,23152,G,N,A,C,A,A,H,-,A,D,0,,,Y,,Y,Y,C,02,0,0,0,0,0,0,0,1,0,"- ","- ",39.829570770263672,-123.51084136962891,MENDOCINO,UNINCORPORATED,-123.50187683105469,39.811328887939453
90898849,2019,2019-01-07,9126,2019-01-05,1345,022004,,6,1,9,2300,0,1,3,,2,010,SR-1,"USAL ROAD",25872.00,N,N,C,-,Y,,,1,,,,,,,Y,2,0,1,1,A,-,08,22107,,N,E,I,A,B,H,-,A,D,0,,,,,Y,,A,01,1,0,0,0,0,0,0,0,0,"- ","- ",39.809700012207031,-123.7938232421875,MENDOCINO,UNINCORPORATED,-123.79376983642578,39.80963134765625
90908542,2019,2019-01-22,9150,2019-01-01,0032,022025,,2,3,9,2300,0,1,3,,1,065,SR-20,"SANDY LN",528.00,E,N,A,-,Y,,,20,,,,,,,Y,2,0,1,1,A,-,01,23152,A,N,F,I,A,A,H,-,D,D,0,,,,,Y,Y,A,01,1,0,0,0,0,0,0,0,0,"- ","- ",39.416778564453125,-123.79376220703125,MENDOCINO,UNINCORPORATED,-123.79373168945312,39.416835784912109
90916026,2018,2019-03-28,9150,2018-11-23,2036,021444,,5,2,9,2300,0,1,3,,1,037,SR-20,"ROAD 900",12672.00,E,N,C,-,Y,,,20,,,,,,,Y,1,2,1,1,A,-,01,23152,A,N,F,A,A,B,H,-,D,D,0,,,,,Y,,A,01,0,0,1,0,0,0,0,0,0,"- ","- ",39.369430541992188,-123.49742126464844,MENDOCINO,UNINCORPORATED,-123.49742126464844,39.369430541992188
90935364,2018,2019-02-27,9150,2018-11-28,2345,021890,,3,3,9,2300,0,1,3,,1,013,SR-175,US-101,1847.00,E,N,B,-,Y,,,175,,,,,,,Y,1,1,0,1,A,-,08,22107,,N,E,I,A,B,H,-,C,D,0,,,,,Y,,A,01,0,0,0,0,0,0,0,0,0,"- ","- ",38.97113037109375,-123.11363983154297,MENDOCINO,UNINCORPORATED,-123.11363983154297,38.971221923828125
90935422,2019,2019-02-27,9126,2019-02-16,0815,020431,,6,1,9,2300,0,1,3,,2,050,SR-162,"BIGGAR LN",244.00,N,N,B,C,Y,,,162,,,,,,,Y,2,0,1,1,A,-,08,22107,,N,F,A,A,C,H,-,A,D,0,,,,,Y,,D,22,1,0,0,0,0,0,0,0,0,"- ","- ",39.810379028320312,-123.24807739257812,MENDOCINO,UNINCORPORATED,-123.24809265136719,39.810379028320312
90940676,2019,2019-03-06,9126,2019-02-22,1820,020431,,5,2,9,2300,0,1,2,,1,077,"US-101 S/B",SR-162,5280.00,S,N,A,-,Y,,,101,,,,,,S,Y,2,0,1,1,A,-,08,22107,,N,E,I,A,A,H,-,D,D,0,,,,,Y,,A,01,1,0,0,0,0,0,0,0,0,"- ","- ",39.543270111083984,-123.42228698730469,MENDOCINO,UNINCORPORATED,-123.42239379882812,39.543128967285156
90942789,2019,2019-03-08,9150,2019-03-05,0047,021659,,2,3,9,2300,0,1,2,,1,010,"US 101 N/B","COMMISKY STATION RD",10560.00,N,N,A,-,Y,,,,,,,,,,Y,2,0,1,1,A,-,08,22107,,N,E,I,A,A,H,-,C,D,0,,,,,Y,,A,01,1,0,0,0,0,0,0,0,0,"- ","- ",38.913761138916016,-123.05400848388672,MENDOCINO,UNINCORPORATED,-123.05399322509766,38.913745880126953
90944483,2019,2019-03-12,9150,2019-03-03,1931,021527,,7,2,9,2300,0,2,4,,1,018,"SOUTH STATE ST","BEACON LN",300.00,S,N,B,C,N,,,,,,,,,,N,2,0,1,2,A,-,03,22350,,N,G,B,C,B,H,-,D,D,0,Y,,,,Y,,A,07,1,0,0,0,1,0,0,0,0,"- ","- ",39.128280639648438,-123.20442199707031,MENDOCINO,UNINCORPORATED,-123.20441436767578,39.128177642822266
90946201,2019,2019-03-14,9150,2019-03-08,2035,022170,,5,2,9,2300,0,3,5,,2,002,"VICHY SPRINGS RD","OAK MANOR DR",1320.00,E,N,A,-,N,,,,,,,,,,Y,2,0,1,1,A,-,01,23152,A,N,E,I,A,A,H,-,D,D,0,,,,,Y,Y,A,07,1,0,0,0,0,0,0,0,0,"- ","- ",39.153488159179688,-123.18798065185547,MENDOCINO,UNINCORPORATED,-123.18861389160156,39.15313720703125
90954080,2018,2019-04-11,9150,2018-12-30,2200,022165,,7,3,9,2300,0,1,3,,1,037,"SR-20 W/B","CROPLEY LN",3168.00,W,N,B,-,Y,,,20,,,,,,W,Y,1,1,0,1,A,-,08,22107,,N,E,I,A,A,H,-,D,D,0,,,,,Y,,A,07,0,0,0,0,0,0,0,0,0,"- ","- ",39.401618957519531,-123.39051818847656,MENDOCINO,UNINCORPORATED,-123.39025115966797,39.401592254638672
90960519,2019,2019-04-03,9150,2019-02-22,1900,021527,,5,2,9,2300,0,1,2,,1,010,"LAWS AVE","DORA AVE",150.00,S,N,B,-,N,,,,,,,,,,N,2,0,1,2,A,-,03,22350,,N,G,B,F,A,H,-,C,D,0,Y,,,,Y,Y,D,22,1,0,0,0,1,0,0,0,0,"- ","- ",39.126068115234375,-123.20758819580078,MENDOCINO,UNINCORPORATED,-123.20839691162109,39.126029968261719
90963703,2019,2019-04-08,9150,2019-03-27,1405,022276,,3,2,9,2300,0,1,3,,1,051,SR-1,"SCHOONER GULCH RD",25.00,N,N,A,-,Y,,,,,,,,,,Y,2,0,1,2,A,-,09,21801,A,N,A,C,A,A,H,-,A,D,0,,,,,Y,,A,01,1,0,0,0,0,0,0,0,0,"- ","- ",38.775299072265625,-123.53160095214844,MENDOCINO,UNINCORPORATED,-123.65354156494141,38.869297027587891
90979166,2019,2019-06-27,9126,2019-03-11,1151,014469,,1,1,9,2300,0,1,2,,1,077,"US-101 N/B (REDWOOD HIGHWAY)","SHIMMONS RIDGE ROAD",3168.00,N,N,A,-,Y,,,101,,,,,,N,Y,1,1,2,2,A,-,01,23152,A,N,E,I,A,A,H,-,A,D,0,,,,Y,Y,Y,A,01,2,0,0,0,0,0,0,0,0,"- ","- ",39.522060394287109,-123.39350128173828,MENDOCINO,UNINCORPORATED,-123.39346313476562,39.522106170654297
90989792,2019,2019-05-16,9150,2019-05-04,1338,021589,,6,1,9,2300,0,1,3,,2,041,SR-128,"MOUNTAIN HOUSE RD",10560.00,W,N,A,-,Y,,,128,,,,,,,Y,2,0,1,1,A,-,01,23152,A,N,E,I,A,A,H,-,A,D,0,,,Y,,Y,Y,C,02,1,0,0,0,0,0,0,0,1,"- ","- ",38.883090972900391,-123.13488006591797,MENDOCINO,UNINCORPORATED,-123.13491058349609,38.883098602294922
90998577,2019,2019-06-17,9126,2019-05-17,2155,022033,,5,2,9,2300,0,2,4,,1,001,"BRANSCOMB ROAD","MUD CREEK SPRINGS ROAD",9979.00,W,N,B,-,N,,,,,,,,,,Y,2,0,1,1,A,-,01,23152,F,N,E,I,A,A,H,-,D,D,0,,,,,Y,,A,07,1,0,0,0,0,0,0,0,0,"- ","- ",39.657688140869141,-123.63657379150391,MENDOCINO,UNINCORPORATED,-123.63662719726562,39.657649993896484
91002562,2019,2019-08-21,9150,2019-05-20,1425,022018,,1,2,2,2301,0,1,3,,1,064,SR-1,"JANE LANE",300.00,N,N,A,-,Y,,,1,,,,,,,Y,2,0,2,2,A,-,08,22107,,N,A,C,A,A,H,-,A,D,0,,,,,Y,,A,07,2,0,0,0,0,0,0,0,0,"- ","- ",39.470798492431641,-123.79859924316406,MENDOCINO,"FORT BRAGG",-123.79862213134766,39.470821380615234
91003106,2019,2019-06-04,9150,2019-05-25,0830,021958,,6,1,9,2300,0,1,2,,2,022,"US-101 S/B N/O SR-20","SR-20 E/B",2112.00,N,N,A,-,Y,,,101,,,,,,S,Y,2,0,2,1,A,-,01,23152,F,N,F,A,A,A,H,-,A,D,0,,,,,Y,,D,22,2,0,0,0,0,0,0,0,0,"- ","- ",39.246391296386719,-123.20852661132812,MENDOCINO,UNINCORPORATED,-123.20877075195312,39.246257781982422
91003246,2019,2019-06-04,9150,2019-05-26,1906,022156,,7,2,9,2300,0,3,5,,2,006,"LITTLE RIVER-AIRPORT RD",SR-1,1584.00,E,N,B,-,N,,,,,,,,,,Y,2,0,1,1,A,-,01,23152,A,N,E,I,A,A,H,-,A,D,0,,,,,Y,Y,A,07,1,0,0,0,0,0,0,0,0,"- ","- ",39.269001007080078,-123.78247833251953,MENDOCINO,UNINCORPORATED,-123.78174591064453,39.269306182861328
91011150,2019,2019-06-20,9126,2019-06-08,1345,021929,,6,1,9,2300,0,1,2,,2,011,US-101,"ARNETTE DRIVE",220.00,N,N,A,-,Y,,,101,,,,,,,Y,1,1,0,2,A,-,03,22350,,N,C,C,A,A,H,-,A,D,0,,,Y,,Y,,C,02,0,0,0,0,0,0,0,1,0,"- ","- ",39.878101348876953,-123.72846221923828,MENDOCINO,UNINCORPORATED,-123.72846221923828,39.8780517578125
91012718,2019,2019-06-18,9126,2019-06-06,1350,021919,,4,1,9,2300,0,1,2,,2,011,"US-101 NORTHBOUND","CUMMINGS ROAD",250.00,N,N,A,-,Y,,,101,,,,,,N,Y,2,0,1,1,A,-,08,22107,,N,F,A,A,A,H,-,A,D,0,,,Y,,Y,,C,02,1,0,0,0,0,0,0,0,1,"- ","- ",39.834648132324219,-123.63337707519531,MENDOCINO,UNINCORPORATED,-123.63337707519531,39.834629058837891
91012810,2019,2019-06-18,9126,2019-06-03,1920,021838,,1,2,9,2300,0,1,2,,1,077,US-101,"TWIN PINE ROAD",580.00,S,N,A,-,Y,,,101,,,,,,,Y,2,0,2,1,A,-,08,22107,,N,E,I,A,A,H,-,A,D,0,,,,,Y,,A,07,1,1,0,0,0,0,0,0,0,"- ","- ",39.644851684570312,-123.47461700439453,MENDOCINO,UNINCORPORATED,-123.47473907470703,39.644779205322266
91017557,2019,2019-06-25,9126,2019-01-21,1750,021838,,1,2,9,2300,0,2,4,,2,005,"SR-162 (COVELO ROAD)","FRAZIER LANE",1056.00,E,N,A,-,N,,,162,,,,,,,N,1,1,0,2,A,-,03,22350,,F,C,G,A,A,H,-,D,D,0,,Y,,,Y,,D,22,0,0,0,0,0,1,0,0,0,"- ","- ",39.816650390625,-123.22055053710938,MENDOCINO,UNINCORPORATED,-123.22055053710938,39.816749572753906
91018322,2019,2019-06-26,9126,2019-06-18,1630,020431,,2,2,9,2300,0,1,3,,2,050,SR-162,"POONKINNEY RD",10560.00,W,N,A,-,Y,,,162,,,,,,,Y,2,0,2,1,A,-,08,22107,,N,E,I,A,A,H,-,A,D,0,,,,,Y,Y,A,07,1,1,0,0,0,0,0,0,0,"- ","- ",39.738861083984375,-123.25840759277344,MENDOCINO,UNINCORPORATED,-123.25841522216797,39.738853454589844
91018502,2019,2019-06-26,9126,2019-06-19,1630,021838,,3,2,9,2300,0,1,2,,2,055,US-101,"BELL SPRINGS ROAD",950.00,S,N,A,-,Y,,,101,,,,,,,N,2,0,2,1,A,-,01,23152,A,N,E,I,A,A,H,-,A,D,0,,,,,Y,Y,D,22,2,0,0,0,0,0,0,0,0,"- ","- ",39.825771331787109,-123.56958770751953,MENDOCINO,UNINCORPORATED,-123.56922149658203,39.826190948486328
91018506,2019,2019-06-26,9126,2019-06-05,1740,021838,,3,2,9,2300,0,3,5,,2,111,"NORTH MAIN STREET","CASTEEL LANE",990.00,N,N,A,-,N,,,,,,,,,,N,2,0,1,2,A,-,11,21954,A,N,G,B,D,A,H,-,A,D,0,Y,,,,Y,,N,60,1,0,0,0,1,0,0,0,0,"- ","- ",39.421310424804688,-123.35478973388672,MENDOCINO,UNINCORPORATED,-123.35486602783203,39.421298980712891
91019443,2019,2019-06-27,9150,2019-06-17,1201,016075,,1,1,9,2300,0,1,3,,1,037,SR-20,"CHAMBERLAIN CREEK",27456.00,E,N,A,-,Y,,,20,,,,,,,Y,2,0,2,2,A,-,05,21460,A,N,D,C,A,A,H,-,A,D,0,,,,Y,Y,,G,25,1,1,0,0,0,0,0,0,0,"- ","- ",39.390880584716797,-123.46769714355469,MENDOCINO,UNINCORPORATED,-123.46768188476562,39.390861511230469
91022212,2019,2019-07-01,9150,2019-06-09,1420,022018,,7,2,9,2300,0,3,5,,2,006,"HIGHWAY 128",128MEN10.64,17.00,W,N,A,-,Y,,,,,,,,,,Y,2,0,1,1,A,-,03,22350,,N,E,I,A,A,H,-,A,D,0,,,Y,,Y,,C,02,1,0,0,0,0,0,0,0,1,"- ","- ",39.157798767089844,-123.59349822998047,MENDOCINO,UNINCORPORATED,,
91027455,2019,2019-07-09,9150,2019-06-27,1645,022156,,4,2,2,2301,0,1,3,,1,052,"SR-1 N/B","ELK CREEK",1742.00,S,N,A,-,Y,,,,,,,,,,Y,2,0,2,1,A,-,08,22107,,N,F,I,A,A,B,-,A,D,0,,,Y,,Y,,C,02,1,1,0,0,0,0,0,0,2,"- ","- ",39.100681304931641,-123.70468139648438,MENDOCINO,"FORT BRAGG",,
91029562,2019,2019-07-12,9150,2019-07-04,1016,022257,,4,1,2,2304,0,1,3,,1,037,"SR-20 WEST",".55 MILES OF JAMES CREEK ROAD",0.00,,Y,A,-,Y,,,,,,,,,,Y,2,0,2,1,A,-,08,22107,,N,F,A,A,A,H,-,A,D,0,,,Y,,Y,,C,02,1,1,0,0,0,0,0,0,2,"- ","- ",39.369731903076172,-123.49755096435547,MENDOCINO,WILLITS,,
91036256,2019,2019-07-26,9150,2019-05-28,2500,021444,,2,4,9,2300,0,1,2,,1,010,US-101,"COMMISKY STATION RD",10032.00,S,N,A,-,Y,,,101,,,,,,,Y,1,1,0,1,A,-,08,22107,,N,E,I,A,A,D,-,A,A,0,,,,,Y,,A,01,0,0,0,0,0,0,0,0,0,"- ","- ",38.914730072021484,-123.05574035644531,MENDOCINO,UNINCORPORATED,-123.05568695068359,38.914817810058594
91040381,2019,2019-07-29,9126,2019-07-18,1240,020886,,4,1,9,2300,0,2,4,,2,005,"EAST LANE","HILL ROAD",792.00,W,N,A,-,N,,,,,,,,,,Y,2,0,1,1,A,-,08,22107,,N,E,I,A,A,H,-,A,D,0,,,,,Y,Y,D,22,1,0,0,0,0,0,0,0,0,"- ","- ",39.79425048828125,-123.1873779296875,MENDOCINO,UNINCORPORATED,-123.18822479248047,39.794292449951172
91040503,2019,2019-07-29,9150,2019-07-16,1800,022018,,2,2,9,2300,0,3,5,,2,005,"IVERSEN ROAD",503MEN4.14,250.00,W,N,A,-,N,,,,,,,,,,Y,2,0,1,1,A,-,08,22107,,N,A,I,A,A,H,-,A,D,0,,,,,Y,,A,07,1,0,0,0,0,0,0,0,0,"- ","- ",38.858699798583984,-123.61759948730469,MENDOCINO,UNINCORPORATED,,
91040549,2019,2019-07-29,9150,2019-07-17,1945,021527,,3,2,9,2300,0,1,3,,2,042,SR-128,"GREENWOOD RD",2112.00,W,N,A,-,Y,,,128,,,,,,,Y,2,0,1,1,A,-,03,22349,A,N,E,I,A,A,H,-,A,D,0,,,,,Y,,A,01,1,0,0,0,0,0,0,0,0,"- ","- ",39.095241546630859,-123.48255920410156,MENDOCINO,UNINCORPORATED,-123.48258972167969,39.09521484375
91040971,2019,2019-07-29,9150,2019-07-22,1120,014435,,1,1,9,2300,0,1,3,,1,062,SR-1,SR-20,528.00,S,N,B,-,Y,,,1,,,,,,,N,2,0,1,2,A,-,11,21954,A,N,G,B,D,A,H,-,A,D,0,Y,,,,Y,,N,60,1,0,0,0,1,0,0,0,0,"- ","- ",39.418289184570312,-123.80809783935547,MENDOCINO,UNINCORPORATED,-123.80806732177734,39.418289184570312
91041054,2019,2019-07-29,9150,2019-06-27,2135,022156,,4,2,2,2301,0,1,3,,1,065,SR-20,"BENSON LN.",0.00,,Y,A,-,Y,,,,,,,,,,Y,2,0,3,1,A,-,03,22350,,F,E,I,A,A,H,-,D,D,0,,,,,Y,Y,A,01,2,1,0,0,0,0,0,0,0,"- ","- ",39.415428161621094,-123.77802276611328,MENDOCINO,"FORT BRAGG",,
91043823,2019,2019-08-01,9126,2019-07-22,0417,022033,,1,3,9,2300,0,1,2,,1,077,"US-101 S/B","SHIMMONS RIDGE ROAD",5016.00,N,N,A,-,Y,,,101,,,,,,S,Y,2,0,1,1,A,-,08,22107,,N,E,I,A,A,H,-,D,D,0,,,,,Y,,A,01,1,0,0,0,0,0,0,0,0,"- ","- ",39.523239135742188,-123.39778137207031,MENDOCINO,UNINCORPORATED,-123.39775848388672,39.523281097412109
91044521,2019,2019-08-02,9126,2019-07-04,1925,022033,,4,2,9,2300,0,2,4,,1,001,"BRANSCOMB ROAD","RODNEY WAY",3696.00,E,N,A,-,N,,,,,,,,,,Y,1,1,3,2,A,-,01,23152,F,N,A,C,A,A,H,-,A,D,0,,,,,Y,Y,D,22,1,2,0,0,0,0,0,0,0,"- ","- ",39.634708404541016,-123.52780914306641,MENDOCINO,UNINCORPORATED,-123.52716827392578,39.652374267578125
91052726,2019,2019-08-15,9150,2019-07-26,1020,022150,,5,1,9,2300,0,3,5,,2,001,"EUREKA HILL RD","PITTS PKY",5808.00,W,N,A,-,N,,,,,,,,,,Y,2,0,2,1,A,-,03,22350,,N,E,I,A,A,H,-,A,D,0,,,,Y,Y,,G,27,1,1,0,0,0,0,0,0,0,"- ","- ",38.910049438476562,-123.58052062988281,MENDOCINO,UNINCORPORATED,-123.58024597167969,38.909805297851562
91054396,2019,2019-08-19,9150,2019-08-10,2130,021972,,6,2,9,2300,0,3,5,,2,006,"SIMPSON LN","HILLS O HOME LN",341.00,W,N,A,-,N,,,,,,,,,,N,2,0,1,2,A,-,08,22107,,F,G,B,F,A,H,-,D,A,0,Y,,,,Y,Y,-,99,1,0,0,0,1,0,0,0,0,"- ","- ",39.397201538085938,-123.78209686279297,MENDOCINO,UNINCORPORATED,-123.78218078613281,39.397174835205078
91055798,2019,2019-08-20,9126,2019-08-10,2105,020886,,6,2,9,2300,0,2,4,,1,001,"BRANSCOMB RD","BRAGDON ROAD",260.00,W,N,A,-,N,,,,,,,,,,N,2,0,1,1,C,-,18,,,N,H,H,A,A,H,-,D,D,0,,,Y,,Y,,-,"- ",1,0,0,0,0,0,0,0,1,"- ","- ",39.685050964355469,-123.49519348144531,MENDOCINO,UNINCORPORATED,-123.49517059326172,39.685691833496094
91056190,2019,2019-08-21,9150,2019-08-18,1155,022257,,7,1,9,2300,0,1,2,,1,010,SR-128,"MOUNTAIN HOUSE RD",3960.00,E,N,A,-,Y,,,,,,,,,,Y,2,0,1,1,A,-,08,22107,,N,F,A,A,A,H,-,A,D,0,,,Y,,Y,,C,02,1,0,0,0,0,0,0,0,1,"- ","- ",38.869258880615234,-123.00936889648438,MENDOCINO,UNINCORPORATED,-123.09429168701172,38.870014190673828
91056252,2019,2019-08-21,9126,2019-08-09,1500,020431,,5,2,9,2300,0,1,3,,2,050,SR-162,"8 MILE BRIDGE",2640.00,E,N,A,-,Y,,,162,,,,,,,Y,2,0,1,1,A,-,08,22107,,N,E,I,A,A,H,-,A,D,0,,,,,Y,,D,22,1,0,0,0,0,0,0,0,0,"- ","- ",39.628921508789062,-123.34378051757812,MENDOCINO,UNINCORPORATED,-123.34374237060547,39.628921508789062
91056413,2019,2019-08-21,9126,2019-08-14,1300,020431,,3,1,9,2300,0,3,5,,2,555,"HEARST WILLITS ROAD","BRAY ROAD",260.00,E,N,A,-,N,,,,,,,,,,Y,2,0,1,1,A,-,08,22107,,N,E,I,A,A,H,-,A,D,0,,,,,Y,,A,01,1,0,0,0,0,0,0,0,0,"- ","- ",39.413280487060547,-123.33538818359375,MENDOCINO,UNINCORPORATED,-123.33531951904297,39.413249969482422
91058432,2019,2019-08-23,9150,2019-05-25,0907,022150,,6,1,9,2300,0,1,3,,1,062,SR-1,"ROAD 500D",0.00,,Y,A,-,Y,,,1,,,,,,,Y,1,1,1,2,A,-,01,23152,F,N,D,C,A,A,H,-,A,D,0,,,,,Y,,A,01,0,1,0,0,0,0,0,0,0,"- ","- ",39.320911407470703,-123.80078125,MENDOCINO,UNINCORPORATED,-123.80075836181641,39.320919036865234
91067226,2019,2019-09-04,9126,2019-08-25,1650,021838,,7,2,9,2300,0,2,4,,2,070,"SHERWOOD ROAD (CR311)","POPPY DRIVE",3168.00,N,N,A,-,N,,,,,,,,,,Y,2,0,1,1,A,-,01,23152,A,N,E,I,A,A,H,-,A,D,0,,,,,Y,Y,D,22,1,0,0,0,0,0,0,0,0,"- ","- ",39.465831756591797,-123.3948974609375,MENDOCINO,UNINCORPORATED,-123.39441680908203,39.465431213378906
91068462,2019,2019-09-05,9126,2019-08-30,0325,020886,,5,3,9,2300,0,1,2,,2,055,US-101,"SPYROCK RD",2376.00,S,N,A,-,Y,,,101,,,,,,,Y,2,0,1,1,A,-,01,23152,A,N,E,I,A,A,H,-,D,D,0,,,,,Y,Y,D,22,1,0,0,0,0,0,0,0,0,"- ","- ",39.791648864746094,-123.54239654541016,MENDOCINO,UNINCORPORATED,-123.54249572753906,39.791652679443359
9106973,2020,2020-12-02,2301,2020-08-22,1353,66,2301,6,5,2,2301,0,0,0,,0,,"RT 1","WALNUT ST",224.00,N,N,A,-,Y,MEN,1,1,-,-,60.850,H,-,N,N,2,0,1,2,A,-,04,21703,,N,C,C,A,A,H,-,A,D,0,,,Y,,Y,,C,02,1,0,0,0,0,0,0,0,1,"- ","- ",,,MENDOCINO,"FORT BRAGG",-123.80609130859375,39.435222625732422
91071450,2019,2019-09-10,9150,2019-08-30,1800,022156,,5,2,2,2301,0,1,3,,1,064,"SR-1 N/B","OLD COAST HWY",870.00,N,N,A,-,Y,,,,,,,,,,Y,2,0,1,1,C,-,18,,,N,E,I,A,A,H,-,A,D,0,,,,,Y,,-,"- ",1,0,0,0,0,0,0,0,0,"- ","- ",39.557910919189453,-123.76557922363281,MENDOCINO,"FORT BRAGG",-123.80850982666016,39.410587310791016
91077392,2019,2019-09-18,9150,2019-07-07,0042,022156,,7,3,2,2301,0,1,3,,1,062,"SR-1 S/B (SHORELINE HWY 18100 BLOCK)","OCEAN DR.",190.00,N,N,A,-,Y,,,,,,,,,,Y,1,1,0,2,A,-,11,21954,A,N,G,B,D,A,H,-,D,D,0,Y,,,,Y,,N,60,0,0,0,1,0,0,0,0,0,"- ","- ",39.407520294189453,-123.80876159667969,MENDOCINO,"FORT BRAGG",-123.53242492675781,38.770656585693359
91077436,2019,2019-09-18,9150,2019-09-08,0013,021804,,7,3,9,2300,0,1,3,,1,037,"N/B US-101","MARIPOSA CREEK RD",1056.00,S,N,A,-,Y,,,101,,,,,,,Y,2,0,5,1,A,-,01,23153,A,N,E,I,A,A,H,-,E,D,0,,,,,Y,Y,A,01,1,3,1,0,0,0,0,0,0,"- ","- ",39.333358764648438,-123.30397033691406,MENDOCINO,UNINCORPORATED,-123.303955078125,39.333354949951172
91077553,2019,2019-09-18,9150,2019-09-11,0955,015775,,3,1,9,2300,0,1,3,,2,042,SR-128,SR-253,95.00,W,N,A,-,Y,,,128,,,,,,,Y,2,0,3,2,A,-,05,21460,A,N,B,C,A,A,H,-,A,D,0,,,,Y,Y,,A,01,1,1,1,0,0,0,0,0,0,"- ","- ",39.001140594482422,-123.36081695556641,MENDOCINO,UNINCORPORATED,-123.3604736328125,39.001468658447266
91083573,2019,2019-09-26,9126,2019-09-20,1145,020431,,5,1,9,2300,0,1,2,,2,055,US-101,"WOODRUFF ROAD",9240.00,N,N,A,-,Y,,,101,,,,,,,Y,2,0,1,1,A,-,03,22350,,N,E,I,A,A,H,-,A,D,0,,,Y,,Y,,C,02,1,0,0,0,0,0,0,0,1,"- ","- ",39.74871826171875,-123.53005981445312,MENDOCINO,UNINCORPORATED,-123.53007507324219,39.748687744140625
91109898,2019,2019-10-30,9150,2019-10-19,1503,022060,,6,2,9,2300,0,1,3,,2,061,SR-128,"FLYNN CREEK RD",13200.00,W,N,A,-,Y,,,128,,,,,,,Y,2,0,3,1,A,-,03,22350,,N,E,I,A,B,H,-,A,D,0,,,,,Y,,A,01,1,0,2,0,0,0,0,0,0,"- ","- ",39.156078338623047,-123.626708984375,MENDOCINO,UNINCORPORATED,-123.62669372558594,39.155845642089844
91111082,2019,2019-10-31,9150,2019-10-17,1451,021890,,4,2,9,2300,0,2,4,,2,025,"CENTRAL AVE","MOORE ST",2112.00,N,N,A,-,N,,,,,,,,,,Y,2,0,2,2,A,-,01,23152,A,N,B,C,A,A,H,-,A,D,0,,,Y,,Y,Y,C,02,1,1,0,0,0,0,0,0,1,"- ","- ",39.24163818359375,-123.20880889892578,MENDOCINO,UNINCORPORATED,-123.2093505859375,39.24005126953125
91119209,2019,2019-11-13,9150,2019-11-07,0925,015775,,4,1,9,2300,0,1,3,,2,042,SR-128,"BLATTNER RD",0.00,,N,A,-,Y,,,128,,,,,,,Y,2,0,1,1,A,-,08,22107,,N,E,I,A,A,H,-,A,D,0,,,,,Y,,D,22,1,0,0,0,0,0,0,0,0,"- ","- ",39.067600250244141,-123.45240020751953,MENDOCINO,UNINCORPORATED,-123.45238494873047,39.067623138427734