CASE_ID,ACCIDENT_YEAR,PROC_DATE,JURIS,COLLISION_DATE,COLLISION_TIME,OFFICER_ID,REPORTING_DISTRICT,DAY_OF_WEEK,CHP_SHIFT,POPULATION,CNTY_CITY_LOC,SPECIAL_COND,BEAT_TYPE,CHP_BEAT_TYPE,CITY_DIVISION_LAPD,CHP_BEAT_CLASS,BEAT_NUMBER,PRIMARY_RD,SECONDARY_RD,DISTANCE,DIRECTION,INTERSECTION,WEATHER_1,WEATHER_2,STATE_HWY_IND,CALTRANS_COUNTY,CALTRANS_DISTRICT,STATE_ROUTE,ROUTE_SUFFIX,POSTMILE_PREFIX,POSTMILE,LOCATION_TYPE,RAMP_INTERSECTION,SIDE_OF_HWY,TOW_AWAY,COLLISION_SEVERITY,NUMBER_KILLED,NUMBER_INJURED,PARTY_COUNT,PRIMARY_COLL_FACTOR,PCF_CODE_OF_VIOL,PCF_VIOL_CATEGORY,PCF_VIOLATION,PCF_VIOL_SUBSECTION,HIT_AND_RUN,TYPE_OF_COLLISION,MVIW,PED_ACTION,ROAD_SURFACE,ROAD_COND_1,ROAD_COND_2,LIGHTING,CONTROL_DEVICE,CHP_ROAD_TYPE,PEDESTRIAN_ACCIDENT,BICYCLE_ACCIDENT,MOTORCYCLE_ACCIDENT,TRUCK_ACCIDENT,NOT_PRIVATE_PROPERTY,ALCOHOL_INVOLVED,STWD_VEHTYPE_AT_FAULT,CHP_VEHTYPE_AT_FAULT,COUNT_SEVERE_INJ,COUNT_VISIBLE_INJ,COUNT_COMPLAINT_PAIN,COUNT_PED_KILLED,COUNT_PED_INJURED,COUNT_BICYCLIST_KILLED,COUNT_BICYCLIST_INJURED,COUNT_MC_KILLED,COUNT_MC_INJURED,PRIMARY_RAMP,SECONDARY_RAMP,LATITUDE,LONGITUDE,COUNTY,CITY,POINT_X,POINT_Y
91125118,2019,2019-11-20,9150,2019-11-10,1826,022359,,7,2,9,2300,0,3,5,,2,003,"VALLEY ROAD","DAVIS LANE",300.00,E,N,A,-,N,,,,,,,,,,Y,2,0,1,2,A,-,09,21801,A,N,B,C,A,A,H,-,C,D,0,,,Y,,Y,,A,07,1,0,0,0,0,0,0,0,1,"- ","- ",39.413131713867188,-123.31479644775391,MENDOCINO,UNINCORPORATED,-123.31482696533203,39.413131713867188
91129812,2019,2019-11-26,9126,2019-11-19,2135,022420,,2,2,9,2300,0,1,2,,1,077,US-101,"VINCENT LN",1056.00,S,N,A,-,Y,,,101,,,,,,,Y,2,0,1,1,A,-,08,22107,,N,E,I,A,A,H,-,D,D,0,,,,,Y,,D,22,1,0,0,0,0,0,0,0,0,"- ","- ",39.660690307617188,-123.47734069824219,MENDOCINO,UNINCORPORATED,-123.47726440429688,39.660640716552734
91130391,2019,2019-11-26,9150,2019-11-16,1035,022165,,6,1,9,2300,0,2,4,,1,023,"SR-20 E/B","COUNTY ROAD 144",1426.00,E,N,A,-,Y,,,20,,,,,,E,Y,2,0,1,1,A,-,03,22350,,N,F,A,A,A,H,-,A,D,0,,,Y,,Y,,C,02,1,0,0,0,0,0,0,0,1,"- ","- ",39.239479064941406,-123.19257354736328,MENDOCINO,UNINCORPORATED,-123.19256591796875,39.239490509033203
91131186,2019,2019-11-27,9126,2019-09-24,2140,021838,,2,2,9,2300,0,2,4,,2,070,"SHERWOOD ROAD (COUNTY ROAD 311)","BIRCH STREET",2640.00,S,N,A,-,N,,,,,,,,,,Y,1,1,0,1,A,-,01,23152,G,N,E,J,A,A,H,-,D,D,0,,,,,Y,Y,D,23,0,0,0,0,0,0,0,0,0,"- ","- ",39.426841735839844,-123.36521911621094,MENDOCINO,UNINCORPORATED,-123.36823272705078,39.427402496337891
91134287,2019,2019-12-03,9126,2019-09-20,0600,020431,,5,1,9,2300,0,1,2,,2,055,US-101,"WOODRUFF ROAD",1848.00,N,N,A,-,Y,,,101,,,,,,,Y,1,1,0,1,A,-,01,23152,F,N,E,I,A,A,D,-,D,D,0,,,,Y,Y,,G,25,0,0,0,0,0,0,0,0,0,"- ","- ",39.734199523925781,-123.51300048828125,MENDOCINO,UNINCORPORATED,-123.51308441162109,39.734142303466797
91136543,2019,2019-12-05,9126,2019-11-30,1432,022420,,6,2,9,2300,0,1,2,,2,011,US-101,SR-1,528.00,S,N,B,C,Y,,,101,,,,,,,Y,2,0,1,1,A,-,08,22107,,N,E,I,A,B,H,-,A,D,0,,,,,Y,,A,01,1,0,0,0,0,0,0,0,0,"- ","- ",39.866260528564453,-123.71298980712891,MENDOCINO,UNINCORPORATED,-123.71302795410156,39.866241455078125
91141084,2019,2019-12-11,9150,2019-12-03,2239,021659,,2,3,9,2300,0,3,5,,2,002,"MILL CREEK RD","PETERSON LN",3062.00,E,N,A,-,N,,,,,,,,,,Y,2,0,3,1,A,-,01,23153,A,N,E,I,A,B,H,-,D,A,0,,,,,Y,Y,A,01,1,1,1,0,0,0,0,0,0,"- ","- ",39.131301879882812,-123.13649749755859,MENDOCINO,UNINCORPORATED,-123.13652801513672,39.131309509277344
91155816,2019,2019-12-30,9150,2019-12-20,1805,020581,,5,2,9,2300,0,1,3,,1,024,"RT 20","EASTSIDE POTTER VALLEY ROAD",16896.00,E,N,B,-,Y,,,20,,,,,,,Y,2,0,3,2,A,-,01,23153,A,N,A,C,A,A,H,-,D,D,0,,,,Y,Y,Y,A,01,2,0,1,0,0,0,0,0,0,"- ","- ",39.217861175537109,-123.08106231689453,MENDOCINO,UNINCORPORATED,-123.08104705810547,39.217872619628906
91161659,2020,2020-01-08,9150,2020-01-01,2106,022359,,3,2,9,2300,0,1,2,,1,031,US-101,101MEN41.57,89.00,N,N,A,-,Y,,,101,,,,,,,Y,2,0,1,1,A,-,01,23152,A,N,F,A,A,A,H,-,D,D,0,,,,,Y,Y,A,01,1,0,0,0,0,0,0,0,0,"- ","- ",39.347488403320312,-123.3214111328125,MENDOCINO,UNINCORPORATED,-123.32144165039062,39.347469329833984
91167148,2020,2020-01-16,9126,2020-01-06,2115,020886,,1,2,9,2300,0,1,2,,1,077,US-101,"SHERWOOD ROAD",5808.00,N,N,B,-,Y,,,,,,,,,,Y,2,0,2,1,A,-,01,23152,G,N,F,A,A,A,H,-,D,D,0,,,,,Y,Y,A,07,2,0,0,0,0,0,0,0,0,"- ","- ",,,MENDOCINO,UNINCORPORATED,-123.4591064453125,39.610996246337891
91167604,2020,2020-01-17,9150,2020-01-10,0155,021804,,5,3,9,2300,0,1,3,,1,013,"SR-175 E/B","BUCKMAN DR",1584.00,E,N,A,-,Y,,,175,,,,,,E,Y,2,0,1,1,A,-,08,22107,,N,E,I,A,A,H,-,D,D,0,,,,,Y,,A,07,1,0,0,0,0,0,0,0,0,"- ","- ",38.976840972900391,-123.05191040039062,MENDOCINO,UNINCORPORATED,-123.05192565917969,38.976772308349609
91175568,2020,2020-01-28,9150,2020-01-24,1050,021972,,5,1,9,2300,0,3,5,,2,002,"VICHY SPRINGS RD","WATSON RD",236.00,N,N,B,-,N,,,,,,,,,,Y,2,0,1,1,A,-,01,23152,A,N,E,I,A,B,H,-,A,D,0,,,,,Y,Y,A,01,1,0,0,0,0,0,0,0,0,"- ","- ",39.156501770019531,-123.18360137939453,MENDOCINO,UNINCORPORATED,-123.1834716796875,39.156455993652344
91176862,2019,2020-01-30,9150,2019-11-19,2131,021444,,2,2,9,2300,0,1,2,,2,022,US-101,"LAKE MENDOCINO DR",1003.00,N,N,A,-,Y,,,101,,,,,,,Y,1,2,1,1,A,-,08,22107,,N,E,I,A,A,H,-,C,D,0,,,,,Y,,A,07,0,1,0,0,0,0,0,0,0,"- ","- ",39.194190979003906,-123.20989227294922,MENDOCINO,UNINCORPORATED,-123.21001434326172,39.1942138671875
91176883,2019,2020-01-30,9150,2019-11-09,2500,021972,,6,4,9,2300,0,3,5,,2,005,"OLD STAGE RD","GUALALA CT",528.00,N,N,E,-,N,,,,,,,,,,Y,1,2,0,1,A,-,01,23152,A,N,E,I,A,B,H,-,D,D,0,,,,,Y,Y,A,01,0,0,0,0,0,0,0,0,0,"- ","- ",38.779598236083984,-123.51399993896484,MENDOCINO,UNINCORPORATED,-123.51409149169922,38.77947998046875
91184525,2020,2020-02-11,9126,2020-02-03,0405,022033,,1,3,9,2300,0,1,3,,2,050,SR-162,"WATTENBURG ROAD",225.00,W,N,B,-,Y,,,162,,,,,,,Y,2,0,1,1,A,-,08,22107,,N,E,I,A,A,H,-,D,D,0,,,,,Y,Y,A,07,1,0,0,0,0,0,0,0,0,"- ","- ",39.779949188232422,-123.24813842773438,MENDOCINO,UNINCORPORATED,-123.24819946289062,39.779949188232422
91193941,2020,2020-02-26,9150,2020-02-20,0805,015775,,4,1,9,2300,0,1,2,,1,010,US-101,"LA FRANCHI RD",0.00,,N,A,-,Y,,,101,,,,,,,Y,2,0,3,4,A,-,08,22107,,N,B,C,A,A,H,-,A,D,0,,,,Y,Y,,D,22,1,0,2,0,0,0,0,0,0,"- ","- ",38.955478668212891,-123.10629272460938,MENDOCINO,UNINCORPORATED,-123.10627746582031,38.955509185791016
91198619,2020,2020-02-28,9150,2020-02-21,1447,020581,,5,2,9,2300,0,1,3,,2,041,"SR 128","HULBERT RD",4488.00,W,N,A,-,Y,,,128,,,,,,,Y,2,0,1,1,A,-,08,22107,,N,E,I,A,A,H,-,A,D,0,,,,,Y,,D,22,1,0,0,0,0,0,0,0,0,"- ","- ",38.913700103759766,-123.24559783935547,MENDOCINO,UNINCORPORATED,-123.24564361572266,38.913673400878906
91200913,2020,2020-03-03,9150,2020-02-25,2008,020581,,2,2,3,2303,0,1,3,,1,015,"RT 253","SHEPARD LN",2112.00,E,N,A,-,Y,,,,,,,,,,Y,2,0,1,1,A,-,01,23152,F,N,E,I,A,A,H,-,D,D,0,,,,,Y,,D,22,1,0,0,0,0,0,0,0,0,"- ","- ",39.098400115966797,-123.20800018310547,MENDOCINO,UKIAH,,
91202751,2020,2020-03-05,9126,2020-02-28,1250,020431,,5,1,9,2300,0,1,2,,2,055,US-101,"ROAD 307 / FISHERMAN'S ROAD",0.00,,Y,A,-,Y,,,101,,,,,,,Y,2,0,1,2,A,-,09,21802,A,N,D,C,A,A,H,-,A,A,0,,,Y,,Y,,D,22,1,0,0,0,0,0,0,0,1,"- ","- ",39.707889556884766,-123.48947143554688,MENDOCINO,UNINCORPORATED,-123.48950958251953,39.707866668701172
9120626,2020,2020-07-31,2303,2020-02-25,1457,100,2303,2,5,3,2303,0,0,0,,0,001,"NORTH OAK ST","WEST SMITH ST",0.00,,Y,A,-,N,,,,,,,,,,N,2,0,1,2,A,-,03,22350,,N,G,B,B,A,H,-,A,A,0,Y,,,,Y,,A,07,1,0,0,0,1,0,0,0,0,"- ","- ",,,MENDOCINO,UKIAH,-123.2098388671875,39.15093994140625
9120630,2020,2020-07-31,2303,2020-02-05,1904,498,2303,3,5,3,2303,0,0,0,,0,001,"EAST PERKINS ST","POMEROY AV",0.00,,Y,A,-,N,,,,,,,,,,N,2,0,1,2,A,-,08,22107,,N,G,B,B,A,H,-,C,D,0,Y,,,,Y,Y,A,01,1,0,0,0,1,0,0,0,0,"- ","- ",,,MENDOCINO,UKIAH,-123.19805908203125,39.151561737060547
91210482,2020,2020-03-17,9150,2020-03-10,2058,021444,,2,2,9,2300,0,1,2,,2,022,US-101,"WEST RD",5808.00,S,N,A,-,Y,,,101,,,,,,,Y,2,0,1,1,A,-,08,22107,,N,E,I,A,A,H,-,D,D,0,,,,,Y,,D,22,1,0,0,0,0,0,0,0,0,"- ","- ",39.248859405517578,-123.21028900146484,MENDOCINO,UNINCORPORATED,-123.21026611328125,39.248878479003906
91225861,2020,2020-04-15,9150,2020-04-09,1615,021958,,4,2,9,2300,0,1,3,,2,042,SR-128,"PHILO GREENWOOD RD",1584.00,W,N,A,-,Y,,,128,,,,,,,Y,2,0,1,1,A,-,01,23152,A,N,E,I,A,A,H,-,A,D,0,,,,,Y,Y,D,22,1,0,0,0,0,0,0,0,0,"- ","- ",39.09442138671875,-123.48223114013672,MENDOCINO,UNINCORPORATED,-123.48218536376953,39.094440460205078
91228576,2020,2020-04-22,9150,2020-04-15,1625,022276,,3,2,9,2300,0,1,3,,1,065,SR-20,"31701 HWY 20",73.00,E,N,A,-,Y,,,20,,,,,,,Y,2,0,1,1,A,-,01,23152,F,N,E,I,A,A,H,-,A,D,0,,,,,Y,,A,01,1,0,0,0,0,0,0,0,0,"- ","- ",39.415359497070312,-123.78581237792969,MENDOCINO,UNINCORPORATED,-123.78581237792969,39.4154052734375
91231559,2020,2020-04-30,9150,2020-04-26,1428,020431,,7,2,9,2300,0,1,3,,1,013,SR-175,"NOKOMIS ROAD",4224.00,E,N,A,-,Y,,,175,,,,,,,Y,2,0,1,1,A,-,08,22107,,N,F,A,A,A,H,-,A,D,0,,,Y,,Y,,C,02,1,0,0,0,0,0,0,0,1,"- ","- ",38.969341278076172,-123.02734375,MENDOCINO,UNINCORPORATED,-123.02732849121094,38.969341278076172
91236732,2020,2020-05-12,9150,2020-05-08,1855,022060,,5,2,9,2300,0,1,3,,1,051,SR-1,"FISH ROCK RD",655.00,N,N,A,-,Y,,,1,,,,,,,Y,2,0,3,2,A,-,01,23152,A,N,A,C,A,A,H,-,A,D,0,,,,,Y,Y,A,07,1,1,1,0,0,0,0,0,0,"- ","- ",38.804119110107422,-123.58776092529297,MENDOCINO,UNINCORPORATED,-123.58776092529297,38.804126739501953
91237107,2020,2020-05-13,9126,2020-05-04,1830,022425,,1,2,9,2300,0,1,3,,2,050,SR-162,"DOS RIOS ROAD",21806.00,E,N,A,-,Y,,,162,,,,,,,Y,2,0,1,1,A,-,08,22107,,N,E,I,A,A,H,-,A,D,0,,,,,Y,,A,01,1,0,0,0,0,0,0,0,0,"- ","- ",39.711700439453125,-123.29940032958984,MENDOCINO,UNINCORPORATED,-123.29938507080078,39.711757659912109
91237381,2020,2020-05-13,9126,2020-05-03,0530,014469,,7,3,9,2300,0,2,4,,2,005,"COUNTY ROAD 337 B (AIRPORT ROAD)","C/R 337 A (FOOTHILL BLVD.)",0.00,,Y,A,-,N,,,,,,,,,,N,2,0,2,1,A,-,01,23152,A,F,E,I,A,A,H,-,B,D,0,,,,,Y,Y,D,22,1,0,1,0,0,0,0,0,0,"- ","- ",39.795211791992188,-123.25769805908203,MENDOCINO,UNINCORPORATED,-123.25763999999999,39.795115000000003
91238485,2020,2020-05-15,9150,2020-05-13,0525,021972,,3,3,9,2300,0,2,4,,2,026,"EASTSIDE POTTER VALLEY ROAD","8601 EASTSIDE POTTER VALLEY ROAD",120.00,S,N,B,-,N,,,,,,,,,,Y,2,0,1,1,A,-,08,22107,,N,E,I,A,A,H,-,D,D,0,,,,,Y,,A,01,1,0,0,0,0,0,0,0,0,"- ","- ",39.272701263427734,-123.09490203857422,MENDOCINO,UNINCORPORATED,,
91247972,2020,2020-06-05,9150,2020-01-19,2230,018977,,7,3,9,2300,0,1,2,,1,012,"US-101 NORTHBOUND","BURKE HILL ROAD",5280.00,S,N,A,-,Y,,,101,,,,,,N,Y,1,1,0,2,A,-,11,21954,A,N,G,B,D,A,H,-,D,D,0,Y,,,,Y,,N,60,0,0,0,1,0,0,0,0,0,"- ","- ",39.070648193359375,-123.16983032226562,MENDOCINO,UNINCORPORATED,-123.16981506347656,39.070663452148438
91248694,2020,2020-06-08,9150,2020-06-03,0025,022170,,3,3,9,2300,0,2,4,,2,025,"WEST ROAD","EAST RD",1320.00,S,N,A,-,N,,,,,,,,,,Y,2,0,1,1,A,-,08,22107,,N,E,I,A,A,H,-,D,D,0,,,,,Y,,A,01,1,0,0,0,0,0,0,0,0,"- ","- ",39.310161590576172,-123.21993255615234,MENDOCINO,UNINCORPORATED,-123.21986389160156,39.309230804443359
91249191,2020,2020-06-08,9126,2020-06-05,1650,014469,,5,2,9,2300,0,1,3,,2,050,"SR-162 (COVELO ROAD)",US-101,2112.00,E,N,A,-,Y,,,,,,,,,,Y,2,0,2,2,A,-,05,21460,A,N,A,C,A,A,H,-,A,D,0,,,,Y,Y,,D,22,1,1,0,0,0,0,0,0,0,"- ","- ",39.529499053955078,-123.46257019042969,MENDOCINO,UNINCORPORATED,-123.42398834228516,39.554359436035156
91249654,2020,2020-06-09,9150,2020-06-07,1530,016075,,7,2,9,2300,0,3,5,,2,002,"LOW GAP RD.","DESPINA LN.",8976.00,W,N,A,-,N,,,,,,,,,,N,2,0,1,1,A,-,08,22107,,N,F,I,A,A,H,-,A,D,0,,,,,Y,,D,22,1,0,0,0,0,0,0,0,0,"- ","- ",39.166030883789062,-123.25653839111328,MENDOCINO,UNINCORPORATED,-123.25028228759766,39.166290283203125
91251342,2020,2020-06-12,9150,2020-06-08,1800,022276,,1,2,9,2300,0,1,3,,1,064,SR-1,"38501 N HWY 1",142.00,S,N,A,-,Y,,,1,,,,,,,Y,2,0,1,1,A,-,03,22350,,N,F,A,A,A,H,-,A,D,0,,,,,Y,,A,01,1,0,0,0,0,0,0,0,0,"- ","- ",39.652561187744141,-123.78407287597656,MENDOCINO,UNINCORPORATED,-123.78402709960938,39.652614593505859
91257457,2020,2020-06-25,9150,2020-06-18,2242,022257,,4,3,3,2303,0,2,4,,2,014,US-101,"SR-222 (TALMAGE RD)",430.00,S,N,A,-,Y,,,101,,,,,,,Y,2,0,2,2,A,-,01,23153,A,N,F,C,A,A,H,-,D,D,0,,,,,Y,Y,D,22,1,1,0,0,0,0,0,0,0,"- ","- ",39.135089874267578,-123.19583892822266,MENDOCINO,UKIAH,-123.19577026367188,39.135093688964844
91257722,2020,2020-06-25,9150,2020-06-21,0200,022170,,7,3,9,2300,0,1,2,,2,022,"US-101 N/B","LAKE MENDOCINO DR",5280.00,S,N,A,-,Y,,,101,,,,,,N,Y,2,0,1,1,A,-,03,22350,,N,F,A,A,A,H,-,D,D,0,,,Y,,Y,,C,02,1,0,0,0,0,0,0,0,1,"- ","- ",39.179328918457031,-123.21218872070312,MENDOCINO,UNINCORPORATED,-123.2122802734375,39.179340362548828
91266752,2020,2020-07-10,9150,2020-07-05,1540,022060,,7,2,9,2300,0,1,3,,2,061,SR-128,"FLYNN CREEK RD",3696.00,W,N,A,-,Y,,,128,,,,,,,Y,2,0,1,1,A,-,08,22107,,N,F,A,A,A,H,-,A,D,0,,,,,Y,,D,22,1,0,0,0,0,0,0,0,0,"- ","- ",39.155879974365234,-123.59149169921875,MENDOCINO,UNINCORPORATED,-123.59148406982422,39.15582275390625
91267345,2020,2020-07-13,9150,2020-06-27,1545,021958,,6,2,9,2300,0,3,5,,2,003,SR-20,"HOLLANDS LN",750.00,E,N,A,-,Y,,,,,,,,,,Y,2,0,3,1,A,-,01,23152,A,N,F,I,A,A,H,-,A,D,0,,,,,Y,,A,07,1,2,0,0,0,0,0,0,0,"- ","- ",39.379371643066406,-123.34053039550781,MENDOCINO,UNINCORPORATED,,
91281787,2020,2020-08-06,9126,2020-07-29,1020,020886,,3,1,9,2300,0,3,5,,2,007,"PRIMROSE DRIVE","PRIMROSE PLACE",30.00,S,N,A,-,N,,,,,,,,,,N,2,0,1,1,A,-,03,22350,,N,F,A,A,A,H,-,A,D,0,,,,,Y,,M,91,1,0,0,0,0,0,0,0,0,"- ","- ",39.427448272705078,-123.40782165527344,MENDOCINO,UNINCORPORATED,-123.40779876708984,39.427440643310547
91287358,2020,2020-08-17,9150,2020-08-08,0242,022170,,6,3,9,2300,0,3,5,,2,002,"TOKAY AVE","CONCORD ST",450.00,W,N,A,-,N,,,,,,,,,,N,2,0,1,1,A,-,03,22350,,N,E,I,A,A,H,-,C,D,0,,,,,Y,,A,01,1,0,0,0,0,0,0,0,0,"- ","- ",39.168178558349609,-123.22631072998047,MENDOCINO,UNINCORPORATED,-123.22622680664062,39.168170928955078
91292502,2020,2021-07-07,9150,2020-06-15,1136,015775,,1,1,9,2300,0,1,3,,1,013,"SR-175 E/B","HARRISON ST",0.00,,N,A,-,Y,,,175,,,,,,E,Y,1,1,2,2,A,-,08,22107,,N,D,C,A,A,H,-,A,D,0,,,,,Y,,D,22,2,0,0,0,0,0,0,0,0,"- ","- ",38.976100921630859,-123.09619903564453,MENDOCINO,UNINCORPORATED,-123.09620666503906,38.976089477539062
91297646,2020,2020-09-02,9126,2020-06-21,0418,014469,,7,3,9,2300,0,1,2,,1,077,"US-101 (REDWOOD HIGHWAY)","REYNOLDS HIGHWAY",2112.00,N,N,A,-,Y,,,101,,,,,,,Y,1,1,0,1,A,-,01,23152,F,N,E,I,A,A,H,-,D,D,0,,,,,Y,,D,22,0,0,0,0,0,0,0,0,0,"- ","- ",39.46881103515625,-123.35526275634766,MENDOCINO,UNINCORPORATED,-123.35536956787109,39.468677520751953
91298630,2020,2020-09-03,9150,2020-08-19,1830,018977,,3,2,9,2300,0,2,4,,2,014,"OLD RIVER RD",SR-175,1584.00,S,N,A,-,N,,,,,,,,,,Y,2,0,5,2,A,-,05,21460,A,N,B,C,A,A,H,-,A,D,0,,,,,Y,,A,01,1,4,0,0,0,0,0,0,0,"- ","- ",38.968399047851562,-123.10234832763672,MENDOCINO,UNINCORPORATED,-123.102351,38.968310000000002
91300647,2020,2020-09-08,9150,2020-08-28,0055,022170,,5,3,9,2300,0,1,2,,2,022,"US-101 N/B","RIVER STREET",270.00,N,N,A,-,Y,,,101,,,,,,N,Y,2,0,2,1,A,-,01,23152,F,N,F,A,A,A,H,-,C,D,0,,,,,Y,,D,22,1,1,0,0,0,0,0,0,0,"- ","- ",39.161331176757812,-123.19866943359375,MENDOCINO,UNINCORPORATED,-123.19875335693359,39.161296844482422
91309340,2020,2020-09-22,9150,2020-09-17,1800,022276,,4,2,9,2300,0,1,3,,1,064,SR-1,"BRUHEL POINT RD",148.00,S,N,A,-,Y,,,1,,,,,,,Y,2,0,4,2,A,-,01,23152,A,N,A,C,A,A,H,-,A,D,0,,,,,Y,Y,A,07,3,1,0,0,0,0,0,0,0,"- ","- ",39.599140167236328,-123.78436279296875,MENDOCINO,UNINCORPORATED,-123.78440856933594,39.599109649658203
91318761,2020,2020-10-06,9126,2020-09-27,0755,014469,,7,1,9,2300,0,3,5,,2,555,"M61 (LOW GAP BALD MOUNTAIN ROAD)","ROUTE 20N17",88.80,E,N,A,-,N,,,,,,,,,,Y,2,0,1,1,A,-,03,22350,,N,F,A,A,A,H,-,A,D,0,,,,Y,Y,,F,24,1,0,0,0,0,0,0,0,0,"- ","- ",39.613170623779297,-122.94715881347656,MENDOCINO,UNINCORPORATED,,
91323959,2020,2020-10-14,9126,2020-10-10,1930,021836,,6,2,9,2300,0,1,2,,2,011,"US-101 NORTHBOUND","BELL SPRINGS RD",4277.00,N,N,C,-,Y,,,101,,,,,,N,Y,2,0,1,1,A,-,08,22107,,N,F,A,A,B,H,-,B,D,0,,,,,Y,,D,22,1,0,0,0,0,0,0,0,0,"- ","- ",39.827529907226562,-123.58497619628906,MENDOCINO,UNINCORPORATED,-123.58502960205078,39.827449798583984
91330498,2020,2020-10-23,9150,2020-10-18,0930,020431,,7,1,9,2300,0,1,3,,2,042,SR-128,"MASONITE INDUSTRIAL RD",350.00,W,N,A,-,Y,,,128,,,,,,,Y,2,0,3,1,A,-,08,22107,,N,E,I,A,A,H,-,A,D,0,,,,,Y,,A,01,1,2,0,0,0,0,0,0,0,"- ","- ",39.160289764404297,-123.57009124755859,MENDOCINO,UNINCORPORATED,-123.57009124755859,39.160266876220703
91336422,2020,2020-11-02,9150,2020-10-01,1035,19181,,4,1,9,2300,0,3,5,,2,003,"SHERWOOD FORREST ROAD","RIDGE RANCH ROAD",5280.00,W,N,A,-,N,,,,,,,,,,N,2,0,1,1,A,-,08,22107,,N,F,A,A,A,B,H,A,D,0,,,Y,,Y,,C,02,1,0,0,0,0,0,0,0,1,"- ","- ",39.582878112792969,-123.52854919433594,MENDOCINO,UNINCORPORATED,,
91344704,2020,2020-11-13,9150,2020-10-30,0917,021890,,5,1,9,2300,0,1,S,,2,901,SR-20,"20 MEN 43.67",33.00,W,N,A,-,Y,,,20,,,,,,,Y,2,0,1,1,A,-,01,23152,G,N,F,I,A,A,H,-,A,D,0,,,,,Y,Y,A,07,1,0,0,0,0,0,0,0,0,"- ","- ",39.200901031494141,-123.04985809326172,MENDOCINO,UNINCORPORATED,-123.04985046386719,39.200912475585938
91347984,2020,2020-11-18,9150,2020-11-13,1540,022060,,5,2,9,2300,0,3,5,,2,006,"D RD","3401 ALBION RIDGE RD D",0.00,,Y,C,-,N,,,,,,,,,,N,2,0,1,1,A,-,13,22515,A,N,H,J,A,B,H,-,A,D,0,,,,Y,Y,,F,26,1,0,0,0,0,0,0,0,0,"- ","- ",39.227161407470703,-123.75039672851562,MENDOCINO,UNINCORPORATED,,
91355616,2020,2020-11-30,9150,2020-08-31,0512,022170,,1,3,9,2300,0,1,3,,1,024,"SR-20 W/B","MARINA DR",745.00,W,N,A,-,Y,,,20,,,,,,W,Y,1,1,0,1,A,-,08,22107,,N,E,I,A,A,H,-,D,D,0,,,,,Y,,A,07,0,0,0,0,0,0,0,0,0,"- ","- ",39.238048553466797,-123.17092132568359,MENDOCINO,UNINCORPORATED,-123.17091369628906,39.237998962402344
91369595,2020,2020-12-17,9150,2020-12-16,1230,020431,,3,1,9,2300,0,1,3,,1,013,SR-175,"NOKOMIS ROAD",13200.00,E,N,B,C,Y,,,175,,,,,,,Y,2,0,3,1,A,-,08,22107,,N,E,I,A,B,H,-,A,D,0,,,,,Y,,A,01,2,1,0,0,0,0,0,0,0,"- ","- ",38.976390838623047,-123.01377868652344,MENDOCINO,UNINCORPORATED,-123.01380157470703,38.976383209228516
91374133,2020,2020-12-23,9126,2020-12-12,2052,022516,,6,2,9,2300,0,1,2,,2,011,US-101,SR-1,0.00,,Y,B,C,Y,,,101,,,,,,,Y,2,0,1,2,A,-,01,23152,A,N,D,C,A,B,H,-,C,A,0,,,,,Y,Y,D,22,1,0,0,0,0,0,0,0,0,"- ","- ",39.868209838867188,-123.71353149414062,MENDOCINO,UNINCORPORATED,-123.71356964111328,39.868213653564453
91375558,2020,2020-12-28,9150,2020-12-09,0348,021659,,3,3,9,2300,0,1,2,,2,021,"US 101 S/B JSO CALPELLA","MOORE ST",9240.00,S,N,A,-,Y,,,,,,,,,,Y,2,0,1,2,A,-,08,22107,,N,C,C,A,A,H,-,D,D,0,,,,Y,Y,,A,01,1,0,0,0,0,0,0,0,0,"- ","- ",39.209201812744141,-123.2052001953125,MENDOCINO,UNINCORPORATED,,
91375612,2020,2020-12-28,9150,2020-12-24,1330,020431,,4,1,9,2300,0,2,4,,2,014,"OLD RIVER ROAD","YOKAYO RANCH ROAD",3168.00,S,N,A,-,N,,,,,,,,,,Y,2,0,1,1,A,-,08,22107,,N,E,I,A,A,H,-,A,D,0,,,,,Y,Y,A,01,1,0,0,0,0,0,0,0,0,"- ","- ",39.082290649414062,-123.15888214111328,MENDOCINO,UNINCORPORATED,-123.15935516357422,39.083747863769531