CASE_ID,ACCIDENT_YEAR,PROC_DATE,JURIS,COLLISION_DATE,COLLISION_TIME,OFFICER_ID,REPORTING_DISTRICT,DAY_OF_WEEK,CHP_SHIFT,POPULATION,CNTY_CITY_LOC,SPECIAL_COND,BEAT_TYPE,CHP_BEAT_TYPE,CITY_DIVISION_LAPD,CHP_BEAT_CLASS,BEAT_NUMBER,PRIMARY_RD,SECONDARY_RD,DISTANCE,DIRECTION,INTERSECTION,WEATHER_1,WEATHER_2,STATE_HWY_IND,CALTRANS_COUNTY,CALTRANS_DISTRICT,STATE_ROUTE,ROUTE_SUFFIX,POSTMILE_PREFIX,POSTMILE,LOCATION_TYPE,RAMP_INTERSECTION,SIDE_OF_HWY,TOW_AWAY,COLLISION_SEVERITY,NUMBER_KILLED,NUMBER_INJURED,PARTY_COUNT,PRIMARY_COLL_FACTOR,PCF_CODE_OF_VIOL,PCF_VIOL_CATEGORY,PCF_VIOLATION,PCF_VIOL_SUBSECTION,HIT_AND_RUN,TYPE_OF_COLLISION,MVIW,PED_ACTION,ROAD_SURFACE,ROAD_COND_1,ROAD_COND_2,LIGHTING,CONTROL_DEVICE,CHP_ROAD_TYPE,PEDESTRIAN_ACCIDENT,BICYCLE_ACCIDENT,MOTORCYCLE_ACCIDENT,TRUCK_ACCIDENT,NOT_PRIVATE_PROPERTY,ALCOHOL_INVOLVED,STWD_VEHTYPE_AT_FAULT,CHP_VEHTYPE_AT_FAULT,COUNT_SEVERE_INJ,COUNT_VISIBLE_INJ,COUNT_COMPLAINT_PAIN,COUNT_PED_KILLED,COUNT_PED_INJURED,COUNT_BICYCLIST_KILLED,COUNT_BICYCLIST_INJURED,COUNT_MC_KILLED,COUNT_MC_INJURED,PRIMARY_RAMP,SECONDARY_RAMP,LATITUDE,LONGITUDE,COUNTY,CITY,POINT_X,POINT_Y
91382731,2020,2021-01-06,9150,2020-12-25,1420,022216,,5,2,9,2300,0,2,4,,2,026,"EEL RIVER RD","240B MEN 2.35",368.00,S,N,C,-,N,,,,,,,,,,Y,2,0,1,1,A,-,01,23152,A,N,E,I,A,B,H,-,A,D,0,,,,,Y,Y,A,07,1,0,0,0,0,0,0,0,0,"- ","- ",39.353900909423828,-123.1072998046875,MENDOCINO,UNINCORPORATED,,
91389279,2020,2021-01-18,9126,2020-08-25,2305,022449,,2,3,9,2300,0,1,3,,2,050,SR-162,"LOGAN LANE",272.00,E,N,A,-,Y,,,162,,,,,,,Y,1,1,0,1,A,-,08,22107,,N,F,A,A,A,H,-,D,D,0,,,,Y,Y,,F,24,0,0,0,0,0,0,0,0,0,"- ","- ",39.816680908203125,-123.21452331542969,MENDOCINO,UNINCORPORATED,-123.21452331542969,39.81671142578125
91394545,2020,2021-02-03,9150,2020-10-14,1743,021444,,3,2,9,2300,0,1,2,,1,031,US-101,SR-20W,7392.00,N,N,A,-,Y,,,,,,,,,,Y,1,1,3,3,A,-,05,21460,A,N,A,C,A,A,H,-,A,D,0,,,,Y,Y,,D,22,2,1,0,0,0,0,0,0,0,"- ","- ",39.397571563720703,-123.34159088134766,MENDOCINO,UNINCORPORATED,,
91394550,2020,2021-01-26,9150,2020-08-14,1630,019074,,5,2,9,2300,0,3,5,,2,005,"PACIFIC WOODS RD","BOCA CHICA DR",428.00,W,N,A,-,N,,,,,,,,,,Y,1,1,1,1,A,-,08,22107,,N,E,I,A,A,H,-,A,D,0,,,,,Y,,A,01,1,0,0,0,0,0,0,0,0,"- ","- ",38.780109405517578,-123.53221893310547,MENDOCINO,UNINCORPORATED,-123.53213500976562,38.779888153076172
91394554,2020,2021-01-26,9150,2020-10-08,1547,022359,,4,2,9,2300,0,1,3,,1,064,SR-1,"OLD COAST HWY",4752.00,N,N,A,-,Y,,,1,,,,,,,Y,1,1,0,1,A,-,03,22350,,N,F,A,A,A,H,-,A,D,0,,,Y,,Y,,C,02,0,0,0,0,0,0,0,1,0,"- ","- ",39.567378997802734,-123.76553344726562,MENDOCINO,UNINCORPORATED,-123.76560974121094,39.567317962646484
91394572,2020,2021-01-26,9150,2020-10-17,2500,022156,,6,4,9,2300,0,1,3,,1,052,SR-1,"PHILO GREENWOOD RD",6336.00,S,N,A,-,Y,,,1,,,,,,,Y,1,1,0,1,D,-,00,,,N,F,I,A,A,H,-,D,D,0,,,,,Y,,-,"- ",0,0,0,0,0,0,0,0,0,"- ","- ",39.1148681640625,-123.71317291259766,MENDOCINO,UNINCORPORATED,-123.71265411376953,39.11505126953125
91402048,2020,2021-02-03,9126,2020-10-25,2345,022425,,7,3,9,2300,0,2,4,,2,005,"HOWARD STREET","PERRY STREET",296.00,W,N,A,-,N,,,,,,,,,,Y,1,2,1,1,A,-,01,23152,G,N,E,I,A,A,H,-,D,D,0,,,,,Y,Y,D,22,1,0,0,0,0,0,0,0,0,"- ","- ",39.794170379638672,-123.25164794921875,MENDOCINO,UNINCORPORATED,-123.25143432617188,39.794158935546875
91406012,2020,2021-02-10,9126,2020-11-13,1300,014469,,5,1,9,2300,0,1,2,,2,055,"US-101 (REDWOOD HIGHWAY)","BURNS FLATS",2640.00,S,N,B,C,Y,,,101,,,,,,,Y,1,1,0,2,A,-,01,23152,F,N,D,C,A,B,H,-,A,D,0,,,,,Y,,A,01,0,0,0,0,0,0,0,0,0,"- ","- ",39.767978668212891,-123.54434967041016,MENDOCINO,UNINCORPORATED,-123.54433441162109,39.768001556396484
91410133,2021,2021-02-17,9126,2021-02-05,2055,022420,,5,2,9,2300,0,2,4,,2,005,"OAK LANE","BIGGAR LANE",70.00,E,N,A,-,N,,,,,,,,,,N,2,0,2,1,A,-,08,22107,,N,E,I,A,B,H,-,D,D,0,,,,,Y,,A,07,1,1,0,0,0,0,0,0,0,"- ","- ",39.810371398925781,-123.26715087890625,MENDOCINO,UNINCORPORATED,-123.26706695556641,39.813480377197266
91411128,2021,2021-02-18,9150,2021-02-12,0345,021972,,5,3,9,2300,0,3,5,,2,003,"RIDGEWOOD RD","LAKEWOOD DR",232.00,S,N,C,-,N,,,,,,,,,,Y,2,0,1,1,A,-,08,22107,,M,E,I,A,B,H,-,D,D,0,,,,,Y,,A,01,1,0,0,0,0,0,0,0,0,"- ","- ",39.372600555419922,-123.27619934082031,MENDOCINO,UNINCORPORATED,-123.27608489990234,39.372829437255859
91411992,2021,2021-02-19,9126,2021-02-09,1220,022460,,2,1,9,2300,0,1,2,,2,011,US-101,"SR-271 CUMMINGS UNDERCROSS",4224.00,S,N,A,-,Y,,,101,,,,,,,Y,2,0,2,2,A,-,09,21804,A,N,D,C,A,A,H,-,A,D,0,,,,,Y,,B,01,1,1,0,0,0,0,0,0,0,"- ","- ",39.830448150634766,-123.61515808105469,MENDOCINO,UNINCORPORATED,-123.61515045166016,39.830528259277344
91422905,2020,2021-03-08,9150,2020-11-21,1413,021972,,6,2,9,2300,0,2,4,,2,014,"OLD RIVER ROAD S/B",201MEN10.22,22.00,S,N,A,-,N,,,,,,,,,,Y,1,1,1,1,A,-,03,22350,,F,E,I,A,A,H,-,A,A,0,,,Y,,Y,,C,02,1,0,0,0,0,0,0,1,1,"- ","- ",39.075801849365234,-123.16020202636719,MENDOCINO,UNINCORPORATED,,
91425134,2021,2021-03-11,9150,2021-03-07,1130,022060,,7,1,9,2300,0,1,3,,2,061,SR-128,SR-1,2640.00,E,N,A,-,Y,,,128,,,,,,,Y,2,0,1,1,A,-,08,22107,,N,F,A,A,A,H,-,A,D,0,,,,,Y,,A,01,1,0,0,0,0,0,0,0,0,"- ","- ",39.194011688232422,-123.73896789550781,MENDOCINO,UNINCORPORATED,-123.73896789550781,39.194011688232422
91433092,2020,2021-03-23,9126,2020-10-10,2245,022420,,6,3,9,2300,0,1,3,,2,050,SR-162,"BIGGAR LANE",110.00,W,N,A,-,Y,,,162,,,,,,,Y,1,1,0,1,A,-,01,23152,G,N,E,I,A,A,H,-,D,D,0,,,,,Y,Y,D,22,0,0,0,0,0,0,0,0,0,"- ","- ",39.809680938720703,-123.24803161621094,MENDOCINO,UNINCORPORATED,-123.24810028076172,39.809680938720703
91446522,2021,2021-04-08,9150,2021-03-31,2005,020581,,3,2,9,2300,0,2,4,,1,023,"NORTH STATE ST","EMPIRE DR",110.00,N,N,A,-,N,,,,,,,,,,Y,2,0,1,2,A,-,01,23152,A,F,D,C,A,A,H,-,C,D,0,,,Y,,Y,Y,A,07,1,0,0,0,0,0,0,0,1,"- ","- ",39.168079376220703,-123.21132659912109,MENDOCINO,UNINCORPORATED,-123.21134185791016,39.168052673339844
91450653,2021,2021-04-14,9150,2021-04-03,1424,022156,,6,2,9,2300,0,1,3,,1,051,SR-1,"IVERSEN POINT RD",0.00,,Y,A,-,Y,,,1,,,,,,,Y,2,0,2,2,A,-,01,23152,G,N,D,C,A,A,H,-,A,D,0,,,,,Y,Y,D,22,1,1,0,0,0,0,0,0,0,"- ","- ",38.847568511962891,-123.64449310302734,MENDOCINO,UNINCORPORATED,-123.64450073242188,38.847545623779297
91453683,2020,2021-04-20,9150,2020-12-25,1058,022156,,5,1,9,2300,0,1,3,,1,065,"SR-20 W/B","SANGRA LA LN.",3168.00,E,N,B,C,Y,,,20,,,,,,W,Y,1,1,0,1,A,-,03,22350,,N,E,I,A,B,H,-,A,D,0,,,,,Y,,A,01,0,0,0,0,0,0,0,0,0,"- ","- ",39.40386962890625,-123.73555755615234,MENDOCINO,UNINCORPORATED,-123.73564910888672,39.403911590576172
91471025,2021,2021-05-27,9150,2021-05-05,1545,020581,,3,2,3,2303,0,2,4,,1,023,"NORTH STATE ST","CAROUSEL LANE",0.00,,Y,A,-,N,,,,,,,,,,Y,2,0,1,2,A,-,01,23152,A,N,A,C,A,A,H,-,A,D,0,,,,,Y,Y,A,01,1,0,0,0,0,0,0,0,0,"- ","- ",39.201278686523438,-123.20390319824219,MENDOCINO,UKIAH,-123.20388031005859,39.201229095458984
91473595,2021,2021-05-27,9150,2021-05-12,0530,020431,,3,3,9,2300,0,3,5,,2,002,"MILL CREEK ROAD","GUIDIVILLE ROAD",4224.00,E,N,A,-,N,,,,,,,,,,Y,2,0,4,1,A,-,08,22107,,N,E,I,A,A,H,-,D,D,0,,,,,Y,,D,22,3,0,1,0,0,0,0,0,0,"- ","- ",39.131080627441406,-123.13561248779297,MENDOCINO,UNINCORPORATED,-123.1348876953125,39.131320953369141
91475789,2021,2021-05-27,9126,2021-05-06,0145,020886,,4,3,9,2300,0,2,4,,1,001,"BRANSCOMB RD","CAHTO PEAK ROAD",3168.00,W,N,A,-,N,,,,,,,,,,Y,2,0,1,1,A,-,01,23152,A,N,E,I,A,A,H,-,D,D,0,,,,,Y,Y,A,01,1,0,0,0,0,0,0,0,0,"- ","- ",39.665691375732422,-123.15199279785156,MENDOCINO,UNINCORPORATED,-123.51642608642578,39.665622711181641
91481185,2021,2021-05-25,9150,2021-03-21,1834,021444,,7,2,9,2300,0,1,3,,1,015,SR-253,"ROBINSON CREEK",11616.00,W,N,A,-,Y,,,253,,,,,,,Y,1,1,0,1,A,-,08,22107,,N,E,J,A,A,H,-,A,D,0,,,,,Y,,A,01,0,0,0,0,0,0,0,0,0,"- ","- ",39.067268371582031,-123.22051239013672,MENDOCINO,UNINCORPORATED,-123.22050476074219,39.067253112792969
91483471,2021,2021-05-27,9150,2021-05-16,1900,022557,,7,2,9,2300,0,2,4,,2,025,"LAUGHLIN WAY","N. STATE ST.",5280.00,E,N,A,-,N,,,,,,,,,,N,2,0,1,1,A,-,01,23152,A,N,E,I,A,A,H,-,B,D,0,,,Y,,Y,Y,C,06,1,0,0,0,0,0,0,0,1,"- ","- ",39.281269073486328,-123.23388671875,MENDOCINO,UNINCORPORATED,-123.23226165771484,39.281303405761719
91490447,2021,2021-06-07,9150,2021-05-26,1754,022276,,3,2,9,2300,0,1,3,,2,061,SR-128,"COLLINS LANDING ROAD",5280.00,N,N,A,-,Y,,,128,,,,,,,Y,2,0,1,1,A,-,01,23152,A,N,E,I,A,A,H,-,A,D,0,,,,,Y,Y,D,22,1,0,0,0,0,0,0,0,0,"- ","- ",39.171859741210938,-123.66471099853516,MENDOCINO,UNINCORPORATED,-123.66468811035156,39.171707153320312
91490453,2021,2021-06-07,9150,2021-04-25,1318,016075,,7,1,9,2300,0,1,3,,1,037,SR-20,"PEPPERWOOD WAY",59136.00,W,N,B,-,Y,,,,,,,,,,Y,2,0,1,2,A,-,01,23152,A,N,F,8,A,B,H,-,A,D,0,,,Y,,Y,Y,C,02,1,0,0,0,0,0,0,0,1,"- ","- ",,,MENDOCINO,UNINCORPORATED,-123.50786590576172,39.359649658203125
91490911,2021,2021-06-07,9150,2021-05-28,1900,022276,,5,2,9,2300,0,1,3,,2,061,SR-128,"FLYNN CREEK RD",4224.00,W,N,A,-,Y,,,128,,,,,,,Y,2,0,2,2,A,-,03,22350,,N,D,C,A,A,H,-,A,D,0,,,Y,,Y,,C,02,1,0,1,0,0,0,0,0,1,"- ","- ",39.156219482421875,-123.61882781982422,MENDOCINO,UNINCORPORATED,-123.61880493164062,39.1561279296875
91491234,2021,2021-06-14,9150,2021-06-01,0856,016075,,2,1,9,2300,0,3,5,,2,002,"VICHY SPRINGS RD.","WATSON RD.",528.00,N,N,A,-,N,,,,,,,,,,Y,2,0,1,1,A,-,03,22350,,N,F,I,A,A,H,-,A,D,0,,,,,Y,,A,01,1,0,0,0,0,0,0,0,0,"- ","- ",39.157039642333984,-123.18340301513672,MENDOCINO,UNINCORPORATED,-123.18392944335938,39.157150268554688
91494510,2021,2021-06-10,9126,2021-05-31,0001,022425,,1,3,9,2300,0,3,5,,2,007,"SHERWOOD ROAD","MAIN STREET",5808.00,W,N,A,-,N,,,,,,,,,,N,2,0,2,1,A,-,01,23152,A,N,E,I,A,A,H,-,D,D,0,,,,,Y,Y,A,01,2,0,0,0,0,0,0,0,0,"- ","- ",39.427520751953125,-123.36692047119141,MENDOCINO,UNINCORPORATED,-123.36661529541016,39.427463531494141
91499626,2021,2021-06-17,9126,2021-06-06,1300,020706,,7,1,9,2300,0,3,5,,2,222,"USAL ROAD","FOUR CORNERS INTERSECTION",15840.00,S,N,A,-,N,,,,,,,,,,N,2,0,1,1,A,-,03,22350,,N,F,A,A,A,H,-,A,D,0,,,Y,,Y,,C,02,1,0,0,0,0,0,0,0,1,"- ","- ",39.951591491699219,-123.94329071044922,MENDOCINO,UNINCORPORATED,,
91517628,2021,2021-07-12,9150,2021-06-30,0120,021804,,3,3,9,2300,0,2,4,,2,014,"OLD RIVER RD",SR-175,0.00,,Y,A,-,N,,,,,,,,,,Y,2,0,1,1,A,-,01,23152,A,N,E,I,A,A,H,-,D,D,0,,,,,Y,Y,A,01,1,0,0,0,0,0,0,0,0,"- ","- ",39.014381408691406,-123.11901092529297,MENDOCINO,UNINCORPORATED,-123.10275268554688,38.972438812255859
91520895,2021,2021-07-15,9150,2021-07-07,1100,016075,,3,1,9,2300,0,1,3,,1,024,"SR-20 E/B","COUNTY ROAD A",3168.00,E,N,A,-,Y,,,20,,,,,,E,Y,2,0,1,1,A,-,08,22107,,N,E,8,A,A,H,-,A,D,0,,,,,Y,,A,01,1,0,0,0,0,0,0,0,0,"- ","- ",39.239219665527344,-123.19156646728516,MENDOCINO,UNINCORPORATED,-123.19156646728516,39.239242553710938
91524758,2021,2021-07-20,9150,2021-07-11,1625,018977,,7,2,9,2300,0,1,2,,1,010,US-101,"GEYSERS RD",6336.00,N,N,A,-,Y,,,101,,,,,,,Y,2,0,1,1,A,-,08,22107,,N,F,I,A,A,F,H,A,D,0,,,,,Y,,D,22,1,0,0,0,0,0,0,0,0,"- ","- ",38.874988555908203,-123.04512023925781,MENDOCINO,UNINCORPORATED,-123.04512786865234,38.874988555908203
91535818,2021,2021-08-03,9150,2021-07-24,1200,022046,,6,1,3,2303,0,1,3,,1,024,"SR-20 EAST","THE EAST ROADWAY EDGE OF MARINA DRIVE",5.00,W,N,A,-,Y,,,,,,,,,,Y,2,0,4,2,A,-,09,21802,A,N,D,C,A,A,H,-,A,A,0,,,,,Y,,D,22,1,2,1,0,0,0,0,0,0,"- ","- ",34.152698516845703,-118.2593994140625,MENDOCINO,UKIAH,,
91544295,2021,2021-08-13,9150,2021-08-05,2058,021816,,4,2,9,2300,0,2,4,,2,026,"EEL RIVER RD","GIBSON LN",3696.00,N,N,A,-,N,,,,,,,,,,Y,2,0,1,2,A,-,08,22107,,N,A,C,A,A,H,-,D,D,0,,,Y,,Y,,D,22,1,0,0,0,0,0,0,0,1,"- ","- ",39.346641540527344,-123.10465240478516,MENDOCINO,UNINCORPORATED,-123.10453033447266,39.346385955810547
91545412,2021,2021-08-16,9150,2021-07-30,1415,022216,,5,2,9,2300,0,1,3,,1,024,SR-20,"EASTSIDE CALPELLA RD",181.00,W,N,A,-,Y,,,20,,,,,,,Y,2,0,2,3,A,-,05,21460,A,N,B,2,A,A,H,-,A,D,0,,,,,Y,,A,07,2,0,0,0,0,0,0,0,0,"- ","- ",39.243499755859375,-123.19893646240234,MENDOCINO,UNINCORPORATED,-123.19893646240234,39.243492126464844
91545652,2021,2021-08-16,9150,2021-08-10,0650,022060,,2,1,9,2300,0,1,S,,2,703,SR-20,"COUNTY ROAD 800",9240.00,E,N,A,-,Y,,,20,,,,,,,Y,2,0,2,1,A,-,08,22107,,N,E,8,A,A,H,-,A,D,0,,,,,Y,,A,07,2,0,0,0,0,0,0,0,0,"- ","- ",39.346298217773438,-123.52265167236328,MENDOCINO,UNINCORPORATED,-123.52260589599609,39.34637451171875
91557096,2021,2021-08-27,9150,2021-08-11,0650,016075,Coyot,3,1,9,2300,0,2,4,,2,025,"110 COYOTE VALLEY BLVD.","COYOTE VALLEY BLVD.",0.00,,Y,A,-,N,,,,,,,,,,Y,2,0,2,1,A,-,01,23152,A,N,E,I,A,A,H,-,A,D,0,,,,,Y,Y,A,01,1,0,1,0,0,0,0,0,0,"- ","- ",39.25225830078125,-123.20584869384766,MENDOCINO,UNINCORPORATED,,
91561341,2021,2021-09-02,9150,2021-08-26,1345,016680,,4,1,9,2300,0,2,4,,1,023,"NORTH STATE STREET","MOORE STREET",466.00,N,N,A,-,N,,,,,,,,,,Y,2,0,2,2,A,-,08,22107,,N,A,A,A,A,H,-,A,D,0,,,,,Y,,A,01,1,1,0,0,0,0,0,0,0,"- ","- ",39.235080718994141,-123.20204925537109,MENDOCINO,UNINCORPORATED,-123.20214080810547,39.234786987304688
91564340,2021,2021-09-07,9150,2021-08-28,1520,021958,,6,2,9,2300,0,3,5,,2,003,"EAST HILL RD","EASTSIDE RD",0.00,,Y,A,-,N,,,,,,,,,,Y,2,0,1,1,A,-,12,22450,A,F,E,J,A,A,H,-,A,A,0,,,,,Y,,A,01,1,0,0,0,0,0,0,0,0,"- ","- ",39.391201019287109,-123.30291748046875,MENDOCINO,UNINCORPORATED,-123.302978515625,39.391227722167969
91565091,2021,2021-09-08,9150,2021-09-02,0740,022156,,4,1,9,2300,0,1,3,,1,064,"SR-1 S/B","ODOM LANE",0.00,,Y,B,-,Y,,,1,,,,,,S,Y,2,0,2,1,A,-,08,22107,,N,E,8,A,A,H,-,A,D,0,,,,,Y,,A,07,2,0,0,0,0,0,0,0,0,"- ","- ",39.480659484863281,-123.79541778564453,MENDOCINO,UNINCORPORATED,-123.79534912109375,39.480594635009766
91571158,2021,2021-09-15,9126,2021-09-06,1405,022628,,1,2,9,2300,0,1,2,,1,077,US-101,"SHERWOOD RD",2270.00,N,N,A,-,Y,,,101,,,,,,,Y,2,0,3,2,A,-,05,21651,A,N,B,2,A,A,H,-,A,D,0,,,,,Y,,A,07,2,1,0,0,0,0,0,0,0,"- ","- ",39.601650238037109,-123.453857421875,MENDOCINO,UNINCORPORATED,-123.45381927490234,39.601650238037109
91574878,2021,2021-09-20,9126,2021-09-13,1545,022383,,1,2,9,2300,0,1,3,,2,010,SR-1,US-101,5280.00,W,N,A,-,Y,,,1,,,,,,,N,2,0,1,1,A,-,03,22350,,N,E,I,A,A,H,-,A,D,0,,,Y,,Y,,C,02,1,0,0,0,0,0,0,0,1,"- ","- ",39.866191864013672,-123.71730804443359,MENDOCINO,UNINCORPORATED,-123.71730804443359,39.866191864013672
91591534,2021,2021-10-08,9126,2021-05-13,0250,014469,,4,3,9,2300,0,1,2,,1,077,"US-101 (REDWOOD HIGHWAY)","N. MAIN STREET INTERCHANGE",2112.00,S,N,A,-,Y,,,,,,,,,,Y,1,1,1,2,A,-,01,23152,F,N,A,2,A,A,H,-,D,D,0,,,Y,,Y,,A,01,0,1,0,0,0,0,0,1,0,"- ","- ",39.79901123046875,-123.25755310058594,MENDOCINO,UNINCORPORATED,-123.35755157470703,39.435371398925781
91591816,2021,2021-10-08,9150,2021-09-30,2106,022170,,4,2,9,2300,0,1,3,,2,042,"PEACHLAND ROAD",SR-128,3696.00,E,N,A,-,N,,,,,,,,,,Y,2,0,2,1,A,-,01,23152,A,N,F,J,A,A,H,-,D,D,0,,,,,Y,Y,D,22,1,0,1,0,0,0,0,0,0,"- ","- ",39.022331237792969,-123.22551727294922,MENDOCINO,UNINCORPORATED,-123.38217926025391,39.039867401123047
91592992,2021,2021-10-11,9150,2021-09-18,2020,021958,,6,2,9,2300,0,1,2,,1,012,US-101,"HEWLETT STURTEVANT RD",2640.00,N,N,B,C,Y,,,101,,,,,,,N,2,0,1,2,A,-,05,21460,A,M,B,C,A,B,H,-,D,D,0,,,,,Y,,D,22,1,0,0,0,0,0,0,0,0,"- ","- ",38.990749359130859,-123.1185302734375,MENDOCINO,UNINCORPORATED,-123.11856079101562,38.990745544433594
91602734,2021,2021-10-21,9150,2021-10-18,0250,021804,,1,3,9,2300,0,1,2,,1,031,"SB US-101","GOLDEN RULE RV PARK",2640.00,S,N,B,-,Y,,,101,,,,,,,N,2,0,2,2,A,-,03,22350,,N,A,C,A,B,H,-,D,D,0,,,,,Y,,D,22,1,1,0,0,0,0,0,0,0,"- ","- ",39.316940307617188,-123.30129241943359,MENDOCINO,UNINCORPORATED,-123.30127716064453,39.316947937011719
91607518,2021,2021-10-27,9150,2021-10-18,1436,021444,,1,2,9,2300,0,1,2,,1,012,US-101,"WESTWILL RD",800.00,S,N,B,-,Y,,,101,,,,,,,Y,2,0,1,1,A,-,01,23152,F,N,E,I,A,A,H,-,A,D,0,,,,,Y,,A,01,1,0,0,0,0,0,0,0,0,"- ","- ",38.977748870849609,-123.11476135253906,MENDOCINO,UNINCORPORATED,-123.11481475830078,38.977725982666016
91617727,2021,2021-11-05,9150,2021-11-05,1030,021972,,5,1,9,2300,0,3,5,,2,002,"ROBINSON CREEK RD",SR-253,4224.00,W,N,A,-,N,,,,,,,,,,Y,2,0,1,1,A,-,03,22350,,N,E,I,A,A,H,-,A,D,0,,,,,Y,,D,22,1,0,0,0,0,0,0,0,0,"- ","- ",39.094150543212891,-123.23164367675781,MENDOCINO,UNINCORPORATED,-123.23173522949219,39.091625213623047
91621980,2021,2023-04-12,9150,2021-11-06,2250,022150,,6,3,9,2300,0,3,5,,2,006,"SIMPSON LN","HILLS O HOME LN",1063.00,W,N,A,-,N,,,,,,,,,,N,1,1,0,1,A,-,01,23152,A,N,E,I,A,A,H,-,D,D,0,,,,,Y,Y,D,22,0,0,0,0,0,0,0,0,0,"- ","- ",39.398239135742188,-123.78446197509766,MENDOCINO,UNINCORPORATED,-123.78431701660156,39.398250579833984
91633393,2021,2021-11-23,9150,2021-11-11,1611,020886,,4,2,9,2300,0,1,3,,1,037,SR-20,"CROPLEY LN",14784.00,W,N,A,-,Y,,,20,,,,,,,Y,2,0,1,1,A,-,01,23152,A,N,E,I,A,A,H,-,A,D,0,,,,,Y,Y,A,01,1,0,0,0,0,0,0,0,0,"- ","- ",39.391239166259766,-123.41703796386719,MENDOCINO,UNINCORPORATED,-123.41699981689453,39.391162872314453
91634305,2021,2021-11-24,9150,2021-06-13,0311,022156,,7,3,9,2300,0,1,3,,1,065,SR-20,"SANGRA LA LN.",1056.00,E,N,B,E,Y,,,20,,,,,,,Y,1,1,3,1,A,-,08,22107,,N,E,I,A,A,H,-,D,D,0,,,,,Y,,A,01,2,1,0,0,0,0,0,0,0,"- ","- ",39.405879974365234,-123.74237823486328,MENDOCINO,UNINCORPORATED,-123.74241638183594,39.405818939208984
91660022,2021,2021-12-23,9150,2021-12-11,0620,022156,,6,1,9,2300,0,1,3,,1,052,SR-1,"IRISH BEACH VISTA POINT ENTERANCE",408.00,N,N,B,-,Y,,,1,,,,,,,Y,2,0,1,1,C,-,18,,,N,E,I,A,A,H,-,B,D,0,,,,,Y,,-,"- ",1,0,0,0,0,0,0,0,0,"- ","- ",39.033279418945312,-123.6876220703125,MENDOCINO,UNINCORPORATED,-123.68775939941406,39.0333251953125
91668611,2021,2022-01-03,9150,2021-12-19,0022,021816,,7,3,3,2303,0,2,S,,2,901,"GOBBI ST","MAIN ST",144.00,W,N,B,-,N,,,,,,,,,,Y,2,0,2,2,A,-,01,23153,F,N,D,C,A,A,H,-,C,D,0,,,,,Y,,A,01,1,1,0,0,0,0,0,0,0,"- ","- ",39.143428802490234,-123.20546722412109,MENDOCINO,UKIAH,-123.20541381835938,39.143459320068359
91675075,2021,2022-03-15,9126,2021-12-28,1115,021836,,2,1,9,2300,0,1,2,,2,011,"US-101 SOUTHBOUND","SR-271 AT LEGGETT",2957.00,S,N,C,-,Y,,,,,,,,,,Y,2,0,2,1,A,-,08,22107,,N,F,A,A,B,H,-,A,D,0,,,,,Y,,A,07,1,0,1,0,0,0,0,0,0,"- ","- ",39.507049560546875,-123.41880798339844,MENDOCINO,UNINCORPORATED,-123.77115631103516,39.934818267822266
91682845,2021,2022-01-21,9150,2021-06-15,0706,015775,,2,1,9,2300,0,1,2,,1,010,US-101,"COMMINSKY STATION RD.",9451.00,N,N,A,-,Y,,,101,,,,,,,Y,1,1,1,2,A,-,01,23152,F,N,A,C,A,A,H,-,A,D,0,,,,Y,Y,,M,47,1,0,0,0,0,0,0,0,0,"- ","- ",38.905941009521484,-123.05741119384766,MENDOCINO,UNINCORPORATED,-123.05744171142578,38.905956268310547
91682847,2021,2022-01-21,9150,2021-07-01,2338,022359,,4,3,9,2300,0,1,3,,1,065,SR-1,"NAMELESS LANE",179.00,N,N,B,-,Y,,,1,,,,,,,Y,1,1,0,1,A,-,08,22107,,N,E,I,A,A,H,-,D,D,0,,,,,Y,,A,01,0,0,0,0,0,0,0,0,0,"- ","- ",39.493808746337891,-123.78108215332031,MENDOCINO,UNINCORPORATED,-123.78115081787109,39.493827819824219
91697237,2022,2022-02-09,9126,2022-01-28,0545,022383,,5,3,9,2300,0,1,2,,2,011,US-101,"BELL SPRINGS ROAD",3696.00,N,N,A,-,Y,MEN,,101,,,81.706,H,,R,Y,2,0,1,1,A,-,03,22350,,N,F,8,A,C,H,-,E,D,0,,,,,Y,,D,22,1,0,0,0,0,0,0,0,0,"- ","- ",39.826728820800781,-123.58145904541016,MENDOCINO,UNINCORPORATED,-123.58145141601562,39.826713562011719