CASE_ID,ACCIDENT_YEAR,PROC_DATE,JURIS,COLLISION_DATE,COLLISION_TIME,OFFICER_ID,REPORTING_DISTRICT,DAY_OF_WEEK,CHP_SHIFT,POPULATION,CNTY_CITY_LOC,SPECIAL_COND,BEAT_TYPE,CHP_BEAT_TYPE,CITY_DIVISION_LAPD,CHP_BEAT_CLASS,BEAT_NUMBER,PRIMARY_RD,SECONDARY_RD,DISTANCE,DIRECTION,INTERSECTION,WEATHER_1,WEATHER_2,STATE_HWY_IND,CALTRANS_COUNTY,CALTRANS_DISTRICT,STATE_ROUTE,ROUTE_SUFFIX,POSTMILE_PREFIX,POSTMILE,LOCATION_TYPE,RAMP_INTERSECTION,SIDE_OF_HWY,TOW_AWAY,COLLISION_SEVERITY,NUMBER_KILLED,NUMBER_INJURED,PARTY_COUNT,PRIMARY_COLL_FACTOR,PCF_CODE_OF_VIOL,PCF_VIOL_CATEGORY,PCF_VIOLATION,PCF_VIOL_SUBSECTION,HIT_AND_RUN,TYPE_OF_COLLISION,MVIW,PED_ACTION,ROAD_SURFACE,ROAD_COND_1,ROAD_COND_2,LIGHTING,CONTROL_DEVICE,CHP_ROAD_TYPE,PEDESTRIAN_ACCIDENT,BICYCLE_ACCIDENT,MOTORCYCLE_ACCIDENT,TRUCK_ACCIDENT,NOT_PRIVATE_PROPERTY,ALCOHOL_INVOLVED,STWD_VEHTYPE_AT_FAULT,CHP_VEHTYPE_AT_FAULT,COUNT_SEVERE_INJ,COUNT_VISIBLE_INJ,COUNT_COMPLAINT_PAIN,COUNT_PED_KILLED,COUNT_PED_INJURED,COUNT_BICYCLIST_KILLED,COUNT_BICYCLIST_INJURED,COUNT_MC_KILLED,COUNT_MC_INJURED,PRIMARY_RAMP,SECONDARY_RAMP,LATITUDE,LONGITUDE,COUNTY,CITY,POINT_X,POINT_Y
91712556,2022,2022-03-01,9150,2022-02-25,1215,016075,,5,1,9,2300,0,1,2,,1,031,US-101,"GOLDEN VILLAGE WAY",0.00,,Y,A,-,Y,MEN,,101,,,39.645,H,,R,Y,2,0,1,2,A,-,08,22107,,N,A,C,A,A,H,-,A,D,0,,,,,Y,,D,22,1,0,0,0,0,0,0,0,0,"- ","- ",39.324081420898438,-123.30137634277344,MENDOCINO,UNINCORPORATED,-123.30112457275391,39.324104309082031
91723904,2022,2022-03-16,9150,2022-03-08,1737,021444,,2,2,9,2300,0,3,5,,2,003,"BLACKHAWK DR","BULLIVANT DR",2000.00,E,N,A,-,N,,,,,,,,,,Y,2,0,1,1,A,-,01,23152,A,N,E,I,A,A,H,-,B,D,0,,,,,Y,Y,A,01,1,0,0,0,0,0,0,0,0,"- ","- ",39.354061126708984,-123.36544036865234,MENDOCINO,UNINCORPORATED,-123.36627960205078,39.355133056640625
91730077,2022,2022-03-23,9150,2022-03-12,1939,021444,,6,2,9,2300,0,1,2,,1,012,US-101,"MCNAB RANCH RD",0.00,,Y,C,-,Y,MEN,,101,,,16.485,H,,R,Y,2,0,2,2,A,-,05,21752,D,N,D,C,A,B,H,-,D,D,0,,,,,Y,,D,22,1,1,0,0,0,0,0,0,0,"- ","- ",39.044410705566406,-123.15046691894531,MENDOCINO,UNINCORPORATED,-123.15042877197266,39.044429779052734
91736026,2022,2022-03-29,9150,2022-03-22,1105,015775,,2,1,9,2300,0,1,2,,1,012,US-101,"BURKE HILL OVPS",422.00,S,N,A,-,Y,MEN,,101,,,18.798,H,,R,Y,2,0,1,1,C,-,18,,,N,E,I,A,A,H,-,A,D,0,,,Y,,Y,,-,"- ",1,0,0,0,0,0,0,0,1,"- ","- ",39.073089599609375,-123.17283630371094,MENDOCINO,UNINCORPORATED,-123.17279052734375,39.073127746582031
91750058,2022,2022-04-18,9126,2022-04-03,1615,022628,,7,2,9,2300,0,2,4,,2,070,"SHERWOOD ROAD","BIRCH STREET",2640.00,S,N,A,-,N,,,,,,,,,,Y,2,0,1,1,A,-,01,23152,A,N,E,I,A,A,H,-,A,D,0,,,Y,,Y,Y,C,02,1,0,0,0,0,0,0,0,1,"- ","- ",39.427238464355469,-123.36830902099609,MENDOCINO,UNINCORPORATED,-123.36823272705078,39.427402496337891
91754474,2022,2022-04-22,9126,2022-04-09,0115,022628,,6,3,9,2300,0,3,5,,2,555,"CANYON ROAD","E SIDE ROAD",8448.00,E,N,A,-,N,,,,,,,,,,Y,2,0,1,1,A,-,01,23152,A,N,E,I,A,A,H,-,D,D,0,,,,,Y,Y,D,22,1,0,0,0,0,0,0,0,0,"- ","- ",39.430679321289062,-123.26084899902344,MENDOCINO,UNINCORPORATED,-123.27666473388672,39.427818298339844
91773909,2022,2022-05-17,9126,2022-05-02,1635,022815,,1,2,9,2300,0,1,2,,2,055,US-101,"BELL SPRINGS ROAD",1056.00,S,N,A,-,Y,MEN,,101,,,80.673,H,,R,Y,2,0,2,2,A,-,01,23152,A,N,A,2,A,A,H,-,A,D,0,,,,,Y,Y,D,22,1,1,0,0,0,0,0,0,0,"- ","- ",39.822620391845703,-123.56542205810547,MENDOCINO,UNINCORPORATED,-123.56532287597656,39.822681427001953
91779444,2022,2023-09-01,9126,2022-05-15,1530,022628,,7,2,9,2300,0,1,3,,2,050,SR-162,"DOS RIOS ROAD",10560.00,E,N,A,-,Y,MEN,,162,,,17.048,H,,R,Y,2,0,3,1,A,-,08,22107,,N,E,I,A,A,H,-,A,D,0,,,,,Y,,A,07,3,0,0,0,0,0,0,0,0,"- ","- ",39.707599639892578,-123.31739807128906,MENDOCINO,UNINCORPORATED,-123.31739807128906,39.707599639892578
91781666,2022,2022-05-26,9126,2022-05-22,1735,022628,,7,2,9,2300,0,1,2,,1,077,US-101,"REYNOLDS HIGHWAY",2640.00,S,N,A,-,Y,MEN,,101,,,50.279,H,,R,Y,2,0,1,1,A,-,05,21460,C,N,E,I,A,A,H,-,A,D,0,,,,,Y,,A,01,1,0,0,0,0,0,0,0,0,"- ","- ",39.4569091796875,-123.34877777099609,MENDOCINO,UNINCORPORATED,-123.34869384765625,39.456924438476562
91785835,2021,2022-06-01,9150,2021-09-27,1611,021890,,1,2,9,2300,0,1,3,,1,051,SR-20,"20 MEN 36.76",33.00,W,N,C,-,Y,,,20,,,,,,,Y,1,1,0,2,A,-,01,23152,A,N,A,C,A,B,H,-,A,D,0,,,,Y,Y,Y,E,22,0,0,0,0,0,0,0,0,0,"- ","- ",39.238361358642578,-123.14810180664062,MENDOCINO,UNINCORPORATED,-123.14810180664062,39.238372802734375
91785847,2021,2022-06-01,9150,2021-10-18,2305,021659,,1,3,9,2300,0,1,3,,2,041,"WEST ROAD","ZAHADOOM WAY",0.00,,Y,A,-,N,,,,,,,,,,Y,1,1,1,1,A,-,08,22107,,N,E,I,A,A,H,-,D,D,0,,,,,Y,,A,07,1,0,0,0,0,0,0,0,0,"- ","- ",39.274051666259766,-123.21984100341797,MENDOCINO,UNINCORPORATED,-123.21985626220703,39.274929046630859
91786736,2022,2022-06-02,9150,2022-05-21,1920,022276,,6,2,9,2300,0,3,5,,2,006,"COMPTCHE UKIAH RD","MATTILA RD",11616.00,E,N,A,-,N,,,,,,,,,,N,2,0,1,1,A,-,01,23152,A,N,F,A,A,A,H,-,A,D,0,,,Y,,Y,Y,C,02,1,0,0,0,0,0,0,0,1,"- ","- ",39.250801086425781,-123.53618621826172,MENDOCINO,UNINCORPORATED,,
91797496,2022,2023-12-13,9126,2022-04-11,1435,022610,,1,2,9,2300,0,1,2,,2,055,US-101,"SPYROCK ROAD",18480.00,S,N,B,-,Y,MEN,,101,,,75.845,H,,R,Y,1,1,1,2,A,-,01,23152,G,N,A,2,A,A,H,-,A,D,0,,,,Y,Y,Y,D,22,1,0,0,0,0,0,0,0,0,"- ","- ",39.763229370117188,-123.54264831542969,MENDOCINO,UNINCORPORATED,-123.54266357421875,39.763221740722656
91802171,2022,2022-06-23,9150,2022-06-19,1433,022220,,7,2,9,2300,0,1,3,,2,061,SR-128,"FLYNN CREEK ROAD",8448.00,W,N,A,-,Y,MEN,,128,,,9.868,H,,R,Y,2,0,2,2,A,-,03,22350,,N,C,C,A,A,H,-,A,D,0,,,Y,,Y,,C,02,1,1,0,0,0,0,0,0,2,"- ","- ",39.157161712646484,-123.60527801513672,MENDOCINO,UNINCORPORATED,-123.60520935058594,39.157123565673828
91803711,2022,2022-06-27,9126,2022-06-17,0530,022730,,5,3,9,2300,0,2,4,,2,005,"BIGGAR LANE","CRAWFORD ROAD",1584.00,E,N,A,-,N,,,,,,,,,,Y,2,0,1,1,A,-,01,23152,A,N,E,I,A,A,H,-,B,D,0,,,,,Y,Y,A,01,1,0,0,0,0,0,0,0,0,"- ","- ",39.809818267822266,-123.25630187988281,MENDOCINO,UNINCORPORATED,-123.25672149658203,39.809814453125
91804969,2022,2022-06-28,9150,2022-06-18,2029,022557,,6,2,9,2300,0,2,4,,2,025,"EASTSIDE RD","COUNTY ROAD 144",1056.00,S,N,A,-,N,,,,,,,,,,Y,2,0,1,1,A,-,01,23152,A,N,E,I,A,A,H,-,B,D,0,,,,,Y,Y,D,22,1,0,0,0,0,0,0,0,0,"- ","- ",39.241691589355469,-123.1982421875,MENDOCINO,UNINCORPORATED,,
91805281,2022,2022-06-28,9150,2022-06-20,0743,022228,,1,1,9,2300,0,3,5,,2,004,"ANDERSON VALLEY WAY","11300 ANDERSON VALLEY WAY",88.00,W,N,A,-,N,,,,,,,,,,Y,2,0,4,1,A,-,08,22107,,N,E,I,A,A,H,-,A,D,0,,,,,Y,,D,22,1,3,0,0,0,0,0,0,0,"- ","- ",39.039920806884766,-123.40251159667969,MENDOCINO,UNINCORPORATED,,
91810520,2022,2022-07-05,9126,2022-06-25,1245,022730,,6,1,9,2300,0,2,4,,2,070,"FORT BRAGG-SHERWOOD ROAD","SHERWOOD ROAD",2640.00,W,N,A,-,N,,,,,,,,,,Y,2,0,1,1,A,-,03,22350,,N,F,A,A,A,A,-,A,D,0,,,Y,,Y,,C,02,1,0,0,0,0,0,0,0,1,"- ","- ",39.530620574951172,-123.46457672119141,MENDOCINO,UNINCORPORATED,-123.46338653564453,39.530002593994141
91815234,2022,2022-07-12,9126,2022-07-04,1730,022731,,1,2,9,2300,0,1,3,,2,010,SR-1,"USAL ROAD",10560.00,N,N,B,-,Y,MEN,,1,,,93.173,H,,R,N,2,0,1,1,A,-,03,22350,,N,E,I,A,B,C,-,A,D,0,,,Y,,Y,,C,02,1,0,0,0,0,0,0,0,1,"- ","- ",39.795738220214844,-123.81636810302734,MENDOCINO,UNINCORPORATED,-123.81632995605469,39.795795440673828
91818322,2022,2022-07-15,9126,2022-07-04,1635,022466,,1,2,9,2300,0,1,2,,2,011,"US-101 NORTHBOUND","MARION LANE",4677.00,S,N,B,C,Y,MEN,,101,,R,87.913,H,,R,Y,2,0,1,1,A,-,03,22350,,N,E,8,A,B,H,-,A,D,0,,,,,Y,,B,07,1,0,0,0,0,0,0,0,0,"- ","- ",39.835670471191406,-123.68193054199219,MENDOCINO,UNINCORPORATED,-123.68194580078125,39.835655212402344
91830031,2022,2022-08-01,9150,2022-07-24,1300,022150,,7,1,9,2300,0,3,5,,2,006,"ALBION RIDGE RD","MIDDLE RIDGE RD",3696.00,E,N,A,-,N,,,,,,,,,,N,2,0,2,2,A,-,03,22350,,N,B,C,A,A,B,-,A,D,0,,,Y,,Y,,C,02,2,0,0,0,0,0,0,0,2,"- ","- ",39.206520080566406,-123.70069122314453,MENDOCINO,UNINCORPORATED,-123.70084381103516,39.206169128417969
91832066,2022,2022-08-03,9126,2022-07-12,1300,022747,,2,1,9,2300,0,1,2,,2,055,"US 101","SPYROCK ROAD",10560.00,S,N,A,-,Y,MEN,,101,,,76.152,H,,R,Y,2,0,1,1,A,-,08,22107,,N,F,A,A,A,H,-,A,D,0,,,,Y,Y,,G,25,1,0,0,0,0,0,0,0,0,"- ","- ",39.767829895019531,-123.54395294189453,MENDOCINO,UNINCORPORATED,-123.54402923583984,39.767772674560547
91832352,2022,2022-08-03,9126,2022-07-17,2330,022747,,7,3,9,2300,0,2,4,,1,001,"BRANSCOMB ROAD","MULLIGAN LANE",1584.00,W,N,A,-,N,,,,,,,,,,N,2,0,1,1,C,-,18,,,N,H,H,A,A,H,-,D,D,0,,,Y,,Y,,-,"- ",1,0,0,0,0,0,0,0,1,"- ","- ",39.674518585205078,-123.49897766113281,MENDOCINO,UNINCORPORATED,-123.49932861328125,39.674251556396484
91840016,2021,2022-08-15,9126,2021-11-25,0142,022628,,4,3,9,2300,0,1,2,,1,077,US-101,"RYAN CREEK",317.00,S,N,A,-,Y,,,101,,,,,,,Y,1,1,0,1,A,-,01,23152,A,N,E,I,A,A,H,-,D,D,0,,,,,Y,Y,A,07,0,0,0,0,0,0,0,0,0,"- ","- ",39.475040435791016,-123.36325836181641,MENDOCINO,UNINCORPORATED,-123.3634033203125,39.475017547607422
91842526,2022,2022-08-17,9126,2022-08-13,1630,022628,,6,2,9,2300,0,3,5,,2,007,"PRIMROSE DRIVE","TULIP DRIVE",528.00,W,N,A,-,N,,,,,,,,,,N,2,0,1,1,A,-,01,23152,A,N,F,A,A,A,H,-,A,D,0,,,Y,,Y,Y,C,06,1,0,0,0,0,0,0,0,1,"- ","- ",39.425739288330078,-123.39470672607422,MENDOCINO,UNINCORPORATED,-123.39509582519531,39.425899505615234
91847891,2022,2022-09-16,9150,2022-08-15,0621,021444,,1,1,9,2300,0,1,2,,1,012,US-101,"HENRY STATION RD",2640.00,S,N,A,-,Y,MEN,,101,,,15.936,H,,R,Y,2,0,3,2,A,-,08,22107,,N,E,I,A,A,D,-,B,A,0,,,,Y,Y,,G,25,1,0,2,0,0,0,0,0,0,"- ","- ",39.037731170654297,-123.14578247070312,MENDOCINO,UNINCORPORATED,-123.14579010009766,39.037723541259766
91852295,2022,2022-08-29,9150,2022-08-20,1815,020886,,6,2,9,2300,0,1,3,,2,041,"CUT-OFF ROAD","EEL RIVER ROAD",500.00,S,N,A,-,N,,,,,,,,,,N,2,0,1,1,A,-,01,23152,A,N,F,A,A,A,H,-,A,D,0,,,Y,,Y,Y,C,06,1,0,0,0,0,0,0,0,1,"- ","- ",39.377151489257812,-123.10317230224609,MENDOCINO,UNINCORPORATED,-123.10684967041016,39.372390747070312
91852920,2022,2022-08-30,9150,2022-08-19,1300,022888,,5,1,9,2300,0,1,3,,1,024,SR-175,"OLD TOLL RD",500.00,W,N,A,-,Y,,,,,,,,,,Y,2,0,1,2,A,-,09,21804,A,N,A,2,A,A,H,-,A,D,0,,,,,Y,,A,07,1,0,0,0,0,0,0,0,0,"- ","- ",39.147670745849609,-123.19918823242188,MENDOCINO,UNINCORPORATED,-123.07216644287109,38.975933074951172
91856474,2022,2022-09-02,9126,2022-09-02,1015,022628,,5,1,9,2300,0,3,5,,2,007,"LUPINE DRIVE","LUPINE WAY",2112.00,S,N,A,-,N,,,,,,,,,,Y,2,0,1,1,A,-,03,22350,,N,F,A,A,A,H,-,A,D,0,,,Y,,Y,,C,02,1,0,0,0,0,0,0,0,1,"- ","- ",39.449241638183594,-123.387451171875,MENDOCINO,UNINCORPORATED,-123.38726806640625,39.448589324951172
91857327,2022,2022-09-05,9126,2022-09-03,1215,022730,,6,1,9,2300,0,2,4,,1,001,"BRANSCOMB ROAD","MUDD CREEK ROAD",2112.00,E,N,A,-,N,,,,,,,,,,N,2,0,1,1,A,-,08,22107,,N,F,A,A,A,H,-,A,D,0,,,Y,,Y,,C,02,1,0,0,0,0,0,0,0,1,"- ","- ",39.644008636474609,-123.61347198486328,MENDOCINO,UNINCORPORATED,-123.61362457275391,39.643913269042969
91858150,2021,2022-09-06,9126,2021-08-05,1450,022420,,4,2,9,2300,0,1,2,,1,077,US-101,"VINCENT LANE",1500.00,S,N,A,-,Y,,,101,,,,,,,Y,1,1,1,2,A,-,05,21460,A,N,A,C,A,A,H,-,A,D,0,,,,Y,Y,,A,07,0,0,1,0,0,0,0,0,0,"- ","- ",39.658351898193359,-123.47766876220703,MENDOCINO,UNINCORPORATED,-123.47764587402344,39.658359527587891
91862139,2022,2023-11-02,9126,2022-08-11,1020,022628,,4,1,9,2300,0,2,4,,2,070,"SHERWOOD ROAD","LUPINE WAY",250.00,S,N,A,-,N,,,,,,,,,,Y,1,1,0,1,A,-,01,23152,F,N,E,I,A,A,H,-,A,D,0,,,,,Y,,D,22,0,0,0,0,0,0,0,0,0,"- ","- ",39.448711395263672,-123.38494873046875,MENDOCINO,UNINCORPORATED,-123.38498687744141,39.449836730957031
91862176,2022,2022-09-12,9150,2022-09-05,2055,022220,,1,2,9,2300,0,1,3,,1,062,SR-1,SR-20,2785.00,S,N,A,-,Y,MEN,,1,,,59.255,H,,R,Y,2,0,1,1,A,-,01,23152,A,N,A,I,A,A,H,-,C,D,0,,,,,Y,Y,A,07,1,0,0,0,0,0,0,0,0,"- ","- ",39.412429809570312,-123.80838775634766,MENDOCINO,UNINCORPORATED,-123.80812835693359,39.412441253662109
91866728,2022,2022-09-16,9126,2022-08-27,2105,022747,,6,2,9,2300,0,1,3,,2,050,SR-162,"LOGAN LANE",528.00,E,N,A,-,Y,MEN,,162,,,32.633,H,,R,Y,2,0,1,1,A,-,08,22107,,N,E,I,A,A,H,-,D,D,0,,,,,Y,,D,22,1,0,0,0,0,0,0,0,0,"- ","- ",39.816680908203125,-123.21307373046875,MENDOCINO,UNINCORPORATED,-123.21307373046875,39.816665649414062
91866942,2022,2022-09-16,9126,2022-08-19,2145,022747,,5,2,9,2300,0,1,3,,2,050,SR-162,"BIGGAR LANE",3696.00,W,N,A,-,Y,MEN,,162,,,29.621,H,,R,Y,2,0,1,2,A,-,08,22107,,N,C,C,A,A,H,-,C,D,0,,,,Y,Y,Y,A,01,1,0,0,0,0,0,0,0,0,"- ","- ",39.800449371337891,-123.24819946289062,MENDOCINO,UNINCORPORATED,-123.24812316894531,39.800449371337891
91869278,2022,2022-09-20,9150,2022-09-15,0100,022216,,4,3,9,2300,0,1,3,,1,037,"SR-20 W/B","IRMULCO ROAD",2884.00,E,N,A,-,Y,MEN,,20,,,27.213,H,,L,Y,2,0,1,1,A,-,08,22107,,N,E,I,A,A,H,-,D,D,0,,,,,Y,,D,22,1,0,0,0,0,0,0,0,0,"- ","- ",39.390998840332031,-123.44629669189453,MENDOCINO,UNINCORPORATED,-123.44622802734375,39.391036987304688
91875700,2022,2022-09-28,9150,2022-09-18,1246,022220,,7,1,9,2300,0,1,3,,1,065,SR-20,SR-1,102168.00,E,N,C,-,Y,MEN,,20,,,19.361,H,,R,Y,2,0,3,1,A,-,03,22350,,N,E,8,A,B,H,-,A,D,0,,,,,Y,,A,01,2,1,0,0,0,0,0,0,0,"- ","- ",39.346691131591797,-123.52317047119141,MENDOCINO,UNINCORPORATED,-123.52310943603516,39.346744537353516
91882205,2021,2022-10-04,9126,2021-08-30,2040,022033,,1,2,9,2300,0,1,2,,2,011,"US-101 N/B","SR-271 (PIERCY) UNDERCROSSING",528.00,N,N,A,-,Y,,,101,,,,,,N,Y,2,0,1,2,A,-,03,22350,,F,C,C,A,A,H,-,D,D,0,,,Y,,Y,,A,01,1,0,0,0,0,0,0,0,1,"- ","- ",39.970619201660156,-123.79768371582031,MENDOCINO,UNINCORPORATED,-123.79772186279297,39.970596313476562
91886165,2022,2022-10-10,9150,2022-10-01,1631,020886,,6,2,9,2300,0,1,2,,1,031,US-101,"MARIPOSA CREEK RD",1848.00,S,N,A,-,Y,MEN,,101,,,40.120,H,,R,Y,2,0,1,1,A,-,08,22107,,N,F,A,A,A,H,-,A,D,0,,,Y,,Y,,C,02,1,0,0,0,0,0,0,0,1,"- ","- ",39.331260681152344,-123.30461120605469,MENDOCINO,UNINCORPORATED,-123.30442047119141,39.331279754638672
91888396,2022,2022-10-12,9150,2022-10-04,1125,022150,,2,1,9,2300,0,1,3,,1,051,SR-1,"SEASIDE SCHOOL RD",193.00,N,N,A,-,Y,MEN,,1,,,3.400,H,,R,Y,2,0,2,2,A,-,08,22107,,N,B,C,A,A,H,-,A,D,0,,,,,Y,,D,22,1,1,0,0,0,0,0,0,0,"- ","- ",38.792919158935547,-123.56327819824219,MENDOCINO,UNINCORPORATED,-123.56329345703125,38.79290771484375
91898896,2022,2022-10-25,9150,2022-03-28,1726,021444,,1,2,9,2300,0,1,3,,1,024,SR-20,"POTTER VALLEY RD",1478.00,E,N,C,-,Y,MEN,,20,,R,38.352,H,,R,Y,1,1,5,3,A,-,03,22350,,N,D,C,A,B,F,-,A,D,0,,,,,Y,,A,01,2,3,0,0,0,0,0,0,0,"- ","- ",39.243110656738281,-123.12158203125,MENDOCINO,UNINCORPORATED,-123.12159729003906,39.243083953857422
91898992,2022,2022-10-25,9150,2022-07-27,0420,022228,,3,3,9,2300,0,1,2,,2,022,"US-101 SB TO WEST RD.","WEST RD",300.00,N,N,A,-,Y,,,,,,,,,,N,1,1,0,2,A,-,11,21956,A,N,G,B,E,A,H,-,D,D,0,Y,,,,Y,,N,60,0,0,0,1,0,0,0,0,0,"- ","- ",39.262088775634766,-123.22509765625,MENDOCINO,UNINCORPORATED,-123.22509765625,39.262088775634766
91899041,2022,2022-10-25,9150,2022-08-14,1825,021958,,7,2,9,2300,0,1,2,,2,021,"US-101 SOUTHBOUND","TALMAGE RD",361.00,S,N,A,-,Y,,,,,,,,,,Y,1,1,0,2,A,-,08,22107,,N,A,C,A,A,H,-,A,A,0,,,Y,,Y,,A,07,0,0,0,0,0,0,0,1,0,"- ","- ",39.134780883789062,-123.19682312011719,MENDOCINO,UNINCORPORATED,-123.19577789306641,39.135108947753906
91913959,2022,2022-11-09,9150,2022-10-31,1620,022150,,1,2,9,2300,0,1,3,,1,065,SR-20,"CAMP ONE ACCESS RD",978.00,W,N,A,-,Y,MEN,,20,,,5.657,H,,R,Y,2,0,1,1,A,-,01,23152,A,N,F,I,A,A,H,-,A,D,0,,,,,Y,Y,A,07,1,0,0,0,0,0,0,0,0,"- ","- ",39.401779174804688,-123.71791076660156,MENDOCINO,UNINCORPORATED,-123.7178955078125,39.401786804199219
91914934,2021,2022-11-10,9126,2021-05-07,0120,022420,,5,3,9,2300,0,3,5,,2,007,"SHERWOOD ROAD","BIRCH TERRACE",1056.00,S,N,A,-,N,,,,,,,,,,N,1,1,0,2,A,-,08,22107,,F,G,B,E,A,H,-,D,D,0,Y,,,,Y,Y,A,01,0,0,0,1,0,0,0,0,0,"- ","- ",39.429790496826172,-123.37001037597656,MENDOCINO,UNINCORPORATED,-123.37158966064453,39.430347442626953
91924669,2022,2022-11-22,9126,2022-10-26,2340,022815,,3,3,9,2300,0,3,5,,2,007,"GOOSE ROAD","PERCH LANE",375.00,N,N,A,-,N,,,,,,,,,,Y,2,0,1,1,A,-,01,23152,A,N,E,I,A,A,H,-,C,A,0,,,,,Y,Y,A,07,1,0,0,0,0,0,0,0,0,"- ","- ",39.440689086914062,-123.39427947998047,MENDOCINO,UNINCORPORATED,-123.39424133300781,39.440704345703125
91929435,2022,2022-11-29,9150,2022-11-19,1735,022276,,6,2,9,2300,0,1,3,,1,051,SR-1,"IVERSEN RD",2112.00,S,N,A,-,Y,MEN,,1,,,9.384,H,,R,N,2,0,1,1,A,-,01,23152,A,N,E,I,A,A,H,-,A,D,0,,,,,Y,Y,A,01,1,0,0,0,0,0,0,0,0,"- ","- ",38.845649719238281,-123.63849639892578,MENDOCINO,UNINCORPORATED,-123.63847351074219,38.845565795898438
91931686,2022,2022-12-01,9150,2022-11-20,2215,022156,,7,3,9,2300,0,1,3,,1,062,SR-1,"SIMPSON LN.",0.00,,Y,A,-,Y,MEN,,1,,,59.243,H,,R,Y,2,0,1,1,A,-,01,23152,A,M,F,8,A,A,H,-,D,D,0,,,Y,,Y,Y,C,02,1,0,0,0,0,0,0,0,1,"- ","- ",39.412330627441406,-123.80829620361328,MENDOCINO,UNINCORPORATED,-123.80818939208984,39.412281036376953
91931714,2022,2022-12-01,9150,2022-11-28,1310,015775,,1,1,9,2300,0,1,3,,2,041,SR-128,"BIG OAKS DR.",5808.00,E,N,A,-,Y,MEN,,128,,,41.243,H,,R,Y,2,0,2,2,A,-,03,22350,,N,C,C,A,A,H,-,A,D,0,,,,,Y,,D,22,1,1,0,0,0,0,0,0,0,"- ","- ",38.899600982666016,-123.21862030029297,MENDOCINO,UNINCORPORATED,-123.21868133544922,38.899509429931641
91935197,2022,2022-12-06,9150,2022-11-26,1725,022276,,6,2,9,2300,0,1,3,,1,062,SR-1,"SIMPSON LN",141.00,N,N,A,-,Y,MEN,,1,,,59.294,H,,R,N,2,0,1,1,A,-,03,22350,,N,F,A,A,A,H,-,A,D,0,,,Y,,Y,,C,02,1,0,0,0,0,0,0,0,1,"- ","- ",39.412940979003906,-123.80831146240234,MENDOCINO,UNINCORPORATED,-123.80828094482422,39.412940979003906
91942427,2021,2022-12-20,9150,2021-08-07,0140,021816,,6,3,9,2300,0,1,2,,1,012,"RIVINO RANCH OVERCROSSING","BURKE HILL RD",0.00,,Y,A,-,Y,,,,,,,,,,Y,1,1,2,1,A,-,03,22350,,N,E,8,A,A,H,-,D,A,0,,,,,Y,,A,01,2,0,0,0,0,0,0,0,0,"- ","- ",39.096969604492188,-123.19019317626953,MENDOCINO,UNINCORPORATED,,
9194549,2020,2021-01-29,2304,2020-09-23,1614,3525,WPD,3,5,2,2304,0,0,0,,0,,"MAIN ST","MADRONE DR",0.00,,Y,A,-,N,,,,,,,,,,Y,2,0,2,2,A,-,08,22107,,N,D,C,A,A,H,-,A,D,0,,,,,Y,Y,D,22,1,0,1,0,0,0,0,0,0,"- ","- ",,,MENDOCINO,WILLITS,-123.34973907470703,39.400909423828125
9194557,2020,2021-01-22,2304,2020-03-10,0807,3505,,2,5,2,2304,0,0,0,,0,001,"RT 101","GREGORY LN",0.00,,Y,A,-,N,,,,,,,,,,Y,2,0,1,2,A,-,09,21804,A,N,D,C,A,A,H,-,A,D,0,,,,Y,Y,,A,01,1,0,0,0,0,0,0,0,0,"- ","- ",,,MENDOCINO,WILLITS,-123.34887000000001,39.394550000000002
91947393,2022,2022-12-20,9150,2022-06-27,1826,019107,,1,2,9,2300,0,1,2,,1,031,"US 101","WEST RD",2640.00,S,N,A,-,Y,MEN,,101,,R,32.063,H,,L,Y,1,1,1,2,A,-,08,22107,,N,D,C,A,A,H,-,A,D,0,,,,,Y,,-,"- ",1,0,0,0,0,0,0,0,0,"- ","- ",39.256141662597656,-123.21544647216797,MENDOCINO,UNINCORPORATED,-123.21546936035156,39.256126403808594
91947396,2022,2022-12-20,9150,2022-10-29,0545,022170,,6,3,9,2300,0,1,2,,1,010,"US-101 N/B","LA FRANCHI RD",436.00,N,N,A,-,Y,MEN,,101,,,9.964,H,,R,Y,1,1,0,1,A,-,08,22107,,N,E,I,A,D,H,-,D,D,0,,,,,Y,,A,07,0,0,0,0,0,0,0,0,0,"- ","- ",38.958980560302734,-123.11042022705078,MENDOCINO,UNINCORPORATED,-123.11045837402344,38.958957672119141