CASE_ID,ACCIDENT_YEAR,PROC_DATE,JURIS,COLLISION_DATE,COLLISION_TIME,OFFICER_ID,REPORTING_DISTRICT,DAY_OF_WEEK,CHP_SHIFT,POPULATION,CNTY_CITY_LOC,SPECIAL_COND,BEAT_TYPE,CHP_BEAT_TYPE,CITY_DIVISION_LAPD,CHP_BEAT_CLASS,BEAT_NUMBER,PRIMARY_RD,SECONDARY_RD,DISTANCE,DIRECTION,INTERSECTION,WEATHER_1,WEATHER_2,STATE_HWY_IND,CALTRANS_COUNTY,CALTRANS_DISTRICT,STATE_ROUTE,ROUTE_SUFFIX,POSTMILE_PREFIX,POSTMILE,LOCATION_TYPE,RAMP_INTERSECTION,SIDE_OF_HWY,TOW_AWAY,COLLISION_SEVERITY,NUMBER_KILLED,NUMBER_INJURED,PARTY_COUNT,PRIMARY_COLL_FACTOR,PCF_CODE_OF_VIOL,PCF_VIOL_CATEGORY,PCF_VIOLATION,PCF_VIOL_SUBSECTION,HIT_AND_RUN,TYPE_OF_COLLISION,MVIW,PED_ACTION,ROAD_SURFACE,ROAD_COND_1,ROAD_COND_2,LIGHTING,CONTROL_DEVICE,CHP_ROAD_TYPE,PEDESTRIAN_ACCIDENT,BICYCLE_ACCIDENT,MOTORCYCLE_ACCIDENT,TRUCK_ACCIDENT,NOT_PRIVATE_PROPERTY,ALCOHOL_INVOLVED,STWD_VEHTYPE_AT_FAULT,CHP_VEHTYPE_AT_FAULT,COUNT_SEVERE_INJ,COUNT_VISIBLE_INJ,COUNT_COMPLAINT_PAIN,COUNT_PED_KILLED,COUNT_PED_INJURED,COUNT_BICYCLIST_KILLED,COUNT_BICYCLIST_INJURED,COUNT_MC_KILLED,COUNT_MC_INJURED,PRIMARY_RAMP,SECONDARY_RAMP,LATITUDE,LONGITUDE,COUNTY,CITY,POINT_X,POINT_Y
91961262,2022,2023-01-05,9150,2022-12-24,1719,022276,,6,2,9,2300,0,1,3,,1,051,SR-1,"PIRATES DR",440.00,N,N,B,-,Y,MEN,,1,,,3.349,H,,R,N,2,0,1,1,A,-,01,23152,A,N,E,I,A,B,H,-,D,D,0,,,,,Y,Y,A,08,1,0,0,0,0,0,0,0,0,"- ","- ",38.792530059814453,-123.56243133544922,MENDOCINO,UNINCORPORATED,-123.5625,38.792465209960938
91967171,2023,2023-01-12,9150,2023-01-11,"815 ",015775,,3,1,9,2300,0,1,2,,1,010,"US-101 (S/B)","GEYSERS RD",1214.00,N,N,C,-,Y,MEN,,101," "," ",1.952,H,,R,Y,2,0,1,1,A,-,03,22350,,N,E,I,A,B,H,-,B,D,0,,,,,Y,,D,22,1,0,0,0,0,0,0,0,0,"- ","- ",38.875408172607422,-123.04537963867188,MENDOCINO,UNINCORPORATED,-123.04518127441406,38.875411987304688
91978714,2023,2023-01-26,9150,2023-01-18,"630 ",023109,HOPLA,3,1,9,2300,0,3,5,,2,001,"EAST SIDE RANCHERIA RD.","NOKOMIS RD.  AT EASTSIDE RANCHARIA RD.",0.00,,Y,E,-,N,,,,,,,,,,Y,2,0,3,1,A,-,08,22107,,F,E,I,A,A,H,-,E,A,0,,,,,Y,,A,08,2,1,0,0,0,0,0,0,0,"- ","- ",38.979648590087891,-123.05809020996094,MENDOCINO,UNINCORPORATED,-123.05793762207031,38.979629516601562
91983032,2023,2023-01-31,9126,2023-01-22,2015,022610,,7,2,9,2300,0,2,4,,2,005,"DOBIE LANE","HILL ROAD",0.00,,Y,A,-,N,,,,,,,,,,Y,2,0,1,1,A,-,01,23152,A,N,E,I,A,A,H,-,D,D,0,,,,,Y,Y,A,07,1,0,0,0,0,0,0,0,0,"- ","- ",39.752830505371094,-123.21083068847656,MENDOCINO,UNINCORPORATED,-123.21085357666016,39.75274658203125
91985344,2023,2023-02-02,9126,2023-01-22,"535 ",022730,,7,3,9,2300,0,1,2,,1,077,US-101,"TWIN PINES ROAD",2640.00,S,N,A,-,Y,MEN,,101," ",T,65.976,H,,R,N,2,0,1,1,A,-,01,23152,F,N,E,8,A,A,H,-,D,D,0,,,,,Y,,A,01,1,0,0,0,0,0,0,0,0,"- ","- ",39.640380859375,-123.47119903564453,MENDOCINO,UNINCORPORATED,-123.47130584716797,39.640327453613281
92004374,2022,2023-02-27,9126,2022-11-05,1155,022420,,6,1,9,2300,0,1,2,,2,011,"US-101 SOUTHBOUND","SR-271 CUMMINGS ROAD UNDERCROSSING",1320.00,S,N,B,C,Y,MEN,,101,,,83.755,H,,L,Y,1,1,1,1,A,-,03,22350,,N,E,8,A,B,H,-,A,D,0,,,,,Y,,D,22,1,0,0,0,0,0,0,0,0,"- ","- ",39.830551147460938,-123.61521911621094,MENDOCINO,UNINCORPORATED,-123.61522674560547,39.830524444580078
92018921,2023,2023-03-15,9150,2023-03-09,"935 ",016075,,4,1,9,2300,0,1,2,,1,031,"US-101 N/B","MOBILE VILLAGE WAY",16896.00,S,N,B,C,Y,MEN,,101," "," ",37.616,H,,R,Y,2,0,1,1,A,-,03,22350,,N,E,8,A,B,H,-,A,D,0,,,,,Y,,D,22,1,0,0,0,0,0,0,0,0,"- ","- ",39.300319671630859,-123.29358673095703,MENDOCINO,UNINCORPORATED,-123.29360961914062,39.300285339355469
92021111,2023,2023-03-17,9150,2023-03-09,"155 ",023008,,4,3,9,2300,0,1,3,,2,061,"SR-128 W/B","FLYNN CREEK RD",3168.00,E,N,A,-,N,,,,,,,,,,N,2,0,1,1,A,-,08,22107,,N,E,I,A,A,H,-,D,A,0,,,,,Y,,A,01,1,0,0,0,0,0,0,0,0,"- ","- ",39.159080505371094,-123.57256317138672,MENDOCINO,UNINCORPORATED,-123.57260894775391,39.159114837646484
92027274,2023,2023-08-04,9150,2023-03-16,2500,021804,,4,4,9,2300,0,3,5,,2,003,"BALD MOUNTAIN RD",HWY-20W,260.00,E,N,E,-,N,,,,,,,,,,Y,2,0,1,1,A,-,03,22350,,N,F,A,A,B,H,-,D,D,0,,,,,Y,,A,07,1,0,0,0,0,0,0,0,0,"- ","- ",39.375850677490234,-123.32346343994141,MENDOCINO,UNINCORPORATED,,
92038755,2023,2023-04-06,9150,2023-03-25,1126,023109,,6,1,9,2300,0,2,4,,1,023,"NORTHBOUND US-101 OFF RAMP","NORTH STATE STREET",0.00,,Y,A,-,Y,,,,,,,,,,Y,2,0,2,2,A,-,09,21802,A,N,D,C,A,A,H,-,A,D,0,,,,,Y,,D,22,1,0,1,0,0,0,0,0,0,"- ","- ",39.172481536865234,-123.21151733398438,MENDOCINO,UNINCORPORATED,,
92038879,2023,2023-04-06,9150,2023-03-29,2003,023115,,3,2,9,2300,0,1,2,,2,021,"HIGHWAY 101","MILE POST MARKER 24.06",323.00,N,N,A,-,Y,MEN,,101," ",R,24.126,H,,R,Y,2,0,1,2,A,-,03,22350,,N,C,C,A,A,H,-,D,D,0,,,,Y,Y,,-,"- ",1,0,0,0,0,0,0,0,0,"- ","- ",39.145790100097656,-123.19658660888672,MENDOCINO,UNINCORPORATED,-123.19630432128906,39.145801544189453
92053707,2023,2023-04-26,9150,2023-03-31,1828,020886,,5,2,9,2300,0,1,3,,2,042,SR-128,"SCHOENAHL ROAD",800.00,W,N,B,-,Y,MEN,,128," ",R,27.845,H,,R,Y,1,1,0,1,A,-,08,22107,,N,F,0,A,A,H,-,A,D,0,,,Y,,Y,,C,02,0,0,0,0,0,0,0,1,0,"- ","- ",39.02008056640625,-123.37532806396484,MENDOCINO,UNINCORPORATED,-123.37537384033203,39.020053863525391
92060601,2022,2023-05-03,9126,2022-10-09,1620,022602,,7,2,9,2300,0,1,2,,2,011,US-101,"MPM 101 MEN 93.56",54.00,N,N,A,-,Y,MEN,,101,,,93.591,H,,R,Y,1,1,0,1,A,-,08,22107,,N,F,A,A,A,H,-,A,D,0,,,Y,,Y,,C,02,0,0,0,0,0,0,0,1,0,"- ","- ",39.876941680908203,-123.72093200683594,MENDOCINO,UNINCORPORATED,-123.72090148925781,39.877067565917969
92064120,2023,2023-05-08,9126,2023-04-22,"935 ",022610,,6,1,9,2300,0,1,2,,1,077,"US-101 N/B","101 MEN 63.56",306.00,S,N,A,-,Y,MEN,,101," "," ",63.499,H,,R,Y,2,0,1,1,A,-,08,22107,,N,E,8,A,A,H,-,A,D,0,,,Y,,Y,,C,02,1,0,0,0,0,0,0,0,1,"- ","- ",39.609359741210938,-123.4581298828125,MENDOCINO,UNINCORPORATED,-123.45812225341797,39.609363555908203
92076462,2023,2023-05-24,9150,2023-05-16,1350,023115,,2,1,9,2300,0,3,5,,2,002,"EEL RIVER RD","RIDGEWAY HWY",615.00,S,N,A,-,Y,,,,,,,,,,N,2,0,1,1,A,-,08,22107,,N,E,I,A,A,H,-,A,D,0,,,Y,,Y,Y,C,02,1,0,0,0,0,0,0,0,1,"- ","- ",39.381690979003906,-123.09854888916016,MENDOCINO,UNINCORPORATED,-123.09844970703125,39.381694793701172
92082258,2023,2023-05-31,9150,2023-05-25,"710 ",023203,,4,1,9,2300,0,3,5,,2,002,"COUNTY ROAD B","COUNTY ROAD A",0.00,,Y,A,-,N,,,,,,,,,,Y,2,0,1,1,A,-,03,22350,,N,E,I,A,A,H,-,B,A,0,,,,,Y,,A,01,1,0,0,0,0,0,0,0,0,"- ","- ",39.241428375244141,-123.17964172363281,MENDOCINO,UNINCORPORATED,,
92092293,2023,2023-06-13,9150,2023-06-08,1316,022276,,4,1,9,2300,0,1,3,,1,064,SR-1,"ROCKPORT ST",10560.00,S,N,A,-,Y,MEN,,1," "," ",85.856,H,,R,N,2,0,1,1,A,-,08,22107,,N,F,A,A,A,H,-,A,D,0,,,Y,,Y,,C,02,1,0,0,0,0,0,0,0,1,"- ","- ",39.724990844726562,-123.80834197998047,MENDOCINO,UNINCORPORATED,-123.80838012695312,39.724948883056641
92093269,2023,2023-06-14,9150,2023-06-08,1510,019107,,4,2,9,2300,0,3,5,,2,002,"LOW GAP RD","DESPINA DR",36749.00,W,N,A,-,N,,,,,,,,,,Y,2,0,1,1,A,-,08,22107,,N,F,0,A,A,H,-,A,D,0,,,Y,,Y,,C,02,1,0,0,0,0,0,0,0,1,"- ","- ",39.159080505371094,-123.31668853759766,MENDOCINO,UNINCORPORATED,-123.31781768798828,39.158721923828125
92093721,2022,2023-06-14,9126,2022-08-16,0120,022747,,2,3,9,2300,0,1,3,,2,050,SR-162,US-101,42240.00,E,N,A,-,Y,MEN,,162,,,8.012,H,,R,Y,1,1,1,1,A,-,08,22107,,N,F,0,A,A,H,-,D,D,0,,,,,Y,,D,22,0,1,0,0,0,0,0,0,0,"- ","- ",39.623149871826172,-123.34763336181641,MENDOCINO,UNINCORPORATED,-123.34759521484375,39.623134613037109
92095139,2023,2023-06-15,9126,2023-06-08,1930,022730,,4,2,9,2300,0,3,5,,2,007,"BLUE LAKE  ROAD","RIDGE ROAD",1056.00,W,N,B,-,N,,,,,,,,,,N,2,0,1,3,A,-,08,22107,,N,C,G,A,A,H,-,A,D,0,,Y,Y,,Y,,L,04,1,0,0,0,0,0,1,0,0,"- ","- ",39.463871002197266,-123.43611145019531,MENDOCINO,UNINCORPORATED,-123.43637084960938,39.463958740234375
92098129,2023,2023-06-20,9150,2023-06-17,2100,022216,,6,2,9,2300,0,1,3,,1,024,SR-20,"MEN SR-20 MPM 42.87",82.00,W,N,A,-,Y,MEN,,20," "," ",42.870,H,,R,Y,2,0,2,1,C,-,18,,,N,H,H,A,A,H,-,D,D,0,,,Y,,Y,,-,"- ",2,0,0,0,0,0,0,0,2,"- ","- ",39.204879760742188,-123.05699920654297,MENDOCINO,UNINCORPORATED,-123.0570068359375,39.204875946044922
92098219,2023,2023-06-20,9126,2023-05-27,1902,022751,,6,2,9,2300,0,1,2,,2,011,"US-101 N/B","SR 271 UNDER CROSSING",792.00,S,N,A,-,Y,MEN,,101," ",R,103.679,H,,R,N,2,0,1,1,A,-,08,22107,,N,E,8,A,A,H,-,A,D,0,,,,,Y,,D,22,1,0,0,0,0,0,0,0,0,"- ","- ",39.964580535888672,-123.79335021972656,MENDOCINO,UNINCORPORATED,-123.79341125488281,39.964530944824219
92100096,2023,2023-06-22,9150,2023-06-20,1255,022150,,2,1,9,2300,0,1,3,,1,062,SR-1,"PEARL DR",0.00,,Y,A,-,Y,MEN,,1," "," ",57.876,H,,R,Y,2,0,2,2,A,-,05,21460,A,N,D,C,A,A,H,-,A,D,0,,,Y,,Y,,C,02,1,0,1,0,0,0,0,0,1,"- ","- ",39.392799377441406,-123.81067657470703,MENDOCINO,UNINCORPORATED,-123.81072235107422,39.392810821533203
92110866,2023,2023-07-06,9150,2023-06-24,"535 ",023115,,6,3,9,2300,0,1,3,,1,024,"STATE HIGHWAY 20","COUNTY ROAD 144",400.00,E,N,B,-,Y,MEN,,20," "," ",34.031,H,,R,Y,2,0,4,2,A,-,01,23153,A,N,A,C,A,A,H,-,B,D,0,,,,,Y,Y,A,01,3,1,0,0,0,0,0,0,0,"- ","- ",39.241500854492188,-123.19470977783203,MENDOCINO,UNINCORPORATED,-123.19468688964844,39.241512298583984
92110970,2023,2023-07-06,9150,2023-06-24,1354,021816,,6,1,9,2300,0,2,4,,2,026,"EASTSIDE POTTER VALLEY RD","MAIN ST",0.00,,Y,A,-,N,,,,,,,,,,Y,2,0,1,1,A,-,03,22350,,N,F,I,A,A,H,-,A,D,0,,,Y,,Y,,C,06,1,0,0,0,0,0,0,0,1,"- ","- ",39.321781158447266,-123.09555053710938,MENDOCINO,UNINCORPORATED,-123.09505462646484,39.321628570556641
92113206,2023,2023-07-10,9126,2023-06-30,1730,023141,,5,2,9,2300,0,1,3,,2,010,SR-1,"WESTSIDE ROAD",10560.00,N,N,A,-,Y,MEN,,1," "," ",100.365,H,,R,N,2,0,1,1,A,-,03,22350,,N,F,A,A,A,H,-,A,A,0,,,Y,,Y,,C,02,1,0,0,0,0,0,0,0,1,"- ","- ",39.857128143310547,-123.76280212402344,MENDOCINO,UNINCORPORATED,-123.76277160644531,39.857112884521484
92115140,2023,2023-07-12,9150,2023-07-03,1740,021958,,1,2,9,2300,0,1,3,,1,037,SR-20,"IRMULCO RD",7920.00,E,N,A,-,Y,MEN,,20," "," ",27.233,H,,R,Y,2,0,2,1,A,-,08,22107,,N,E,I,A,A,H,-,A,D,0,,,,,Y,,A,08,1,1,0,0,0,0,0,0,0,"- ","- ",39.390800476074219,-123.44597625732422,MENDOCINO,UNINCORPORATED,-123.44596099853516,39.390830993652344
92115183,2023,2023-07-12,9150,2023-07-07,1308,023140,,5,1,9,2300,0,1,3,,1,065,SR-20,20MEN9.00,500.00,E,N,A,-,Y,MEN,,20," "," ",9.035,H,,R,Y,2,0,2,2,A,-,03,22350,,N,C,C,A,A,H,-,A,D,0,,,,,Y,,A,01,2,0,0,0,0,0,0,0,0,"- ","- ",39.369228363037109,-123.67955780029297,MENDOCINO,UNINCORPORATED,-123.67949676513672,39.369232177734375
92125282,2023,2023-07-25,9126,2023-07-13,"920 ",022730,,4,1,9,2300,0,1,2,,1,077,US-101,"RAMSEY ROAD",528.00,S,N,A,-,Y,MEN,,101," "," ",69.159,H,,R,Y,2,0,2,2,A,-,09,21804,A,N,D,C,A,A,H,-,A,D,0,,,,,Y,,A,07,1,1,0,0,0,0,0,0,0,"- ","- ",39.684421539306641,-123.47872924804688,MENDOCINO,UNINCORPORATED,-123.4786376953125,39.684478759765625
92126881,2023,2023-10-26,9150,2023-05-11,"50  ",023008,,4,3,9,2300,0,1,3,,2,042,SR-128,"MPM 13.18",215.50,E,N,A,-,Y,,,,,,,,,,Y,1,1,1,1,A,-,08,22107,,N,E,I,A,A,H,-,D,D,0,,,,Y,Y,,F,26,1,0,0,0,0,0,0,0,0,"- ","- ",36.160938262939453,-123.55869293212891,MENDOCINO,UNINCORPORATED,,
92131003,2023,2023-12-13,9126,2023-07-01,"525 ",022610,,6,3,9,2300,0,1,2,,2,055,US-101,"MILE POST MARKER 101 MEN 75.33",214.00,N,N,A,-,Y,MEN,,101," "," ",75.338,H,,R,Y,1,1,0,1,A,-,01,23152,A,N,E,8,A,A,H,-,B,D,0,,,,,Y,Y,A,01,0,0,0,0,0,0,0,0,0,"- ","- ",39.756870269775391,-123.53691101074219,MENDOCINO,UNINCORPORATED,-123.53696441650391,39.756866455078125
92134293,2023,2023-08-02,9150,2023-07-23,1020,021816,,7,1,9,2300,0,1,2,,1,012,US-101,RIVINO,1056.00,N,N,B,-,Y,MEN,,101," "," ",20.954,H,,R,Y,2,0,1,2,A,-,01,23152,A,N,B,C,A,A,H,-,A,D,0,,,,,Y,Y,A,01,1,0,0,0,0,0,0,0,0,"- ","- ",39.100601196289062,-123.19138336181641,MENDOCINO,UNINCORPORATED,-123.19150543212891,39.100547790527344
92146803,2023,2023-08-17,9150,2023-08-04,1816,019107,,5,2,9,2300,0,1,3,,1,024,SR-20,"COLD CREEK BRIDGE",2112.00,E,N,A,-,Y,MEN,,20," ",R,38.740,H,,R,Y,2,0,3,3,A,-,05,21460,A,N,B,C,A,A,H,-,A,D,0,,,,,Y,,A,07,1,1,1,0,0,0,0,0,0,"- ","- ",39.240371704101562,-123.11508941650391,MENDOCINO,UNINCORPORATED,-123.11510467529297,39.2403564453125
92147725,2023,2023-08-18,9150,2023-08-08,2245,023008,,2,3,9,2300,0,1,2,,1,012,US-101,"HEWLITT STURTEVANT ROAD",313.00,N,N,A,-,Y,MEN,,101," "," ",12.483,H,,R,Y,2,0,4,2,A,-,06,21751,,N,A,2,A,A,H,-,D,A,0,,,,,Y,,A,01,3,1,0,0,0,0,0,0,0,"- ","- ",38.993560791015625,-123.11887359619141,MENDOCINO,UNINCORPORATED,-123.11866760253906,38.993549346923828
92150066,2023,2023-08-22,9150,2023-08-13,"50  ",023115,,7,3,9,2300,0,3,5,,2,002,"WATSON RD","VICHY SPRINGS RD",320.00,S,N,A,-,N,,,,,,,,,,Y,2,0,1,1,A,-,08,22107,,N,E,I,A,A,H,-,D,B,0,,,,,Y,,A,01,1,0,0,0,0,0,0,0,0,"- ","- ",39.155059814453125,-123.18244934082031,MENDOCINO,UNINCORPORATED,-123.18257141113281,39.155242919921875
92156106,2023,2023-08-28,9126,2023-08-20,1600,022730,,7,2,9,2300,0,3,5,,2,555,"MENDOCINO PASS ROAD",SR-162,15840.00,E,N,B,-,N,,,,,,,,,,Y,2,0,1,1,A,-,08,22107,,N,E,8,A,A,H,-,A,D,0,,,,,Y,,D,22,1,0,0,0,0,0,0,0,0,"- ","- ",39.836650848388672,-123.15721893310547,MENDOCINO,UNINCORPORATED,-123.19610595703125,39.823928833007812
92156304,2023,2023-08-28,9150,2023-04-04,"610 ",016075,,2,1,9,2300,0,1,2,,2,022,"US-101 N/B","POMO LN U/C",0.00,,Y,B,-,Y,MEN,,101," "," ",28.574,H,,R,Y,1,3,0,1,A,-,01,23152,A,N,E,I,A,A,H,-,B,D,0,,,,,Y,,A,01,0,0,0,0,0,0,0,0,0,"- ","- ",39.207550048828125,-123.20548248291016,MENDOCINO,UNINCORPORATED,-123.20561981201172,39.207584381103516
92157134,2023,2023-08-29,9150,2023-08-22,2310,023203,,2,3,9,2300,0,3,5,,2,002,"WEST ROAD","COUNTY ROAD N",23.00,S,N,A,-,N,,,,,,,,,,Y,2,0,1,2,A,-,01,23152,,N,B,4,A,A,H,-,D,D,0,,,,,Y,,A,01,1,0,0,0,0,0,0,0,0,"- ","- ",39.271999359130859,-123.21983337402344,MENDOCINO,UNINCORPORATED,,
92159718,2023,2023-08-31,9150,2023-08-26,1608,022276,,6,2,9,2300,0,1,3,,1,062,SR-1,"NAVARRO RIDGE RD",6864.00,S,N,A,-,Y,MEN,,1," "," ",41.090,H,,R,N,2,0,2,1,A,-,08,22107,,N,F,A,A,A,H,-,A,D,0,,,Y,,Y,,C,02,1,1,0,0,0,0,0,0,2,"- ","- ",39.196529388427734,-123.75955963134766,MENDOCINO,UNINCORPORATED,-123.75954437255859,39.196514129638672
92161007,2023,2023-09-01,9150,2023-08-24,1412,020886,,4,2,9,2300,0,2,4,,2,025,"SCHOOL ROAD","EAST ROAD",0.00,W,N,A,-,N,,,,,,,,,,Y,2,0,1,2,A,-,01,23152,A,N,D,C,A,A,H,-,A,D,0,,,,,Y,Y,A,01,1,0,0,0,0,0,0,0,0,"- ","- ",39.265148162841797,-123.20445251464844,MENDOCINO,UNINCORPORATED,-123.2041015625,39.265216827392578
92185689,2023,2023-10-02,9150,2023-09-23,"136 ",023109,,6,3,9,2300,0,1,2,,1,010,US-101,"US-101 MPM 9.15",781.00,N,N,A,-,Y,MEN,,101," "," ",9.355,H,,R,Y,2,0,4,2,A,-,01,23152,A,N,A,C,A,A,H,-,D,D,0,,,,,Y,Y,D,22,3,1,0,0,0,0,0,0,0,"- ","- ",38.953868865966797,-123.10166931152344,MENDOCINO,UNINCORPORATED,-123.10167694091797,38.953849792480469
92186163,2023,2023-10-02,9126,2023-09-22,1400,022610,,5,2,9,2300,0,1,3,,2,050,SR-162,"EBERLE STREET",0.00,,Y,A,-,Y,MEN,,162," "," ",28.913,H,,R,Y,2,0,2,2,A,-,09,21802,B,N,D,2,A,A,H,-,A,D,0,,,Y,,Y,,C,02,1,1,0,0,0,0,0,0,1,"- ","- ",39.790191650390625,-123.24822998046875,MENDOCINO,UNINCORPORATED,-123.24821472167969,39.790191650390625
92191792,2023,2023-10-05,9150,2023-09-30,"215 ",023109,,6,3,9,2300,0,3,5,,2,002,"EAST ROAD","COUNTY ROAD C",160.00,S,N,B,-,N,,,,,,,,,,N,2,0,1,1,C,-,18,,,N,E,I,A,B,G,-,D,D,0,,,Y,,Y,,-,"- ",1,0,0,0,0,0,0,0,1,"- ","- ",39.260250091552734,-123.20290374755859,MENDOCINO,UNINCORPORATED,,
92222896,2023,2023-10-30,9150,2023-10-19,2121,020886,,4,2,9,2300,0,1,2,,1,010,US-101,"COMMINSKI ROAD",550.00,N,N,A,-,Y,MEN,,101," "," ",3.224,H,,R,Y,2,0,2,2,A,-,01,23152,A,N,E,8,A,A,H,-,D,D,0,,,,,Y,Y,A,01,1,1,0,0,0,0,0,0,0,"- ","- ",38.889778137207031,-123.05304718017578,MENDOCINO,UNINCORPORATED,-123.05315399169922,38.8897705078125
92236735,2023,2023-11-15,9126,2023-10-28,1940,022730,,6,2,9,2300,0,3,5,,2,555,"HULL MOUNTAIN ROAD","FOREST ROUTE 1N02",1056.00,S,N,A,-,N,,,,,,,,,,Y,2,0,1,1,A,-,01,23152,A,N,F,A,A,A,H,-,D,D,0,,,,,Y,Y,D,22,1,0,0,0,0,0,0,0,0,"- ","- ",39.520660400390625,-122.93923187255859,MENDOCINO,UNINCORPORATED,,
92243562,2023,2023-11-23,9150,2023-11-18,"515 ",022888,,6,3,9,2300,0,1,2,,1,010,US-101,"EASTSIDE RD",8976.00,S,N,C,G,Y,MEN,,101," "," ",7.990,H,,R,Y,2,0,1,1,A,-,03,22350,,N,E,I,A,B,H,-,B,D,0,,,,,Y,,A,01,1,0,0,0,0,0,0,0,0,"- ","- ",38.944488525390625,-123.08078002929688,MENDOCINO,UNINCORPORATED,-123.08046722412109,38.944568634033203
92243876,2023,2023-11-24,9150,2023-11-15,1955,020886,,3,2,9,2300,0,1,2,,1,031,US-101,SR-20,2640.00,S,N,B,-,Y,MEN,,101," ",R,42.750,H,,R,Y,2,0,1,1,A,-,08,22107,,N,F,A,A,A,D,-,D,A,0,,,,,Y,,A,01,1,0,0,0,0,0,0,0,0,"- ","- ",39.363521575927734,-123.31526184082031,MENDOCINO,UNINCORPORATED,-123.31519317626953,39.363517761230469
92246640,2023,2023-11-28,9150,2023-11-11,"402 ",020886,,6,3,9,2300,0,1,2,,1,031,US-101,"BLACK BART DR",4224.00,N,N,E,-,Y,MEN,,101," "," ",41.690,H,,R,Y,1,1,0,2,C,-,18,,,M,G,1,A,B,D,-,D,D,0,,,,,Y,,-,"- ",0,0,0,0,0,0,0,0,0,"- ","- ",39.349521636962891,-123.32241821289062,MENDOCINO,UNINCORPORATED,-123.32231903076172,39.349529266357422
92256534,2023,2023-12-07,9150,2023-12-01,1434,023140,,5,2,9,2300,0,1,3,,1,052,SR-1,"SEA CYPRESS DRIVE",7920.00,N,N,C,-,Y,MEN,,1," "," ",27.036,H,,R,Y,2,0,1,2,A,-,05,21460,A,N,A,C,A,B,H,-,A,D,0,,,Y,,Y,,C,02,1,0,0,0,0,0,0,0,1,"- ","- ",39.049980163574219,-123.68476104736328,MENDOCINO,UNINCORPORATED,-123.68474578857422,39.049968719482422
92257271,2022,2023-12-08,9150,2022-12-26,0115,022557,,1,3,9,2300,0,2,4,,2,026,"EEL RIVER RD","GIBSON LN",1548.00,S,N,E,-,N,,,,,,,,,,N,1,1,3,2,A,-,01,23152,A,N,A,C,A,B,H,-,D,D,0,,,,,Y,Y,A,07,3,0,0,0,0,0,0,0,0,"- ","- ",39.332389831542969,-123.10115051269531,MENDOCINO,UNINCORPORATED,-123.10116577148438,39.332366943359375
92261490,2023,2023-12-15,9126,2023-10-30,1715,022466,,1,2,9,2300,0,1,2,,2,055,"US-101 N/B","HARGUS ROAD",2565.00,S,N,A,-,Y,MEN,,101," "," ",76.145,H,,R,Y,2,0,1,1,A,-,03,22350,,N,F,0,A,A,H,-,A,A,0,,,,Y,Y,,G,25,1,0,0,0,0,0,0,0,0,"- ","- ",39.767749786376953,-123.5438232421875,MENDOCINO,UNINCORPORATED,-123.5439453125,39.767681121826172
92268672,2023,2023-12-21,9126,2023-12-14,"345 ",022730,,4,3,9,2300,0,1,2,,1,077,US-101,"RYAN CREEK ROAD",5280.00,N,N,A,-,Y,MEN,,101," "," ",53.423,H,,R,Y,2,0,2,2,A,-,21,22106,,N,A,C,A,A,H,-,D,D,0,,,,Y,Y,,A,07,1,1,0,0,0,0,0,0,0,"- ","- ",39.496578216552734,-123.3680419921875,MENDOCINO,UNINCORPORATED,-123.36807250976562,39.496551513671875
92269589,2023,2023-12-22,9126,2023-11-12,1240,022610,,7,1,9,2300,0,1,2,,1,077,US-101,"STEELE LANE",2640.00,N,N,A,-,Y,MEN,,101," ",R,67.305,H,,R,Y,1,1,0,1,A,-,08,22107,,N,E,I,A,A,H,-,A,D,0,,,,,Y,,A,07,0,0,0,0,0,0,0,0,0,"- ","- ",39.658428192138672,-123.47769165039062,MENDOCINO,UNINCORPORATED,-123.47766876220703,39.658432006835938
92274231,2023,2023-12-28,9150,2023-12-19,2118,021816,,2,2,9,2300,0,1,2,,1,012,US-101,"1ST STREET",260.00,N,N,C,-,Y,MEN,,101," "," ",11.123,H,,R,Y,2,0,1,2,A,-,03,22350,,N,E,E,A,B,H,-,C,D,0,,,,,Y,,A,01,1,0,0,0,0,0,0,0,0,"- ","- ",38.974468231201172,-123.11572265625,MENDOCINO,UNINCORPORATED,-123.11566925048828,38.974456787109375