CASE_ID,ACCIDENT_YEAR,PROC_DATE,JURIS,COLLISION_DATE,COLLISION_TIME,OFFICER_ID,REPORTING_DISTRICT,DAY_OF_WEEK,CHP_SHIFT,POPULATION,CNTY_CITY_LOC,SPECIAL_COND,BEAT_TYPE,CHP_BEAT_TYPE,CITY_DIVISION_LAPD,CHP_BEAT_CLASS,BEAT_NUMBER,PRIMARY_RD,SECONDARY_RD,DISTANCE,DIRECTION,INTERSECTION,WEATHER_1,WEATHER_2,STATE_HWY_IND,CALTRANS_COUNTY,CALTRANS_DISTRICT,STATE_ROUTE,ROUTE_SUFFIX,POSTMILE_PREFIX,POSTMILE,LOCATION_TYPE,RAMP_INTERSECTION,SIDE_OF_HWY,TOW_AWAY,COLLISION_SEVERITY,NUMBER_KILLED,NUMBER_INJURED,PARTY_COUNT,PRIMARY_COLL_FACTOR,PCF_CODE_OF_VIOL,PCF_VIOL_CATEGORY,PCF_VIOLATION,PCF_VIOL_SUBSECTION,HIT_AND_RUN,TYPE_OF_COLLISION,MVIW,PED_ACTION,ROAD_SURFACE,ROAD_COND_1,ROAD_COND_2,LIGHTING,CONTROL_DEVICE,CHP_ROAD_TYPE,PEDESTRIAN_ACCIDENT,BICYCLE_ACCIDENT,MOTORCYCLE_ACCIDENT,TRUCK_ACCIDENT,NOT_PRIVATE_PROPERTY,ALCOHOL_INVOLVED,STWD_VEHTYPE_AT_FAULT,CHP_VEHTYPE_AT_FAULT,COUNT_SEVERE_INJ,COUNT_VISIBLE_INJ,COUNT_COMPLAINT_PAIN,COUNT_PED_KILLED,COUNT_PED_INJURED,COUNT_BICYCLIST_KILLED,COUNT_BICYCLIST_INJURED,COUNT_MC_KILLED,COUNT_MC_INJURED,PRIMARY_RAMP,SECONDARY_RAMP,LATITUDE,LONGITUDE,COUNTY,CITY,POINT_X,POINT_Y
92274871,2023,2023-12-29,9150,2023-12-27,1017,019107,,3,1,9,2300,0,1,3,,2,041,SR-128,"HULBERT RD",278.00,W,N,B,C,Y,MEN,,128," "," ",40.236,H,,R,Y,2,0,1,1,A,-,08,22107,,N,E,I,A,B,H,-,A,D,0,,,,,Y,,A,01,1,0,0,0,0,0,0,0,0,"- ","- ",38.90740966796875,-123.23407745361328,MENDOCINO,UNINCORPORATED,-123.234130859375,38.907321929931641
92285102,2023,2024-01-11,9150,2023-11-29,"920 ",016680,,3,1,9,2300,0,2,4,,1,023,"NORTH STATE STREET","MOORE STREET",183.00,N,N,A,-,N,,,,,,,,,,Y,1,1,0,1,A,-,08,22107,,N,E,I,A,A,H,-,A,D,0,,,,,Y,,-,"- ",0,0,0,0,0,0,0,0,0,"- ","- ",39.234081268310547,-123.20247650146484,MENDOCINO,UNINCORPORATED,-123.20238494873047,39.234035491943359
92295199,2024,2024-01-23,9150,2024-01-17,1310,023557,,3,1,9,2300,0,1,3,,2,042,SR-128,"MOUNTAIN HOUSE ROAD",528.00,S,N,B,-,Y,MEN,,128," "," ",48.567,H,,R,N,2,0,2,1,A,-,08,22107,,N,F,I,A,B,H,-,A,D,0,,,,,Y,,A,01,1,0,1,0,0,0,0,0,0,"- ","- ",38.875141143798828,-123.10346221923828,MENDOCINO,UNINCORPORATED,-123.10346984863281,38.8751220703125
92296197,2024,2024-01-24,9150,2024-01-18,2100,021890,,4,2,9,2300,0,2,4,,1,023,"2900 NORTH STATE ST.","DRIVEWAY FOR THURSTON AUTO",0.00,,Y,A,-,N,,,,,,,,,,Y,2,0,3,2,A,-,08,22107,,N,D,C,A,A,H,-,C,D,0,,,,,Y,Y,A,07,1,2,0,0,0,0,0,0,0,"- ","- ",39.187099456787109,-123.20999908447266,MENDOCINO,UNINCORPORATED,,
92306944,2024,2024-02-06,9150,2024-01-31,2154,022276,,3,2,9,2300,0,1,3,,2,061,SR-128,SR-1,25238.00,E,N,B,C,Y,,,,,,,,,,Y,2,0,1,1,A,-,03,22350,,N,E,I,A,B,H,-,D,D,0,,,,,Y,,A,08,1,0,0,0,0,0,0,0,0,"- ","- ",39.124408721923828,-123.67598724365234,MENDOCINO,UNINCORPORATED,-123.67524719238281,39.174125671386719
92312504,2024,2024-02-13,9150,2024-02-06,"55  ",022150,,2,3,9,2300,0,3,5,,2,006,"FORT BRAGG-SHERWOOD RD","LOGGING RD",528.00,E,N,A,-,N,,,,,,,,,,Y,2,0,1,1,A,-,08,22107,,N,E,I,A,A,H,-,D,D,0,,,,,Y,,M,96,1,0,0,0,0,0,0,0,0,"- ","- ",39.444961547851562,-123.73870086669922,MENDOCINO,UNINCORPORATED,-123.74925994873047,39.448081970214844
92337304,2024,2024-03-13,9150,2024-03-02,"720 ",021527,,6,1,9,2300,0,1,2,,1,010,US-101,"COMMISKY STATION RD",2112.00,S,N,B,C,Y,MEN,,101," "," ",2.608,H,,R,N,2,0,1,1,A,-,08,22107,,N,F,A,A,B,H,-,A,D,0,,,,,Y,,A,07,1,0,0,0,0,0,0,0,0,"- ","- ",38.881340026855469,-123.05316162109375,MENDOCINO,UNINCORPORATED,-123.05319213867188,38.881305694580078
92346310,2024,2024-03-28,9150,2024-03-09,1012,022276,,6,1,9,2300,0,1,3,,1,064,SR-1,"PACIFIC AVE",736.00,S,N,B,-,Y,MEN,,1," "," ",76.974,H,,R,Y,1,1,0,1,A,-,08,22107,,N,E,8,A,B,H,-,A,D,0,,,,,Y,,A,08,0,0,0,0,0,0,0,0,0,"- ","- ",39.632820129394531,-123.78266143798828,MENDOCINO,UNINCORPORATED,-123.78255462646484,39.632827758789062
92348747,2024,2025-08-27,9150,2024-03-21,1408,019107,,4,2,9,2300,0,1,3,,2,041,SR-128,"128 MEN 12.08",0.00,W,N,A,-,Y,MEN,,128," "," ",12.241,H,,R,Y,1,1,1,1,A,-,08,22107,,N,E,I,A,A,H,-,A,D,0,,,,,Y,,-,"- ",0,1,0,0,0,0,0,0,0,"- ","- ",39.157550811767578,-123.57405090332031,MENDOCINO,UNINCORPORATED,-123.57405853271484,39.157558441162109
92360217,2024,2024-04-09,9150,2024-03-31,1643,023203,,7,2,9,2300,0,1,3,,2,016,"TALMAGE RD","SANFORD RANCH RD",0.00,,Y,A,-,N,,,,,,,,,,N,2,0,1,2,A,-,12,22450,A,N,D,G,A,A,H,-,A,A,0,,Y,,,Y,,L,04,1,0,0,0,0,0,1,0,0,"- ","- ",39.133129119873047,-123.17723083496094,MENDOCINO,UNINCORPORATED,-123.17716979980469,39.133087158203125
92362528,2024,2024-04-11,9150,2024-03-22,1722,018977,,5,2,9,2300,0,1,2,,1,010,US-101,"OLD RIVER RD.",9504.00,S,N,C,-,Y,MEN,,101," "," ",7.359,H,,R,N,2,0,2,2,A,-,05,21460,A,N,A,C,A,B,H,-,A,D,0,,,,,Y,,A,01,1,0,1,0,0,0,0,0,0,"- ","- ",38.940189361572266,-123.07176208496094,MENDOCINO,UNINCORPORATED,-123.07175445556641,38.940200805664062
92363484,2024,2024-10-29,9150,2024-04-03,"130 ",023008,,3,3,9,2300,0,1,2,,2,022,US-101,"EAST HILL RD",1162.00,S,N,E,-,Y,MEN,,101," ",R,44.794,H,,R,Y,2,0,1,2,A,-,02,22400,A,N,C,E,A,A,H,-,D,A,0,,,,Y,Y,,A,08,1,0,0,0,0,0,0,0,0,"- ","- ",39.388431549072266,-123.33486175537109,MENDOCINO,UNINCORPORATED,-123.33486175537109,39.388431549072266
92371987,2024,2024-04-22,9150,2024-04-14,1220,021527,,7,1,9,2300,0,1,3,,1,024,SR-20,"POTTER VALLEY RD",12144.00,E,N,A,-,Y,MEN,,20," ",R,40.414,H,,R,N,2,0,1,1,A,-,03,22350,,N,F,A,A,A,H,-,A,D,0,,,Y,,Y,,C,02,1,0,0,0,0,0,0,0,1,"- ","- ",39.226459503173828,-123.09059906005859,MENDOCINO,UNINCORPORATED,-123.09055328369141,39.226493835449219
92389370,2024,2024-05-14,9150,2024-04-29,"811 ",021804,,1,1,9,2300,0,1,3,,1,013,SR-175,"PRATT RANCH RD",1003.00,E,N,A,-,Y,MEN,,175," "," ",3.390,H,,R,Y,2,0,1,1,A,-,01,23152,F,N,F,A,A,A,H,-,A,D,0,,,,,Y,,D,22,1,0,0,0,0,0,0,0,0,"- ","- ",38.977119445800781,-123.06178283691406,MENDOCINO,UNINCORPORATED,-123.06179809570312,38.977073669433594
92415014,2024,2024-06-14,9150,2024-06-04,1051,019107,,2,1,9,2300,0,3,5,,2,006,"COMPTCHE UKIAH ROAD","STARR RD",366.00,E,N,A,-,N,,,,,,,,,,Y,2,0,1,2,A,-,06,21750,A,N,D,C,A,A,H,-,A,D,0,,,Y,,Y,,C,02,1,0,0,0,0,0,0,0,1,"- ","- ",39.284858703613281,-123.74842834472656,MENDOCINO,UNINCORPORATED,-123.74868011474609,39.284950256347656
92425328,2024,2024-06-27,9150,2024-06-20,1706,023835,,4,2,9,2300,0,1,2,,1,031,"S/B US-101","WATERSHED ROAD",4224.00,N,N,A,-,Y,MEN,,101," "," ",41.640,H,,R,Y,2,0,1,2,A,-,08,22107,,N,E,I,A,A,H,-,A,D,0,,,,,Y,,A,01,1,0,0,0,0,0,0,0,0,"- ","- ",39.348808288574219,-123.32228088378906,MENDOCINO,UNINCORPORATED,-123.32216644287109,39.348827362060547
92435111,2024,2024-07-10,9150,2024-07-07,"125 ",022150,,7,3,9,2300,0,3,5,,2,005,"EUREKA HILL RD","GARCIA RIVER RD",100.00,W,N,A,-,N,,,,,,,,,,Y,2,0,1,1,A,-,01,23152,A,N,E,I,A,A,H,-,D,D,0,,,,,Y,Y,A,07,1,0,0,0,0,0,0,0,0,"- ","- ",38.904960632324219,-123.61305236816406,MENDOCINO,UNINCORPORATED,-123.64298248291016,38.917739868164062
92441967,2024,2024-07-17,9126,2024-06-29,1435,022747,,6,2,9,2300,0,2,4,,2,005,"HENDERSON LANE","CRAWFORD RD",0.00,,Y,A,-,N,,,,,,,,,,Y,2,0,1,2,A,-,12,22450,A,N,A,C,A,A,H,-,A,A,0,,,Y,,Y,,C,02,1,0,0,0,0,0,0,0,1,"- ","- ",39.802711486816406,-123.26236724853516,MENDOCINO,UNINCORPORATED,-123.26228332519531,39.802562713623047
92443835,2024,2024-07-19,9150,2024-07-12,1700,023122,,5,2,9,2300,0,1,2,,1,010,US-101,"HOPLAND CAL FIRE DRIVEWAY",1923.00,N,N,A,-,Y,MEN,,101," "," ",13.607,H,,R,Y,2,0,1,1,A,-,08,22107,,N,E,I,A,A,H,-,A,D,0,,,,,Y,,A,01,1,0,0,0,0,0,0,0,0,"- ","- ",39.008518218994141,-123.12325286865234,MENDOCINO,UNINCORPORATED,-123.12316131591797,39.008556365966797
9261002,2021,2021-07-06,2301,2021-06-16,1439,64,2301,3,5,2,2301,0,0,0,,0,,"CHESTNUT ST","S FRANKLIN ST",0.00,,Y,A,-,N,,,,,,,,,,N,2,0,1,2,A,-,09,21802,A,N,D,C,A,A,H,-,A,A,0,,,Y,,Y,,A,01,1,0,0,0,0,0,0,0,1,"- ","- ",,,MENDOCINO,"FORT BRAGG",-123.80461120605469,39.436370849609375
93051097,2024,2024-07-31,9126,2024-07-21,1315,022751,,7,1,9,2300,0,1,3,,2,010,SR-1,SR-271,27139.00,S,N,A,-,Y,MEN,,1," "," ",100.357,H,,R,Y,2,0,1,1,A,-,08,22107,,N,E,8,A,A,H,-,A,A,0,,,,,Y,,A,01,1,0,0,0,0,0,0,0,0,"- ","- ",39.857009887695312,-123.7628173828125,MENDOCINO,UNINCORPORATED,-123.76280975341797,39.857009887695312
9312230,2021,2021-09-03,2301,2021-08-06,1348,52,2301,5,5,2,2301,0,0,0,,0,001,"MAIN ST","E BUSH ST",144.00,N,N,A,-,Y,MEN,1,1,-,-,61.820,H,-,N,N,2,0,1,2,A,-,03,22350,,N,C,C,A,A,H,-,A,D,0,,,Y,,Y,,C,02,1,0,0,0,0,0,0,0,0,"- ","- ",,,MENDOCINO,"FORT BRAGG",-123.80592346191406,39.449275970458984
9320246,2021,2023-06-17,2301,2021-12-09,2216,57,2301,4,5,2,2301,0,0,0,,0,001,"E PINE ST","N CORRY ST",76.00,W,N,A,-,N,,,,,,,,,,Y,1,1,0,1,A,-,03,22350,A,N,H,I,A,A,H,-,D,A,0,,,Y,,Y,,C,02,0,0,0,0,0,0,0,1,0,"- ","- ",,,MENDOCINO,"FORT BRAGG",-123.79966735839844,39.446762084960938
9322333,2021,2021-09-27,2304,2021-03-06,0823,3505,,6,5,2,2304,0,0,0,,0,001,"RT 20","GREGORY LN",0.00,,Y,B,-,N,,,,,,,,,,Y,2,0,1,2,A,-,01,23152,A,N,F,J,A,B,H,-,A,D,0,,,,,Y,Y,A,01,1,0,0,0,0,0,0,0,0,"- ","- ",,,MENDOCINO,WILLITS,-123.34886932373047,39.394546508789062
93881935,2024,2024-08-08,9126,2024-08-05,2325,021722,,1,3,9,2300,0,2,4,,1,002,"BRICELAND ROAD","USAL RD",7920.00,E,N,A,-,N,,,,,,,,,,Y,2,0,1,1,A,-,01,23152,A,N,F,A,A,A,H,-,D,D,0,,,,,Y,Y,A,07,1,0,0,0,0,0,0,0,0,"- ","- ",39.977420806884766,-123.94168090820312,MENDOCINO,UNINCORPORATED,-123.94186401367188,39.976310729980469
9414462,2022,2022-03-17,2303,2022-01-12,1436,4B110,2303,3,5,3,2303,0,0,0,,0,,"MAIN ST","PERKINS ST",0.00,,Y,A,-,N,,,,,,,,,,N,2,0,1,2,A,-,10,21950,,N,G,B,B,A,H,-,A,A,0,Y,,,,Y,,A,01,1,0,0,0,1,0,0,0,0,"- ","- ",,,MENDOCINO,UKIAH,-123.20667266845703,39.150188446044922
9416678,2022,2022-03-30,2303,2022-01-08,1445,4C16,,6,5,3,2303,0,0,0,,0,002,"S DORA ST","WEST MILL ST",0.00,,Y,A,-,N,,,,,,,,,,N,2,0,1,2,A,-,03,22350,,N,D,G,A,A,H,-,A,A,0,,Y,,,Y,,D,22,1,0,0,0,0,0,1,0,0,"- ","- ",,,MENDOCINO,UKIAH,-123.21128082275391,39.144691467285156
94202208,2024,2024-08-13,9150,2024-08-01,1827,023973,,4,2,9,2300,0,3,5,,2,001,"PHILO GREENWOOD RD","HIGHLAND RANCH RD",3854.00,W,N,A,-,N,,,,,,,,,,Y,2,0,1,1,A,-,01,23152,A,N,E,I,A,A,H,-,A,D,0,,,,,Y,Y,A,07,1,0,0,0,0,0,0,0,0,"- ","- ",39.076938629150391,-123.49537658691406,MENDOCINO,UNINCORPORATED,,
94360906,2024,2024-08-19,9126,2024-07-11,2040,023906,,4,2,9,2300,0,2,4,,1,001,"BRANSCOMB ROAD","MADRONE DR",350.00,E,N,A,-,N,,,,,,,,,,Y,2,0,1,1,A,-,01,23152,A,N,E,I,A,A,H,-,B,D,0,,,,,Y,Y,D,22,1,0,0,0,0,0,0,0,0,"- ","- ",39.684749603271484,-123.49514007568359,MENDOCINO,UNINCORPORATED,-123.49510955810547,39.683708190917969
94389189,2024,2024-09-10,9126,2024-08-28,1416,023915,,3,2,9,2300,0,2,4,,1,001,"BRANSCOMB ROAD","NORTH RD",98.00,W,N,A,-,N,,,,,,,,,,Y,2,0,1,1,A,-,01,23152,F,N,E,I,A,A,H,-,A,D,0,,,,,Y,,A,07,1,0,0,0,0,0,0,0,0,"- ","- ",39.680210113525391,-123.49504852294922,MENDOCINO,UNINCORPORATED,-123.50944519042969,39.673271179199219
9439015,2022,2022-05-26,2303,2022-03-28,2109,4B73,2303,1,5,3,2303,0,0,0,,0,001,"SOUTH STATE ST","OBSERVATORY AV",0.00,,Y,B,-,N,,,,,,,,,,N,2,0,1,2,A,-,10,21950,A,N,G,B,D,B,H,-,C,D,0,Y,,,Y,Y,Y,F,26,1,0,0,0,1,0,0,0,0,"- ","- ",,,MENDOCINO,UKIAH,-123.20561981201172,39.137832641601562
94392991,2024,2024-09-13,9150,2024-08-30,2239,023724,,5,3,9,2300,0,1,2,,2,021,US-101,"MPM 24.06",247.00,S,N,A,-,Y,MEN,,101," ",R,24.010,H,,R,Y,2,0,3,2,A,-,01,23152,A,N,C,C,A,A,H,-,D,D,0,,,,,Y,Y,A,01,1,2,0,0,0,0,0,0,0,"- ","- ",39.144100189208984,-123.1964111328125,MENDOCINO,UNINCORPORATED,-123.19619750976562,39.144107818603516
94393692,2024,2024-09-13,9150,2024-09-03,1710,019107,,2,2,9,2300,0,1,3,,1,065,SR-20,"THREE CHOP RD",8290.00,E,N,A,-,Y,MEN,,20," "," ",11.996,H,,R,Y,2,0,1,1,B,-,22,,,N,F,I,A,A,H,-,A,D,0,,,,,Y,Y,D,22,1,0,0,0,0,0,0,0,0,"- ","- ",39.357089996337891,-123.63150787353516,MENDOCINO,UNINCORPORATED,-123.63149261474609,39.35711669921875
94416230,2024,2024-10-02,9150,2024-09-16,1925,023122,,1,2,9,2300,0,1,2,,1,010,US-101,"COMMINSKY STATION ROAD",774.00,N,N,A,-,Y,MEN,,101," "," ",3.268,H,,R,Y,2,0,1,1,A,-,01,23152,A,N,E,I,A,A,H,-,D,D,0,,,,,Y,Y,A,01,1,0,0,0,0,0,0,0,0,"- ","- ",38.890430450439453,-123.05319213867188,MENDOCINO,UNINCORPORATED,-123.05327606201172,38.890415191650391
94416854,2024,2024-10-02,9150,2024-09-18,1605,023977,,3,2,9,2300,0,1,3,,1,037,SR-20,"MPM 27",230.00,W,N,A,-,Y,MEN,,20," "," ",27.248,H,,R,Y,2,0,1,1,A,-,08,22107,,N,F,A,A,A,H,-,A,D,0,,,,,Y,,A,07,1,0,0,0,0,0,0,0,0,"- ","- ",39.390750885009766,-123.44570159912109,MENDOCINO,UNINCORPORATED,-123.44570159912109,39.390739440917969
94420193,2024,2024-10-04,9150,2024-09-16,1800,023897,,1,2,9,2300,0,3,5,,2,002,"PHILO GREENWOOD RD",SR-128,1003.00,S,N,A,-,N,,,,,,,,,,Y,2,0,1,1,A,-,08,22107,,N,F,A,A,A,H,-,A,D,0,,,,,Y,,-,"- ",1,0,0,0,0,0,0,0,0,"- ","- ",39.087860107421875,-123.47978973388672,MENDOCINO,UNINCORPORATED,-123.47972106933594,39.087966918945312
94426676,2024,2024-10-10,9150,2024-09-07,2349,023122,,6,3,9,2300,0,1,2,,1,010,US-101,"PIETA CREEK",456.00,N,N,A,-,Y,MEN,,101," ",R,6.111,H,,R,Y,2,0,1,1,A,-,01,23152,A,N,E,8,A,A,H,-,D,D,0,,,,,Y,Y,D,22,1,0,0,0,0,0,0,0,0,"- ","- ",38.927711486816406,-123.05612945556641,MENDOCINO,UNINCORPORATED,-123.05640411376953,38.927627563476562
94440073,2024,2024-10-22,9150,2024-08-17,1311,023122,,6,1,9,2300,0,3,5,,2,002,"COMPTCHE UKIAH RD","WARNER LANE",1056.00,E,N,B,-,N,,,,,,,,,,Y,1,1,0,1,A,-,08,22107,,N,E,I,A,A,H,-,A,D,0,,,,,Y,,A,01,0,0,0,0,0,0,0,0,0,"- ","- ",39.293880462646484,-123.77439880371094,MENDOCINO,UNINCORPORATED,-123.76728820800781,39.291244506835938
94443034,2024,2024-10-23,9150,2024-09-29,1955,023897,,7,2,9,2300,0,1,2,,1,012,"US-101 OFF RAMP","S. STATE ST.",50.00,E,N,A,-,Y,MEN,,253," "," ",16.958,H,,R,N,2,0,1,1,A,-,08,22107,,N,E,J,A,A,H,-,D,D,0,,,,,Y,Y,-,"- ",1,0,0,0,0,0,0,0,0,"- ","- ",39.107330322265625,-123.19528961181641,MENDOCINO,UNINCORPORATED,-123.19552612304688,39.107265472412109
94451529,2024,2024-10-30,9126,2024-10-10,"730 ",022747,,4,1,9,2300,0,1,3,,2,050,SR-162,"LAYTONVILLE DOS RIOS RD",13728.00,E,N,A,-,Y,MEN,,162," "," ",17.807,H,,R,Y,2,0,1,1,A,-,01,23152,F,N,E,8,A,A,H,-,A,D,0,,,,,Y,,A,07,1,0,0,0,0,0,0,0,0,"- ","- ",39.709598541259766,-123.31363677978516,MENDOCINO,UNINCORPORATED,-123.31357574462891,39.709590911865234
94474297,2024,2024-11-18,9126,2024-10-18,1230,023855,,5,1,9,2300,0,1,2,,1,077,US-101,"SHAMROCK LN",1801.00,S,N,A,-,Y,MEN,,101," "," ",65.070,H,,R,Y,2,0,2,3,A,-,01,23152,A,N,B,2,A,A,H,-,A,D,0,,,Y,,Y,Y,C,06,1,1,0,0,0,0,0,0,1,"- ","- ",39.629570007324219,-123.46269226074219,MENDOCINO,UNINCORPORATED,-123.46271514892578,39.629566192626953
94480311,2024,2024-11-22,9150,2024-10-22,1419,023109,,2,2,9,2300,0,1,3,,1,037,SR-20,"SR-20 MPM 20.08",72.00,E,N,A,-,Y,MEN,,20," "," ",20.099,H,,R,Y,1,1,1,1,C,-,18,,,N,E,I,A,A,H,-,A,D,0,,,,,Y,,-,"- ",0,0,1,0,0,0,0,0,0,"- ","- ",39.349388122558594,-123.51165008544922,MENDOCINO,UNINCORPORATED,-123.51158905029297,39.349369049072266
94491742,2024,2024-12-04,9150,2024-11-21,"922 ",020886,,4,1,9,2300,0,1,2,,1,010,US-101,"OLD RIVER ROAD",9504.00,S,N,B,C,Y,MEN,,101," "," ",7.400,H,,R,Y,2,0,2,1,A,-,03,22350,,N,E,I,A,B,H,-,A,D,0,,,,,Y,,A,07,1,1,0,0,0,0,0,0,0,"- ","- ",38.940120697021484,-123.07250213623047,MENDOCINO,UNINCORPORATED,-123.07249450683594,38.940254211425781
94499067,2024,2024-12-13,9126,2024-07-14,2255,023906,,7,3,9,2300,0,3,5,,2,555,"VALLEY ROAD","HEARST WILLITS ROAD",2640.00,W,N,A,-,N,,,,,,,,,,Y,1,1,0,2,A,-,01,23152,A,N,B,2,A,A,H,-,D,D,0,,,,,Y,Y,D,22,0,0,0,0,0,0,0,0,0,"- ","- ",39.413131713867188,-123.32008361816406,MENDOCINO,UNINCORPORATED,-123.32668304443359,39.413360595703125
94506880,2024,2024-12-17,9150,2024-12-11,1623,020522,,3,2,9,2300,0,3,5,,2,006,SR-1,"BRUHEL POINT RD",5280.00,S,N,A,-,Y,MEN,,1," "," ",73.497,H,,R,Y,2,0,1,1,A,-,08,22107,,N,F,A,A,A,H,-,A,D,0,,,,Y,Y,,F,27,1,0,0,0,0,0,0,0,0,"- ","- ",39.591609954833984,-123.77938842773438,MENDOCINO,UNINCORPORATED,-123.77937316894531,39.591621398925781
94529764,2024,2025-01-08,9150,2024-11-28,2150,019107,,4,2,9,2300,0,1,3,,1,062,SR-1,"CASPAR CREEK",59.40,S,N,A,-,Y,MEN,,1," ",R,54.695,H,,R,Y,1,1,2,2,A,-,01,23152,A,N,E,8,A,B,H,-,D,D,0,,,,,Y,Y,A,01,1,1,0,0,0,0,0,0,0,"- ","- ",39.358001708984375,-123.80847930908203,MENDOCINO,UNINCORPORATED,-123.80855560302734,39.358001708984375
94554856,2025,2025-01-29,9150,2025-01-23,1748,019107,,4,2,9,2300,0,2,4,,2,014,"OLD RIVER ROAD","RUDDICK CUNNINGHAM RD",167.00,N,N,A,-,N,,,,,,,,,,Y,2,0,1,1,A,-,01,23152,A,N,F,A,A,A,H,-,C,D,0,,,Y,,Y,Y,C,02,1,0,0,0,0,0,0,0,1,"- ","- ",39.113510131835938,-123.15798950195312,MENDOCINO,UNINCORPORATED,-123.16104888916016,39.104198455810547
94578548,2024,2025-02-13,9150,2024-12-18,2140,023985,,3,2,9,2300,0,1,3,,2,061,SR-128,"FLYNN CREEK RD",19536.00,W,N,E,-,Y,MEN,,128," "," ",7.827,H,,R,Y,1,1,0,1,A,-,08,22107,,N,E,I,A,B,H,-,D,D,0,,,,,Y,,A,01,0,0,0,0,0,0,0,0,0,"- ","- ",39.157989501953125,-123.63755035400391,MENDOCINO,UNINCORPORATED,-123.63762664794922,39.157993316650391
94604303,2025,2025-03-18,9126,2025-02-06,1625,023906,,4,2,9,2300,0,1,2,,1,077,US-101,"MPM 101 MEN 53.00",180.00,N,N,C,-,Y,MEN,,101," "," ",52.977,H,,R,Y,2,0,1,1,A,-,08,22107,,N,E,I,A,B,H,-,B,D,0,,,,,Y,,A,01,1,0,0,0,0,0,0,0,0,"- ","- ",39.4906005859375,-123.36306762695312,MENDOCINO,UNINCORPORATED,-123.36307525634766,39.490596771240234
94626455,2025,2025-03-25,9150,2025-02-04,1240,023961,,2,1,9,2300,0,1,2,,1,010,US-101,"OLD RIVER RD",8448.00,S,N,B,C,Y,MEN,,101," "," ",7.456,H,,R,Y,1,1,0,1,A,-,03,22350,,N,E,I,A,B,H,-,A,D,0,,,,,Y,,-,"- ",0,0,0,0,0,0,0,0,0,"- ","- ",38.940090179443359,-123.07350921630859,MENDOCINO,UNINCORPORATED,-123.07353973388672,38.940227508544922
94642778,2025,2025-04-09,9150,2025-02-14,1918,022216,,5,2,9,2300,0,2,4,,1,023,"NORTH STATE STREET","KUNZLER RANCH ROAD",435.00,N,N,A,-,N,,,,,,,,,,Y,1,1,0,2,A,-,14,21201,D,N,C,G,A,A,H,-,D,D,0,,Y,,,Y,,L,04,0,0,0,0,0,1,0,0,0,"- ","- ",39.179180145263672,-123.21000671386719,MENDOCINO,UNINCORPORATED,-123.21005249023438,39.178962707519531
94658224,2025,2025-04-22,9150,2025-04-17,1310,016075,,4,1,9,2300,0,1,3,,1,037,SR-20,"PEPPERWOOD WAY",15312.00,W,N,A,-,Y,MEN,,20," "," ",29.265,H,,R,N,2,0,1,2,A,-,17,22109,,F,E,I,A,A,H,-,A,D,0,,,,Y,Y,,-,99,1,0,0,0,0,0,0,0,0,"- ","- ",39.390350341796875,-123.4107666015625,MENDOCINO,UNINCORPORATED,-123.4107666015625,39.390354156494141
94668454,2025,2025-04-29,9126,2025-04-04,1643,023915,,5,2,9,2300,0,1,3,,2,050,SR-162,"MENDO DRIVE",544.00,E,N,A,-,Y,MEN,,162," "," ",2.293,H,,R,Y,2,0,1,1,A,-,03,22350,,N,E,8,A,A,H,-,A,D,0,,,,,Y,,A,07,1,0,0,0,0,0,0,0,0,"- ","- ",39.567241668701172,-123.39759826660156,MENDOCINO,UNINCORPORATED,-123.39757537841797,39.567214965820312
94669849,2025,2025-04-30,9150,2025-04-22,"520 ",023897,,2,3,9,2300,0,1,3,,1,013,"PRATT RACCH",SR-175,0.00,,Y,A,-,Y,MEN,,175," "," ",3.194,H,,R,Y,2,0,1,1,A,-,01,23152,A,N,E,J,A,A,H,-,B,A,0,,,,,Y,Y,D,22,1,0,0,0,0,0,0,0,0,"- ","- ",38.978519439697266,-123.06472015380859,MENDOCINO,UNINCORPORATED,-123.06471252441406,38.978542327880859
94673685,2025,2025-05-15,9150,2025-04-30,"550 ",020886,,3,3,9,2300,0,2,4,,2,014,"OLD RIVER ROAD","UNIVERSITY RD",5280.00,N,N,A,-,N,,,,,,,,,,Y,2,0,1,1,A,-,08,22107,,N,E,8,A,A,H,-,B,D,0,,,,,Y,,A,01,1,0,0,0,0,0,0,0,0,"- ","- ",38.992778778076172,-123.10346984863281,MENDOCINO,UNINCORPORATED,-123.10338592529297,38.9927978515625