CASE_ID,ACCIDENT_YEAR,PROC_DATE,JURIS,COLLISION_DATE,COLLISION_TIME,OFFICER_ID,REPORTING_DISTRICT,DAY_OF_WEEK,CHP_SHIFT,POPULATION,CNTY_CITY_LOC,SPECIAL_COND,BEAT_TYPE,CHP_BEAT_TYPE,CITY_DIVISION_LAPD,CHP_BEAT_CLASS,BEAT_NUMBER,PRIMARY_RD,SECONDARY_RD,DISTANCE,DIRECTION,INTERSECTION,WEATHER_1,WEATHER_2,STATE_HWY_IND,CALTRANS_COUNTY,CALTRANS_DISTRICT,STATE_ROUTE,ROUTE_SUFFIX,POSTMILE_PREFIX,POSTMILE,LOCATION_TYPE,RAMP_INTERSECTION,SIDE_OF_HWY,TOW_AWAY,COLLISION_SEVERITY,NUMBER_KILLED,NUMBER_INJURED,PARTY_COUNT,PRIMARY_COLL_FACTOR,PCF_CODE_OF_VIOL,PCF_VIOL_CATEGORY,PCF_VIOLATION,PCF_VIOL_SUBSECTION,HIT_AND_RUN,TYPE_OF_COLLISION,MVIW,PED_ACTION,ROAD_SURFACE,ROAD_COND_1,ROAD_COND_2,LIGHTING,CONTROL_DEVICE,CHP_ROAD_TYPE,PEDESTRIAN_ACCIDENT,BICYCLE_ACCIDENT,MOTORCYCLE_ACCIDENT,TRUCK_ACCIDENT,NOT_PRIVATE_PROPERTY,ALCOHOL_INVOLVED,STWD_VEHTYPE_AT_FAULT,CHP_VEHTYPE_AT_FAULT,COUNT_SEVERE_INJ,COUNT_VISIBLE_INJ,COUNT_COMPLAINT_PAIN,COUNT_PED_KILLED,COUNT_PED_INJURED,COUNT_BICYCLIST_KILLED,COUNT_BICYCLIST_INJURED,COUNT_MC_KILLED,COUNT_MC_INJURED,PRIMARY_RAMP,SECONDARY_RAMP,LATITUDE,LONGITUDE,COUNTY,CITY,POINT_X,POINT_Y
94718475,2025,2025-06-09,9150,2025-05-28,"752 ",024415,,3,1,3,2303,0,2,4,,1,023,US-101,"CENTRAL AVENUE OVERCROSSING",112.50,N,N,A,-,Y,MEN,,101," "," ",29.846,H,,R,Y,2,0,2,3,A,-,03,22350,,N,C,2,A,A,H,-,A,D,0,,,,,Y,,A,07,1,1,0,0,0,0,0,0,0,"- ","- ",39.225669860839844,-123.20755767822266,MENDOCINO,UKIAH,-123.20736694335938,39.225681304931641
94719924,2025,2025-06-10,9150,2025-05-29,"657 ",024415,,4,1,3,2303,0,2,4,,1,023,US-101,"MCNAB CREEK",1315.00,S,N,A,-,Y,MEN,,101," "," ",15.664,H,,R,Y,2,0,1,2,A,-,05,21460,,N,B,2,A,A,H,-,A,D,0,,,,,Y,,D,22,1,0,0,0,0,0,0,0,0,"- ","- ",39.034080505371094,-123.14335632324219,MENDOCINO,UKIAH,-123.143310546875,39.034099578857422
94722299,2025,2025-06-11,9126,2025-05-31,1330,023987,,6,1,9,2300,0,3,5,,2,111,"USAL ROAD",SR-1,47520.00,N,N,A,-,N,,,,,,,,,,N,2,0,1,1,A,-,03,22350,,N,E,J,A,A,H,-,A,D,0,,,Y,,Y,,-,"- ",1,0,0,0,0,0,0,0,1,"- ","- ",39.867328643798828,-123.87425231933594,MENDOCINO,UNINCORPORATED,-123.83152770996094,39.780380249023438
94727079,2025,2025-06-16,9150,2025-06-06,1425,023985,,5,2,9,2300,0,1,3,,2,061,SR-128,SR-1,28512.00,E,N,A,-,Y,MEN,,128," "," ",5.587,H,,R,N,2,0,1,1,A,-,08,22107,,N,F,A,A,A,H,-,A,D,0,,,Y,,Y,,C,02,1,0,0,0,0,0,0,0,1,"- ","- ",39.170330047607422,-123.66182708740234,MENDOCINO,UNINCORPORATED,-123.66178894042969,39.170352935791016
94727359,2025,2025-06-16,9150,2025-06-05,2333,023961,,4,3,9,2300,0,1,2,,2,022,US-101,"BLACK BART DR",2112.00,S,N,A,-,Y,MEN,,101," "," ",40.369,H,,R,Y,2,0,2,1,A,-,01,23152,A,N,F,I,A,A,H,-,D,D,0,,,,,Y,Y,D,22,1,1,0,0,0,0,0,0,0,"- ","- ",39.335189819335938,-123.30461120605469,MENDOCINO,UNINCORPORATED,-123.30465698242188,39.335151672363281
94727500,2025,2025-06-23,9150,2025-06-07,1600,023985,,6,2,9,2300,0,3,5,,2,005,"OLD STAGE RD","SCHOONER GULCH RD",1642.00,S,N,A,-,N,,,,,,,,,,Y,2,0,1,1,A,-,08,22107,,N,E,I,A,A,H,-,A,D,0,,,,,Y,,-,"- ",1,0,0,0,0,0,0,0,0,"- ","- ",38.881561279296875,-123.60968780517578,MENDOCINO,UNINCORPORATED,,
94748399,2024,2025-07-07,9150,2024-08-08,"730 ",016075,,4,1,9,2300,0,1,2,,2,022,US101,"S/EDGE HENSLEY CREEK O/C",360.00,N,N,A,-,Y,MEN,,101," "," ",27.062,H,,R,N,1,1,0,2,A,-,03,22350,,F,G,B,E,A,H,-,A,D,0,Y,,,,Y,,A,07,0,0,0,1,0,0,0,0,0,"- ","- ",39.186210632324219,-123.21131896972656,MENDOCINO,UNINCORPORATED,-123.21138000488281,39.186214447021484
9509881,2022,2022-12-07,2303,2022-10-14,1508,4C16,MTSAN,5,5,3,2303,0,0,0,,0,001,"EAST PERKINS ST","RT 101",53.00,E,N,A,-,N,,,,,,,,,,Y,2,0,1,2,A,-,09,21801,,N,D,C,A,A,H,-,A,A,0,,,Y,,Y,,A,01,1,0,0,0,0,0,0,0,1,"- ","- ",,,MENDOCINO,UKIAH,,
9509882,2022,2022-12-07,2303,2022-10-19,1025,4C16,MTSAN,3,5,3,2303,0,0,0,,0,002,"SOUTH STATE ST","OBSERBATORY AV",0.00,,Y,A,-,N,,,,,,,,,,Y,2,0,1,2,A,-,09,21801,,N,D,C,A,A,H,-,A,D,0,,,Y,,Y,,A,01,1,0,0,0,0,0,0,0,1,"- ","- ",,,MENDOCINO,UKIAH,-123.20561981201172,39.137832641601562
9509883,2022,2022-12-07,2303,2022-10-28,1127,4C16,MTSAN,5,5,3,2303,0,0,0,,0,002,"AIRPORT PARK BL","PRO COMMERCE DR",350.00,S,N,A,-,N,,,,,,,,,,N,2,0,1,2,A,-,09,21804,,N,D,G,A,A,H,-,A,D,0,,Y,,,Y,,L,04,1,0,0,0,0,0,1,0,0,"- ","- ",,,MENDOCINO,UKIAH,-123.19874572753906,39.131725311279297
9565746,2023,2023-05-17,2303,2023-04-04,1800,107,2303,2,5,3,2303,0,0,0,,0,,"AIRPORT PARK BL","COMMERCE DR",0.00,,Y,A,-,N,,,,,,,,,,N,2,0,1,2,A,-,10,21950,A,N,G,B,B,A,H,-,A,A,0,Y,,,,Y,,N,60,1,0,0,0,1,0,0,0,0,"- ","- ",,,MENDOCINO,UKIAH,-123.19886779785156,39.132701873779297
9586275,2022,2023-05-23,2304,2022-09-20,0748,3545,,2,5,2,2304,0,0,0,,0,,"SOUTH MAIN ST","SOUTH MAIN ST 845",2.00,S,N,A,-,Y,MEN,1,20,-,L,33.310,H,-,W,N,2,0,1,2,A,-,09,21804,A,N,B,G,A,A,H,-,A,D,0,,Y,,,Y,Y,L,04,1,0,0,0,0,0,1,0,0,"- ","- ",,,MENDOCINO,WILLITS,-123.35037994384766,39.402572631835938
9640807,2023,2024-08-14,2301,2023-09-02,1015,513,2301,6,5,2,2301,0,0,0,,0,001,"RT 1","CYPRESS ST",0.00,,Y,B,-,Y,MEN,1,1,-,-,60.660,H,-,N,Y,1,1,1,4,A,-,07,21658,A,N,B,C,A,A,H,-,A,A,0,,,Y,,Y,,C,02,0,1,0,0,0,0,0,1,0,"- ","- ",,,MENDOCINO,"FORT BRAGG",-123.80614471435547,39.432418823242188
9646838,2023,2024-01-17,2303,2023-10-31,1907,498,2303,2,5,3,2303,0,0,0,,0,002,"SOUTH ORCHARD AV","PLUM ST",74.00,S,N,A,-,N,,,,,,,,,,,2,0,1,2,A,-,10,21950,A,N,G,B,D,A,H,-,C,D,0,Y,,,,Y,,A,01,1,0,0,0,1,0,0,0,0,"- ","- ",,,MENDOCINO,UKIAH,-123.19889068603516,39.148017883300781
9668658,2024,2024-05-01,2301,2024-02-27,1305,511,2301,2,5,2,2301,0,0,0,,0,001,"WALNUT ST","ESPEY WY",0.00,,Y,A,-,N,,,,,,,,,,Y,2,0,1,2,A,-,08,22107,,N,D,C,A,A,H,-,A,D,0,,,Y,,Y,,D,22,1,0,0,0,0,0,0,0,1,"- ","- ",,,MENDOCINO,"FORT BRAGG",-123.80115509033203,39.43450927734375
9669040,2024,2024-05-09,2303,2024-03-01,1825,117,"M7 SA",5,5,3,2303,0,0,0,,0,002,"SOUTH STATE ST","TAIMAGE RD",21.00,N,N,C,-,N,,,,,,,,,,N,2,0,1,2,A,-,11,21950,B,N,G,B,B,B,H,-,C,A,0,Y,,,,Y,,N,60,1,0,0,0,1,0,0,0,0,"- ","- ",,,MENDOCINO,UKIAH,-123.20536041259766,39.136386871337891
9693052,2024,2024-06-21,2303,2024-04-04,1459,98,2303,4,5,3,2303,0,0,0,,0,001,"NORTH ORCHARD AV","N ORCHARD AV 200",0.00,,Y,B,-,N,,,,,,,,,,N,2,0,1,2,A,-,10,21950,A,N,G,B,B,B,H,-,A,D,0,Y,,,,Y,,D,22,1,0,0,0,1,0,0,0,0,"- ","- ",,,MENDOCINO,UKIAH,-123.19906616210938,39.151432037353516
9760734,2024,2024-12-09,2303,2024-06-19,1432,498,2303,3,5,3,2303,0,0,0,,0,002,"SOUTH STATE ST","BEACON LN",290.00,N,N,A,-,N,,,,,,,,,,Y,2,0,2,1,A,-,08,22107,,N,E,-,A,A,H,-,A,D,0,,,,,Y,,A,07,1,1,0,0,0,0,0,0,0,"- ","- ",,,MENDOCINO,UKIAH,-123.20442962646484,39.129795074462891
9810670,2025,2025-06-11,2303,2025-02-28,1740,498,2303,5,5,3,2303,0,0,0,,0,001,"MAGNOLIA ST","ELM ST",30.00,E,N,A,-,N,,,,,,,,,,Y,2,0,1,2,A,-,13,22515,A,M,B,E,A,A,H,-,A,D,0,,,,,Y,,A,01,1,0,0,0,0,0,0,0,0,"- ","- ",,,MENDOCINO,UKIAH,-123.21128082275391,39.161006927490234
9828943,2025,2025-06-17,2303,2025-02-18,1455,4B103,2303,2,5,3,2303,0,0,0,,0,002,"SOUTH STATE ST","WEST GOBBI ST",0.00,,Y,B,-,N,,,,,,,,,,N,2,0,1,2,A,-,10,21950,A,N,G,B,B,A,D,-,A,A,0,Y,,,,Y,,A,08,1,0,0,0,1,0,0,0,0,"- ","- ",,,MENDOCINO,UKIAH,-123.20649719238281,39.143177032470703
9829833,2025,2025-07-23,2303,2025-06-02,1234,4C16,MTSA,1,5,3,2303,0,0,0,,0,,"NORTH STATE ST","MAGNOLIA ST",0.00,,Y,A,-,N,,,,,,,,,,N,2,0,1,2,A,-,09,21804,A,N,D,G,A,A,H,-,A,D,0,,Y,,,Y,,L,04,1,0,0,0,0,0,1,0,0,"- ","- ",,,MENDOCINO,UKIAH,-123.20948791503906,39.161411285400391
6568894,2014,2014-08-23,2303,2014-07-15,1107,480,2303,2,5,3,2303,0,0,0,,0,001,"EAST GOBBI ST","LESLIE ST",92.00,W,N,A,-,N,,,,,,,,,,N,2,0,1,1,A,-,08,22107,,N,H,A,A,A,H,-,A,D,0,,Y,,,Y,,L,04,1,0,0,0,0,0,1,0,0,"- ","- ",,,MENDOCINO,UKIAH,-123.20132167,39.144326720000002
6967132,2015,2016-11-03,9150,2015-06-11,1415,20900,,4,2,9,2300,0,1,3,,1,052,"RT 1","PHILO GREENWOOD RD",0.00,S,N,A,-,Y,MEN,1,1,-,-,33.760,H,-,N,N,2,0,1,1,A,-,03,22350,,N,F,A,A,A,H,-,A,D,0,,,Y,,Y,,C,02,1,0,0,0,0,0,0,0,1,"- ","- ",39.127330000000001,-123.71267,MENDOCINO,UNINCORPORATED,-123.71278791,39.127306679999997
8294786,2017,2017-02-03,2303,2017-01-13,1806,4C7,2303,5,5,3,2303,0,0,0,,0,001,"NORTH ORCHARD AV","CLARA AV",0.00,,Y,A,-,N,,,,,,,,,,N,2,0,1,2,A,-,01,23152,A,N,H,J,A,A,H,-,C,A,0,,,Y,,Y,Y,A,01,1,0,0,0,0,0,0,0,1,"- ","- ",,,MENDOCINO,UKIAH,-123.19902994,39.15567995
8939694,2023,2024-01-17,2303,2023-09-17,1724,498,2303,7,5,3,2303,0,0,0,,0,001,"LIVE OAK AV","CYPRESS AV",127.00,N,N,A,-,N,,,,,,,,,,Y,1,1,1,1,A,-,01,23152,B,N,E,I,A,A,H,-,A,D,0,,,,,Y,Y,A,01,1,0,0,0,0,0,0,0,0,"- ","- ",,,MENDOCINO,UKIAH,-123.22058868408203,39.155033111572266
90251586,2016,2016-08-24,9126,2016-08-16,0750,014469,,2,1,9,2300,0,3,5,,2,555,"COUNTY ROAD 323 (SPYROCK ROAD)","IRON PEAK ROAD",7392.00,N,N,A,-,N,,,,,,,,,,Y,2,0,1,1,A,-,03,22350,,N,E,I,A,A,H,-,A,D,0,,,,,Y,,D,22,1,0,0,0,0,0,0,0,0,"- ","- ",39.831270000000004,-123.51058999999999,MENDOCINO,UNINCORPORATED,-123.51061731999999,39.831267879999999
90352694,2016,2016-12-27,9126,2016-07-16,1457,021314,,6,2,9,2300,0,1,2,,2,011,US-101,"BRIDGES CREEK",1848.00,S,N,A,-,Y,,,101,,,,,,,Y,1,1,0,3,A,-,08,22107,,N,E,I,A,A,H,-,A,D,0,,,Y,Y,Y,,F,26,0,0,0,0,0,0,0,1,0,"- ","- ",39.904409999999999,-123.74938,MENDOCINO,UNINCORPORATED,-123.74946432,39.904430570000002
90356651,2016,2016-12-28,9126,2016-12-14,1630,021331,,3,2,9,2300,0,1,3,,2,050,"SR 162","DOS RIOS ROAD",10560.00,E,N,C,-,Y,,,162,,,,,,,Y,2,0,3,1,A,-,03,22350,,N,E,I,A,B,H,-,B,D,0,,,,,Y,,A,07,1,1,1,0,0,0,0,0,0,"- ","- ",39.71228,-123.31313,MENDOCINO,UNINCORPORATED,-123.31357968,39.712530389999998
90424189,2017,2017-03-30,9126,2017-03-25,0615,021314,,6,1,9,2300,0,1,2,,1,077,US-101,"REYNOLDS HIGHWAY",1056.00,N,N,A,-,Y,,,101,,,,,,,Y,2,0,1,1,A,-,08,22107,,N,E,I,A,B,H,-,B,D,0,,,,,Y,Y,A,01,1,0,0,0,0,0,0,0,0,"- ","- ",39.466389999999997,-123.35336,MENDOCINO,UNINCORPORATED,-123.35338874,39.466338260000001
90472399,2017,2017-06-22,9150,2017-05-01,2150,014435,,1,2,9,2300,0,1,3,,1,051,SR-1,"SCHOONER GULCH RD",1584.00,N,N,A,-,Y,,,1,,,,,,,Y,1,1,1,2,A,-,05,21460,A,N,A,C,A,A,H,-,D,A,0,,,,,Y,Y,A,01,0,0,1,0,0,0,0,0,0,"- ","- ",38.871690000000001,-123.65709,MENDOCINO,UNINCORPORATED,-123.65711168,38.871625600000002
90508319,2017,2017-07-28,9150,2017-07-15,1530,021751,,6,2,3,2303,0,1,3,,2,041,"SR 128 JEO MOUNTAIN HOUSE ROAD","MOUNTAIN HOUSE ROAD",4118.00,E,N,A,-,Y,,,,,,,,,,Y,2,0,1,1,A,-,03,22350,,N,H,J,A,A,H,-,A,D,0,,,Y,,Y,,C,02,1,0,0,0,0,0,0,0,1,"- ","- ",38.86992,-123.09371,MENDOCINO,UKIAH,,
90523932,2017,2018-04-18,9150,2017-08-04,1530,021751,,5,2,9,2300,0,1,3,,1,015,"RT 253","SR 128",5280.00,E,N,A,-,Y,,,253,,,,,,,Y,1,1,0,1,A,-,08,22107,,N,E,J,A,A,H,-,A,D,0,,,,,Y,,A,07,0,0,0,0,0,0,0,0,0,"- ","- ",39.000349999999997,-123.34049,MENDOCINO,UNINCORPORATED,-123.34049069,39.000279200000001
90749758,2018,2018-06-18,9150,2018-05-15,0720,022025,,2,1,9,2300,0,2,4,,2,025,"TOMKI RD","APPALOOSA WAY",3696.00,S,N,B,-,N,,,,,,,,,,Y,2,0,2,1,A,-,08,22107,,N,F,I,A,A,H,-,A,D,0,,,,,Y,,A,01,1,0,1,0,0,0,0,0,0,"- ","- ",39.376621246337891,-123.23082733154297,MENDOCINO,UNINCORPORATED,-123.23007965087891,39.376495361328125
90887377,2018,2019-06-05,9126,2018-11-21,1408,021919,,3,2,9,2300,0,1,2,,2,011,US-101,SR-1,300.00,S,N,B,C,Y,,,101,,,,,,,Y,1,1,4,3,A,-,01,23152,F,N,A,C,A,B,H,-,A,D,0,,,,,Y,,D,22,3,0,1,0,0,0,0,0,0,"- ","- ",39.867759704589844,-123.71354675292969,MENDOCINO,UNINCORPORATED,-123.71359252929688,39.867755889892578
90899943,2018,2019-01-08,9126,2018-09-29,1330,021838,,6,1,9,2300,0,1,2,,1,077,US-101,"REYNOLDS HIGHWAY",2112.00,N,N,B,C,Y,,,101,,,,,,,Y,1,2,0,2,A,-,01,23152,F,N,A,C,A,B,H,-,A,D,0,,,,Y,Y,,D,22,0,0,0,0,0,0,0,0,0,"- ","- ",39.469371795654297,-123.35713958740234,MENDOCINO,UNINCORPORATED,-123.35710144042969,39.469490051269531
90917701,2019,2019-02-01,9150,2019-01-31,1841,022150,,4,2,9,2300,0,1,3,,1,062,SR-1,"COLLING LN",81.00,S,N,A,-,Y,,,1,,,,,,,Y,2,0,1,2,A,-,09,21804,A,N,D,C,A,A,H,-,C,D,0,,,,,Y,,A,07,1,0,0,0,0,0,0,0,0,"- ","- ",39.416130065917969,-123.80821228027344,MENDOCINO,UNINCORPORATED,-123.80818176269531,39.416126251220703
91098945,2019,2019-10-16,9150,2019-07-18,2245,021972,,4,3,9,2300,0,1,3,,1,062,"SR-1 N/B","LITTLE LAKE RD",0.00,,Y,A,-,Y,,,1,,,,,,N,N,1,1,0,2,A,-,11,21954,A,F,G,B,D,A,H,-,C,A,0,Y,,,,Y,,N,60,0,0,0,1,0,0,0,0,0,"- ","- ",39.309501647949219,-123.79579925537109,MENDOCINO,UNINCORPORATED,-123.79585266113281,39.309455871582031
91225389,2020,2020-04-14,9150,2020-04-03,2015,021958,,5,2,9,2300,0,1,2,,2,022,"US-101 S/B","POMO LN OVER CROSSING",116.00,N,N,A,-,Y,,,101,,,,,,S,Y,2,0,1,1,A,-,08,22107,,N,A,I,A,A,H,-,D,D,0,,,,,Y,,A,07,1,0,0,0,0,0,0,0,0,"- ","- ",39.208179473876953,-123.20578765869141,MENDOCINO,UNINCORPORATED,-123.20564270019531,39.208118438720703
91278563,2020,2020-07-31,9150,2020-07-24,0001,022170,,5,3,9,2300,0,1,3,,1,037,SR-20,"BLOSSER LN",15840.00,W,N,A,-,Y,,,20,,,,,,,Y,2,0,3,2,A,-,05,21460,A,N,A,C,A,A,H,-,D,D,0,,,,,Y,,A,07,2,1,0,0,0,0,0,0,0,"- ","- ",39.392551422119141,-123.39952087402344,MENDOCINO,UNINCORPORATED,-123.39952850341797,39.392578125
91290584,2020,2020-08-21,9126,2020-08-12,1423,022420,,3,2,9,2300,0,2,4,,2,005,"LOVELL ST","GREELEY ST",0.00,,Y,A,-,N,,,,,,,,,,Y,2,0,1,2,A,-,12,22450,A,N,D,C,A,A,H,-,A,A,0,,,Y,,Y,,C,06,1,0,0,0,0,0,0,0,1,"- ","- ",39.793418884277344,-123.25243377685547,MENDOCINO,UNINCORPORATED,-123.25247955322266,39.793418884277344
91309041,2020,2020-09-22,9126,2020-08-26,2045,022425,,3,2,9,2300,0,1,2,,1,077,US-101,"UNDERPASS ROAD",5280.00,S,N,A,-,Y,,,101,,,,,,,Y,2,0,1,1,A,-,01,23152,A,N,E,I,A,A,H,-,B,D,0,,,,,Y,Y,A,01,1,0,0,0,0,0,0,0,0,"- ","- ",39.529800415039062,-123.40392303466797,MENDOCINO,UNINCORPORATED,-123.40392303466797,39.529796600341797
91312462,2020,2020-09-25,9126,2020-09-15,0156,022449,,2,3,9,2300,0,1,2,,1,077,US-101,"SHIMMINS RIDGE ROAD",2640.00,N,N,A,-,Y,,,101,,,,,,,Y,2,0,1,1,A,-,08,22107,,N,E,I,A,A,H,-,D,D,0,,,,,Y,,D,22,1,0,0,0,0,0,0,0,0,"- ","- ",39.523059844970703,-123.39759063720703,MENDOCINO,UNINCORPORATED,-123.39753723144531,39.523174285888672
91328966,2020,2020-10-21,9126,2020-10-10,1115,020886,,6,1,9,2300,0,1,2,,1,077,US-101,SR-162,4224.00,S,N,B,-,Y,,,101,,,,,,,Y,2,0,3,2,A,-,03,22350,,N,A,C,A,B,H,-,A,D,0,,,,,Y,,A,01,3,0,0,0,0,0,0,0,0,"- ","- ",39.543048858642578,-123.42201232910156,MENDOCINO,UNINCORPORATED,-123.42205047607422,39.542991638183594
91414255,2020,2021-02-24,9126,2020-11-30,1150,021836,,1,1,9,2300,0,1,2,,2,011,US-101,"ROSEWARNE ROAD",9504.00,S,N,B,-,Y,,,101,,,,,,,Y,2,0,3,1,A,-,08,22107,,F,E,I,A,B,H,-,A,D,0,,,,,Y,,A,08,2,1,0,0,0,0,0,0,0,"- ","- ",39.909549713134766,-123.75763702392578,MENDOCINO,UNINCORPORATED,-123.75761413574219,39.909534454345703
91441285,2021,2021-04-01,9126,2021-01-15,0905,021219,,5,1,9,2300,0,1,2,,2,011,US-101,"BRIDGES CREEK",2112.00,N,N,A,-,Y,,,101,,,,,,,Y,1,1,0,1,A,-,01,23152,F,N,F,A,A,A,H,-,A,D,0,,,,,Y,,A,07,0,0,0,0,0,0,0,0,0,"- ","- ",39.906219482421875,-123.75762939453125,MENDOCINO,UNINCORPORATED,-123.75762939453125,39.906227111816406
91455956,2021,2021-05-27,9150,2021-04-14,1530,021527,,3,2,9,2300,0,1,3,,2,042,SR-128,"CLARK ROAD",20.00,W,N,A,-,Y,,,128,,,,,,,Y,2,0,5,2,A,-,09,21804,A,N,D,C,A,A,H,-,A,D,0,,,,,Y,,D,22,2,3,0,0,0,0,0,0,0,"- ","- ",39.117061614990234,-123.51464080810547,MENDOCINO,UNINCORPORATED,-123.51466369628906,39.117046356201172
91632532,2021,2021-11-22,9126,2021-11-09,1300,022425,,2,1,9,2300,0,3,5,,2,555,"DOS RIOS ROAD","HARMON DRIVE",25872.00,E,N,B,-,N,,,,,,,,,,N,2,0,1,2,A,-,05,21650,,N,A,C,A,B,H,-,A,D,0,,,Y,,Y,,C,02,1,0,0,0,0,0,0,0,1,"- ","- ",39.695098876953125,-123.41400146484375,MENDOCINO,UNINCORPORATED,-123.41489410400391,39.694961547851562
91684057,2021,2022-01-24,9150,2021-09-27,1550,022060,,1,2,9,2300,0,1,3,,1,062,SR-1,"FROG POND RD",4224.00,S,N,C,-,Y,,,1,,,,,,,Y,1,1,0,1,A,-,03,22350,,N,E,I,A,B,H,-,A,D,0,,,,,Y,,D,22,0,0,0,0,0,0,0,0,0,"- ","- ",39.238510131835938,-123.77126312255859,MENDOCINO,UNINCORPORATED,-123.77127838134766,39.238456726074219
91826864,2022,2022-07-28,9150,2022-07-24,1310,022220,,7,1,9,2300,0,1,3,,1,062,SR-1,"OCEAN MEADOWS CIRCLE",1325.00,N,N,B,-,Y,MEN,,1,,,70.632,H,,R,Y,2,0,1,2,A,-,05,21460,A,N,B,C,A,A,H,-,A,D,0,,,Y,,Y,Y,C,02,1,0,0,0,0,0,0,0,1,"- ","- ",39.558158874511719,-123.76564025878906,MENDOCINO,UNINCORPORATED,-123.76571655273438,39.558177947998047
9188293,2020,2020-12-14,2301,2020-11-06,2150,64,2301,5,5,2,2301,0,0,0,,0,,"SOUTH MAIN ST","OAK ST",44.00,S,N,A,-,Y,MEN,1,1,-,-,61.299,I,5,S,Y,2,0,1,1,A,-,01,23152,A,N,E,I,A,A,H,-,C,A,0,,,,,Y,Y,A,01,1,0,0,0,0,0,0,0,0,"- ","- ",,,MENDOCINO,"FORT BRAGG",-123.80602264404297,39.441722869873047
91965018,2022,2023-01-10,9126,2022-12-29,1510,022747,,4,2,9,2300,0,1,2,,1,077,US-101,SR-162,2640.00,N,N,C,-,Y,MEN,,101,,,60.275,H,,R,Y,2,0,2,1,A,-,03,22350,,N,E,I,A,B,H,-,A,D,0,,,,,Y,,D,22,1,1,0,0,0,0,0,0,0,"- ","- ",39.568248748779297,-123.43527221679688,MENDOCINO,UNINCORPORATED,-123.43529510498047,39.568244934082031
92091526,2023,2023-06-12,9150,2023-06-09,1710,023140,,5,2,9,2300,0,1,3,,1,052,SR-1,"MOUNTAIN VIEW RD",2640.00,S,N,B,-,Y,MEN,,1," "," ",18.873,H,,R,Y,2,0,1,1,A,-,08,22107,,N,E,8,A,A,H,-,A,D,0,,,Y,,Y,Y,C,02,1,0,0,0,0,0,0,0,1,"- ","- ",38.948501586914062,-123.69769287109375,MENDOCINO,UNINCORPORATED,-123.6976318359375,38.948444366455078
92324144,2024,2024-02-27,9150,2024-02-19,"920 ",021527,,1,1,9,2300,0,1,3,,2,042,SR-128,"NASH MILL RD",1056.00,W,N,B,C,Y,MEN,,128," "," ",17.754,H,,R,N,2,0,1,1,A,-,08,22107,,N,E,J,A,B,H,-,A,D,0,,,,,Y,,A,07,1,0,0,0,0,0,0,0,0,"- ","- ",39.113819122314453,-123.51013946533203,MENDOCINO,UNINCORPORATED,-123.51016998291016,39.113788604736328
92376569,2024,2024-04-29,9150,2024-04-18,1815,023724,,4,2,9,2300,0,2,4,,1,023,"N. STATE ST","THIRD ST.",257.00,E,N,A,-,N,,,,,,,,,,Y,2,0,1,1,A,-,08,22107,,N,E,I,A,A,H,-,A,D,0,,,Y,,Y,,C,02,1,0,0,0,0,0,0,0,1,"- ","- ",39.235000610351562,-123.20195770263672,MENDOCINO,UNINCORPORATED,-123.20394134521484,39.200168609619141
94430402,2024,2024-10-14,9150,2024-07-29,2500,023203,,1,4,9,2300,0,1,3,,2,042,SR-128,"NASH MILL ROAD",88.00,E,N,A,-,Y,MEN,,128," "," ",18.021,H,,R,Y,1,1,0,1,A,-,08,22107,,N,F,8,A,A,H,-,A,D,0,,,Y,,Y,,C,02,0,0,0,0,0,0,0,1,0,"- ","- ",39.111068725585938,-123.50697326660156,MENDOCINO,UNINCORPORATED,-123.50693511962891,39.111091613769531
94450963,2024,2024-10-30,9150,2024-10-25,1137,016075,,5,1,9,2300,0,3,5,,2,002,"LOW GAP RD.","COMPTCHE UKIAH RD.",23232.00,E,N,A,-,N,,,,,,,,,,N,2,0,1,1,A,-,03,22350,,N,F,A,A,A,A,-,A,D,0,,,Y,,Y,,-,"- ",1,0,0,0,0,0,0,0,1,"- ","- ",39.193340301513672,-123.43341064453125,MENDOCINO,UNINCORPORATED,-123.48039245605469,39.230075836181641
94509283,2024,2024-12-18,9150,2024-12-06,1650,023964,,5,2,9,2300,0,1,S,,2,904,SR-175,"MPM MEN 04.5",1.00,E,N,A,-,Y,MEN,,175," "," ",4.521,H,,R,Y,2,0,2,2,A,-,01,23152,A,N,F,C,A,A,H,-,D,D,0,,,,,Y,Y,D,22,1,1,0,0,0,0,0,0,0,"- ","- ",38.97454833984375,-123.04255676269531,MENDOCINO,UNINCORPORATED,-123.04258728027344,38.974521636962891
9751518,2024,2025-02-25,2303,2024-09-12,1429,498,2303,4,5,3,2303,0,0,0,,0,002,"GREAT REDWOOD TRL","CLEVELAND LN",300.00,S,N,A,-,N,,,,,,,,,,N,1,1,0,1,B,-,22,,,N,E,G,A,A,H,-,A,D,0,,Y,,,Y,,L,04,0,0,0,0,0,1,0,0,0,"- ","- ",,,MENDOCINO,UKIAH,,